seller_id,revenue,freight,orders,items,products,average_item_price,freight_pct,revenue_per_order,revenue_per_item,revenue_share_pct,cumulative_revenue_pct
4869f7a5dfa277a7dca6462dcf3b52b2,229472.63,20168.07,1132,1156,95,198.50573529411764,8.788878220465769,202.7143374558304,198.50573529411764,1.688336120818117,1.688336120818117
53243585a1d6dc2643021fd1853d8905,222776.05,13080.63,358,410,23,543.3562195121951,5.871650027011431,622.279469273743,543.3562195121951,1.639066288943404,3.327402409761521
4a3ca9315b744ce9f8e9374361493884,200472.92,35067.04,1806,1987,399,100.89225968797183,17.492158043091305,111.00383167220377,100.89225968797183,1.4749718608353455,4.802374270596866
fa1c13f2614d7b5c4749cbc52fecda94,194042.03,10042.7,585,586,289,331.12974402730373,5.175528209017397,331.6957777777778,331.12974402730373,1.4276568329995287,6.230031103596395
7c67e1448b00f6e969d365cea6b010ab,187923.89,51612.55,982,1364,198,137.7741129032258,27.464602824047546,191.3685234215886,137.7741129032258,1.3826428513572644,7.612673954953659
7e93a43ef30c4f03f38b393420bc753a,176431.87,6322.18,336,340,186,518.9172647058823,3.58335486666893,525.0948511904762,518.9172647058823,1.2980907526291319,8.910764707582791
da8622b14eb17ae2831f4ac5b9dab84a,160236.57,24955.75,1314,1551,222,103.31177949709866,15.574316150177204,121.9456392694064,103.31177949709866,1.1789344507316653,10.089699158314456
7a67c85e85bb2ce8582c35f2203ad736,141745.53,20902.85,1160,1171,149,121.04656703672075,14.746743689201343,122.1944224137931,121.04656703672075,1.0428873293669403,11.132586487681397
1025f0e2d44d7041d6cf58b6550e0bfa,138968.55,33892.14,915,1428,154,97.31691176470588,24.3883526164733,151.87819672131147,97.31691176470588,1.0224558049590424,12.15504229264044
955fee9216a65b617aa5c0531780ce60,135171.7,25430.98,1287,1499,104,90.17458305537025,18.813834552646743,105.02851592851594,90.17458305537025,0.994520625934301,13.149562918574741
46dc3b2cc0980fb8ec44634e21d2718e,128111.19,11798.5,521,542,189,236.36750922509225,9.209578023590288,245.89479846449137,236.36750922509225,0.942573192968559,14.0921361115433
6560211a19b47992c3666cc44a7e94c0,123304.83,27960.94,1854,2033,256,60.65166256763404,22.67627310300821,66.50745954692557,60.65166256763404,0.9072105826317387,14.99934669417504
620c87c171fb2a6dd6e8bb4dec959fc6,114774.5,14135.21,740,798,129,143.82769423558898,12.315636312944077,155.1006756756757,143.82769423558898,0.8444490050897964,15.843795699264836
7d13fca15225358621be4086e1eb0964,113628.97,8632.05,565,578,57,196.58991349480968,7.596698271576341,201.11322123893805,196.58991349480968,0.836020811816896,16.679816511081732
5dceca129747e92ff8ef7a997dc4f8ca,112155.53,13661.39,325,346,48,324.14893063583816,12.18075470732473,345.09393846153847,324.14893063583816,0.8251800332287993,17.504996544310533
1f50f920176fa81dab994f9023523100,106939.20999999999,35165.770000000004,1404,1931,23,55.380222682547895,32.88388795840179,76.16752849002849,55.380222682547895,0.7868011578319992,18.29179770214253
cc419e0650a3c5ba77189a1882b7556a,104288.42,25668.99,1706,1775,37,58.75403943661972,24.613461398686454,61.13037514654162,58.75403943661972,0.7672980715349387,19.05909577367747
a1043bafd471dff536d0c462352beb48,101901.16,31844.09,718,770,6,132.33916883116885,31.249977919780303,141.92362116991643,132.33916883116885,0.7497338971591787,19.808829670836648
3d871de0142ce09b7081e2b9d1733cb1,94914.2,22433.51,1080,1147,202,82.74995640802092,23.635567702198408,87.88351851851851,82.74995640802092,0.6983276055124958,20.507157276349144
edb1ef5e36e0c8cd84eb3c9b003e486d,79284.55,3905.1,166,175,55,453.0545714285714,4.925423679645025,477.6177710843374,453.0545714285714,0.5833330519104176,21.090490328259563
ccc4bbb5f32a6ab2b7066a4130f114e3,74004.62,5256.98,187,192,12,385.44072916666664,7.103583533028073,395.7466310160428,385.44072916666664,0.5444861683653464,21.63497649662491
f7ba60f8c3f99e7ee4042fdef03b70c4,68395.0,4341.01,219,230,9,297.3695652173913,6.346969807734484,312.30593607305934,297.3695652173913,0.5032136032229861,22.138190099847893
fe2032dab1a61af8794248c8196565c9,65959.61,4721.34,294,306,70,215.55428104575162,7.157925888282238,224.35241496598638,215.55428104575162,0.48529531420839106,22.623485414056283
8581055ce74af1daba164fdbd55a40de,64925.3,9659.0,387,435,32,149.2535632183908,14.877097217879623,167.7656330749354,149.2535632183908,0.47768541784243507,23.101170831898717
cca3071e3e9bb7d12640c9fbe2301306,64009.89,14371.4,712,830,322,77.12034939759036,22.451842988638163,89.9015308988764,77.12034939759036,0.47095032369043044,23.572121155589148
04308b1ee57b6625f47df1d56f00eedf,60130.6,3054.39,94,94,20,639.6872340425532,5.07959341832611,639.6872340425532,639.6872340425532,0.4424085955107843,24.014529751099932
522620dcb18a6b31cd7bdf73665113a9,57168.49,4661.32,174,180,39,317.6027222222222,8.153652475340873,328.55454022988505,317.6027222222222,0.420614984190617,24.43514473529055
17e34d8224d27a541263c4c64b11a56b,56363.24,5239.96,255,268,112,210.31059701492538,9.296768603082436,221.03231372549018,210.31059701492538,0.4146903880359959,24.849835123326546
7ddcbb64b5bc1ef36ca8c151f6ec77df,55578.57,7946.72,334,343,19,162.0366472303207,14.29817283891975,166.40290419161676,162.0366472303207,0.40891720844624546,25.25875233177279
de722cd6dad950a92b7d4f82673f8833,55426.1,9686.65,339,379,7,146.2430079155673,17.476694192808083,163.49882005899704,146.2430079155673,0.4077954162379933,25.66654774801078
37be5a7c751166fbc5f8ccba4119e043,55350.55,6083.33,272,281,9,196.97704626334522,10.990550229401514,203.49466911764708,196.97704626334522,0.4072395599952344,26.073787308006015
218d46b86c1881d022bce9c68a7d4b15,55093.28,7644.26,388,427,143,129.024074941452,13.875122337969351,141.99298969072166,129.024074941452,0.4053467057851141,26.47913401379113
25c5c91f63607446a97b143d2d535d31,54679.22,7000.11,158,269,18,203.26847583643124,12.802139459926456,346.07101265822786,203.26847583643124,0.40230027513155014,26.88143428892268
f5a590cf36251cf1162ea35bef76fe84,53201.78,4239.16,117,122,63,436.0801639344262,7.968079263513364,454.7160683760684,436.0801639344262,0.3914300666960538,27.272864355618733
ceaec5548eefc6e23e6607c5435102e7,52917.18,6331.84,203,211,33,250.7923222748815,11.965565814353676,260.675763546798,250.7923222748815,0.3893361330535761,27.66220048867231
b2ba3715d723d245138f291a6fe42594,51676.88,6496.14,337,363,183,142.36055096418733,12.570689252137516,153.34385756676556,142.36055096418733,0.3802106731211619,28.04241116179347
966cb4760537b1404caedd472cc610a5,51286.05,1649.82,75,75,17,683.8140000000001,3.2168981623657897,683.8140000000001,683.8140000000001,0.3773351563063708,28.41974631809984
e882b2a25a10b9c057cc49695f222c19,51057.54,2856.22,57,58,19,880.3024137931035,5.594119889050667,895.7463157894737,880.3024137931035,0.37565390269905324,28.795400220798893
2bf6a2c1e71bbd29a4ad64e6d3c3629f,50628.9,1000.59,30,31,28,1633.1903225806452,1.976321824096514,1687.63,1633.1903225806452,0.37250020025171793,29.16790042105061
f8db351d8c4c4c22c6835c19a46f01b0,50525.6,12554.2,667,724,146,69.78674033149171,24.84720616875406,75.75052473763118,69.78674033149171,0.3717401744426246,29.539640595493236
17f51e7198701186712e53a39c564617,48019.0,9793.43,56,61,27,787.1967213114754,20.39490618296924,857.4821428571429,787.1967213114754,0.3532979605696991,29.892938556062933
8160255418d5aaa7dbdc9f4c64ebda44,47017.69,7853.81,385,431,57,109.08976798143853,16.70394696123948,122.12387012987014,109.08976798143853,0.3459308604447893,30.238869416507722
77530e9772f57a62c906e1c21538ab82,46610.4,8453.59,320,389,171,119.82107969151672,18.136703396666835,145.6575,119.82107969151672,0.34293423980794907,30.58180365631567
4e922959ae960d389249c378d1c939f5,46030.37,7274.38,420,454,136,101.38848017621146,15.803435862018922,109.59611904761906,101.38848017621146,0.3386666912111594,30.92047034752683
c826c40d7b19f62a09e2d7c5e7295ee2,45643.74,5573.48,354,373,17,122.36927613941018,12.210831101921094,128.9371186440678,122.36927613941018,0.33582207573613776,31.25629242326297
850f4f8af5ea87287ac68de36e29107f,45355.36,3114.41,187,192,42,236.22583333333333,6.866685657439385,242.5420320855615,236.22583333333333,0.3337003308878675,31.58999275415084
b33e7c55446eabf8fe1a42d037ac7d6d,44985.17,2725.07,152,155,34,290.22690322580644,6.05770746225923,295.9550657894737,290.22690322580644,0.330976672085658,31.920969426236496
ba90964cff9b9e0e6f32b23b82465f7b,44212.5,1311.0,38,38,11,1163.4868421052631,2.965224766751484,1163.4868421052631,1163.4868421052631,0.3252917820381062,32.2462612082746
eeb6de78f79159600292e314a77cbd18,43739.84,3055.44,83,84,46,520.712380952381,6.985485086365199,526.9860240963854,520.712380952381,0.32181420412013884,32.56807541239474
4d6d651bd7684af3fffabd5f08d12e5a,43587.4,7898.91,369,395,70,110.34784810126582,18.122003147698646,118.1230352303523,110.34784810126582,0.3206926326357422,32.88876804503048
e9779976487b77c6d4ac45f75ec7afe9,43162.95,10139.71,657,750,133,57.550599999999996,23.49169831997118,65.69703196347031,57.550599999999996,0.31756975795355785,33.20633780298404
c3cfdc648177fdbbbb35635a37472c53,43048.18,6079.63,278,307,111,140.22208469055374,14.122850257548636,154.84956834532375,140.22208469055374,0.3167253420570464,33.523063145041085
b839e41795b7f3ad94cc2014a52f6796,42829.0,920.93,33,36,10,1189.6944444444443,2.150248663288893,1297.8484848484848,1189.6944444444443,0.3151127335687883,33.838175878609874
2eb70248d66e0e3ef83659f71b244378,42628.61,3231.4900000000002,202,212,33,201.07834905660377,7.58056619720887,211.03272277227722,201.07834905660377,0.31363837178868953,34.151814250398566
d91fb3b7d041e83b64a00a3edfb37e4f,40889.74,9290.77,535,536,315,76.28682835820895,22.72151889447084,76.42942056074766,76.28682835820895,0.3008447021017774,34.45265895250034
17a053fcb14bd219540cbde0df490be0,40703.14,8828.43,125,149,87,273.1754362416107,21.6898008360043,325.62512,273.1754362416107,0.2994717997205886,34.75213075222093
391fc6631aebcf3004804e51b40bcf1e,39951.95,10190.88,526,613,131,65.17446982055465,25.507841294354844,75.95427756653991,65.17446982055465,0.29394494795357234,35.0460757001745
834f3294fba9f932f56edc879193f925,39907.5,4299.92,66,66,3,604.6590909090909,10.774716531980204,604.6590909090909,604.6590909090909,0.2936179087743449,35.33969360894884
712e6ed8aa4aa1fa65dab41fed5737e4,39815.0,6889.13,79,87,24,457.64367816091954,17.30285068441542,503.9873417721519,457.64367816091954,0.2929373435532304,35.63263095250207
634964b17796e64304cadf1ad3050fb7,39465.1,5955.43,268,326,28,121.0585889570552,15.090370986010427,147.2578358208955,121.0585889570552,0.29036296765195513,35.92299392015403
7142540dd4c91e2237acb7e911c4eba2,37373.56,6915.6,319,331,266,112.91105740181268,18.503990521641505,117.15849529780563,112.91105740181268,0.27497454189444354,36.19796846204847
ea8482cd71df3c1969d7b9473ff13abc,37177.52,17544.77,1146,1203,220,30.90400665004156,47.19187831786521,32.44111692844677,30.90400665004156,0.2735321850733918,36.471500647121864
c3867b4666c7d76867627c2f7fb22e21,37153.4,5043.78,245,259,98,143.44942084942085,13.575554323426656,151.6465306122449,143.44942084942085,0.27335472309357256,36.74485537021544
7178f9f4dd81dcef02f62acdf8151e01,37070.4,4408.52,203,216,57,171.62222222222223,11.892291423885364,182.6128078817734,171.62222222222223,0.27274405376003197,37.01759942397547
c70c1b0d8ca86052f45a432a38b73958,36537.369999999995,3938.91,261,338,66,108.09872781065087,10.780496789998843,139.98992337164748,108.09872781065087,0.2688223058701869,37.28642172984566
59417c56835dd8e2e72f91f809cd4092,36459.0,1198.77,18,18,9,2025.5,3.2879947338105815,2025.5,2025.5,0.2682457015850114,37.554667431430666
06a2c3af7b3aee5d69171b0e14f0ee87,36408.95,12141.29,392,405,44,89.89864197530864,33.34699297837483,92.87997448979591,89.89864197530864,0.2678774606194245,37.82254489205009
7299e27ed73d2ad986de7f7c77d919fa,34725.43,6855.65,338,361,88,96.1923268698061,19.742448113673465,102.73795857988166,96.1923268698061,0.25549102644590366,38.07803591849599
e9bc59e7b60fc3063eb2290deda4cced,34343.06,4688.5,216,269,42,127.66936802973977,13.651957629867578,158.99564814814815,127.66936802973977,0.25267775375836254,38.330713672254355
dbc22125167c298ef99da25668e1011f,33776.78,8012.38,406,429,101,78.73375291375291,23.721562564578388,83.194039408867,78.73375291375291,0.2485113702620088,38.57922504251636
9c0e69c7bf2619675bbadf47b43f655a,33702.78,2900.18,157,206,69,163.6057281553398,8.605165508601962,214.66738853503185,163.6057281553398,0.24796691808511725,38.82719196060148
76d5af76d0271110f9af36c92573f765,33461.6,4079.96,131,159,82,210.4503144654088,12.192961484208766,255.43206106870227,210.4503144654088,0.2461924454361616,39.07338440603765
1835b56ce799e6a4dc4eddc053f04066,33344.21,8741.95,423,558,147,59.75664874551971,26.21729529654474,78.8279196217494,59.75664874551971,0.24532875298960344,39.31871315902725
5c243662ce92d84573bfaff24c3e3700,32862.02,1775.64,98,100,24,328.62019999999995,5.403319698545617,335.32673469387754,328.62019999999995,0.24178105846020667,39.56049421748745
2528513dd95219a6013d4d05176e391a,32689.1,3749.65,161,167,84,195.74311377245508,11.47064311957197,203.03788819875774,195.74311377245508,0.2405088061571243,39.801003023644576
855668e0971d4dfd7bef1b6a4133b41b,32208.16,7797.2,312,327,73,98.49590214067278,24.208771938539797,103.23128205128205,98.49590214067278,0.2369703084550399,40.03797333209962
70eea00b476a314817cefde4aad4f89a,31994.649999999998,2769.52,108,114,30,280.6548245614035,8.656197207970708,296.24675925925925,280.6548245614035,0.23539941677547063,40.27337274887509
7681ef142fd2c19048da7430856b5588,31941.81,2916.12,59,77,24,414.82870129870133,9.129476382208772,541.3866101694915,414.82870129870133,0.23501064849132267,40.508383397366416
e59aa562b9f8076dd550fcddf0e73491,31574.3,2229.67,70,84,9,375.8845238095238,7.061660907763594,451.06142857142856,375.8845238095238,0.23230670768687084,40.74069010505329
88460e8ebdecbfecb5f9601833981930,31546.550000000003,4996.55,248,302,12,104.4587748344371,15.838657476015602,127.2038306451613,104.4587748344371,0.2321025381205365,40.972792643173825
0241d4d5d36f10f80c644447315af0bd,31397.7,6853.91,238,246,56,127.6329268292683,21.82933781773824,131.9231092436975,127.6329268292683,0.2310073799241809,41.203800023098005
87142160b41353c4e5fca2360caf6f92,31095.98,7218.33,305,339,56,91.72855457227139,23.21306483989249,101.95403278688525,91.72855457227139,0.22878748653483313,41.43258750963284
70a12e78e608ac31179aea7f8422044b,30858.53,5606.91,315,328,121,94.08088414634146,18.169724870238472,97.9635873015873,94.08088414634146,0.2270404572185776,41.65962796685142
53e4c6e0f4312d4d2107a8c9cddf45cd,30148.95,9887.24,473,522,162,57.7566091954023,32.79464127274747,63.73985200845666,57.7566091954023,0.22181974943913516,41.88144771629055
d23019c84ffae2d5ef2270367b8605fc,29205.1,2749.7400000000002,39,39,8,748.8487179487179,9.415273359789902,748.8487179487179,748.8487179487179,0.21487540907211977,42.09632312536267
900ba814c251a692506d7834c1218441,29099.690000000002,2368.25,88,88,7,330.6782954545455,8.138402848965058,330.6782954545455,330.6782954545455,0.21409985901852327,42.3104229843812
1554a68530182680ad5c8b042c3ab563,29052.53,6798.26,247,269,70,108.00197026022305,23.399889785846536,117.62157894736842,108.00197026022305,0.2137528811176826,42.52417586549888
0b90b6df587eb83608a64ea8b390cf07,28592.32,3615.32,164,210,46,136.15390476190476,12.644374433414288,174.34341463414634,136.15390476190476,0.21036690359974636,42.73454276909863
7e1fb0a3ebfb01ffb3a7dae98bf3238d,27349.53,2986.4,159,174,25,157.1812068965517,10.919383258140087,172.00962264150942,157.1812068965517,0.2012231235873259,42.93576589268596
59b22a78efb79a4797979612b885db36,27184.5,4897.57,125,133,67,204.39473684210526,18.01603855138038,217.476,204.39473684210526,0.20000892165823914,43.135774814344195
d1c281d3ae149232351cd8c8cc885f0d,26942.6,5396.46,215,240,115,112.26083333333332,20.02947005856896,125.31441860465115,112.26083333333332,0.19822915163675162,43.33400396598095
b32be1695eb7ec5f10f72d9610a12527,26874.0,2957.02,45,46,14,584.2173913043479,11.003274540448018,597.2,584.2173913043479,0.19772442975384938,43.531728395734795
12b9676b00f60f3b700e83af21824c0e,26774.0,3568.69,135,135,37,198.32592592592593,13.328938522447151,198.32592592592593,198.32592592592593,0.19698868356886073,43.72871707930366
a3a38f4affed601eb87a97788c949667,26533.32,5241.95,254,263,115,100.88714828897338,19.756102892514015,104.46188976377952,100.88714828897338,0.19521788965083006,43.923934968954484
de23c3b98a88888289c6f5cc1209054a,26399.670000000002,2682.14,164,181,93,145.85453038674035,10.159748208973824,160.97359756097563,145.85453038674035,0.19423456487459276,44.118169533829075
9f505651f4a6abe901a56cdc21508025,26361.82,6030.04,397,430,77,61.306558139534886,22.874141466712086,66.40256926952141,61.306558139534886,0.19395608494357452,44.31212561877265
16090f2ca825584b5a147ab24aa30c86,25716.44,5456.67,402,410,37,62.7230243902439,21.218605685701444,63.97124378109452,62.7230243902439,0.1892077262148948,44.50133334498754
a416b6a846a11724393025641d4edd5e,25670.72,2999.8,162,181,113,141.827182320442,11.685687039553235,158.46123456790124,141.827182320442,0.188871343059118,44.69020468804666
b94cc9f10ddc85e4ba73a6f7974e7101,25346.1,1022.39,39,39,7,649.9,4.03371721882262,649.9,649.9,0.18648296379340784,44.87668765184007
c003204e1ab016dfa150abc119207b24,25108.09,4742.8,197,202,11,124.29747524752476,18.889529231415054,127.45223350253808,124.29747524752476,0.18473181429851634,45.06141946613859
001cca7ae9ae17fb1caed9dfb1094831,25080.03,8854.14,200,239,11,104.9373640167364,35.30354628762405,125.40015,104.9373640167364,0.18452536391900853,45.245944830057596
1900267e848ceeba8fa32d80c1a5f5a8,24982.53,8138.06,411,529,127,47.22595463137996,32.57500341238458,60.784744525547445,47.22595463137996,0.1838080113886446,45.42975284144624
1c68394e931a64f90ea236c5ea590300,24832.75,2896.41,142,171,39,145.22076023391813,11.663669951978738,174.87852112676057,145.22076023391813,0.1827060107527686,45.612458852199005
b1b3948701c5c72445495bd161b83a4c,24699.19,486.3,18,18,4,1372.177222222222,1.968890477784899,1372.177222222222,1372.177222222222,0.18172334814809776,45.7941822003471
f62d7bb4a613ec758a03342d46b580b2,24665.0,2125.59,32,32,2,770.78125,8.617839043178593,770.78125,770.78125,0.18147179652745016,45.97565399687455
dc4a0fc896dc34b0d5bfec8438291c80,24180.77,4614.32,231,249,167,97.11152610441768,19.082601587956045,104.678658008658,97.11152610441768,0.17790909277587963,46.153563089650426
b37c4c02bda3161a7546a4e6d222d5b2,24075.0,412.6,4,15,3,1605.0,1.7138110072689512,6018.75,1605.0,0.17713089403601714,46.330693983686444
710e3548e02bc1d2831dfc4f1b5b14d4,23979.11,3875.96,136,142,33,168.86697183098593,16.163902663610116,176.31698529411764,168.86697183098593,0.17642538701923152,46.507119370705674
2b3e4a2a3ea8e01938cabda2a3e5cc79,23629.15,905.95,52,54,13,437.57685185185187,3.834035502758246,454.4067307692308,437.57685185185187,0.17385056967024526,46.68096994037592
1a3df491d1c4f1589fc2b934ada68bf2,23302.7,4291.42,167,178,5,130.91404494382022,18.415977547666152,139.537125748503,130.91404494382022,0.17144872624934981,46.85241866662527
40db9e9aa57f7bb151bcda6b0f9bdbb7,23168.0,655.99,12,12,9,1930.6666666666667,2.831448549723757,1930.6666666666667,1930.6666666666667,0.1704576761381701,47.02287634276344
612170e34b97004b3ba37eae81836b4c,23065.02,2307.06,107,110,48,209.68200000000002,10.002419247848039,215.56093457943925,209.68200000000002,0.16970000471686877,47.192576347480305
897060da8b9a21f655304d50fd935913,23023.92,6863.55,317,430,106,53.544,29.81051879957888,72.63066246056782,53.544,0.1693976130348384,47.361973960515144
8444e55c1f13cd5c179851e5ca5ebd00,22873.21,2078.06,99,109,54,209.8459633027523,9.085126224084858,231.04252525252525,209.8459633027523,0.16828876995944206,47.53026273047458
7b0df942f46435babab05d49b744b2c4,22600.63,672.15,32,32,16,706.2696875,2.9740321398120315,706.2696875,706.2696875,0.16628327300839998,47.696546003482986
7ad32824caee82087b3e2e5f33b1bf32,22505.1,3545.22,151,184,75,122.31032608695651,15.75296266179666,149.04039735099337,122.31032608695651,0.16558041467788032,47.86212641816087
744dac408745240a2c2528fb1b6028f3,22490.6,1894.42,79,84,75,267.74523809523805,8.423163454954514,284.6911392405063,267.74523809523805,0.16547373148105696,48.02760014964193
06e5eefc71ec47ae763c5c6f8db7064f,22188.56,2193.28,92,95,35,233.56378947368424,9.884733394145453,241.18,233.56378947368424,0.1632514837039173,48.190851633345844
f45122a9ab94eb4f3f8953578bc0c560,22078.29,3325.84,187,200,89,110.39145,15.063847788936553,118.0657219251337,110.39145,0.16244017638573027,48.35329180973157
05ff92fedb5be47920fea08e501238b9,21992.78,1815.39,59,62,16,354.7222580645161,8.254481698084554,372.75898305084746,354.7222580645161,0.16181103982294648,48.515102849554516
ff69aa92bb6b1bf9b8b7a51c2ed9cf8b,21940.8,1754.4,20,20,13,1097.04,7.996062130824766,1097.04,1097.04,0.16142859895598938,48.6765314485105
8f2ce03f928b567e3d56181ae20ae952,21712.9,3837.11,153,175,79,124.07371428571429,17.672029070276192,141.91437908496732,124.07371428571429,0.15975183340040028,48.8362832819109
59fb871bf6f4522a87ba567b42dafecf,21708.57,2046.19,126,128,23,169.598203125,9.425724494980555,172.2902380952381,169.598203125,0.15971997559059023,48.99600325750149
d2374cbcbb3ca4ab1086534108cc3ab7,21223.92,9593.88,524,631,111,33.63537242472266,45.203148146054076,40.5036641221374,33.63537242472266,0.15615418170504275,49.15215743920653
48162d548f5b1b11b9d29d1e01f75a61,20510.14,2082.03,68,91,43,225.38615384615383,10.1512227610343,301.61970588235295,225.38615384615383,0.15090257258583079,49.30306001179236
729f06993dac8e860d4f02d7088ca48a,20485.079999999998,4994.57,96,115,17,178.1311304347826,24.38150107297604,213.38625,178.1311304347826,0.1507181945918726,49.453778206384236
00ee68308b45bc5e2660cd833c3f81cc,20260.0,3180.66,135,172,23,117.79069767441861,15.699210266535044,150.07407407407408,117.79069767441861,0.14906217707870018,49.60284038346293
bfd27a966d91cfaafdb25d076585f0da,19921.0,2724.05,117,118,54,168.82203389830508,13.674263340193765,170.26495726495727,168.82203389830508,0.1465679975115887,49.74940838097452
004c9cd9d87a3c30c522c48c4fc07416,19712.71,3551.23,158,170,88,115.95711764705882,18.014925395848667,124.76398734177215,115.95711764705882,0.1450355117828758,49.8944438927574
d650b663c3b5f6fb392b6326366efa9a,19242.9,910.14,60,60,30,320.71500000000003,4.729744477183792,320.71500000000003,320.71500000000003,0.14157890263118067,50.03602279538858
821fb029fc6e495ca4f08a35d51e53a5,19187.42,1552.83,28,29,10,661.635172413793,8.09295882406285,685.265,661.635172413793,0.14117071064774891,50.17719350603633
f457c46070d02cadd8a68551231220dd,19093.0,3714.22,199,234,23,81.59401709401709,19.453307494893416,95.94472361809045,81.59401709401709,0.14047601909988267,50.31766952513622
2a5b78b41cd05baeac8df54c6606b92c,19025.36,1107.47,49,60,23,317.08933333333334,5.821019943906449,388.2726530612245,317.08933333333334,0.13997836038035635,50.45764788551657
dc317f341ab0e22f39acbd9dbf9b4a1f,18988.4,3581.73,55,58,7,327.38620689655176,18.862726717364282,345.24363636363637,327.38620689655176,0.13970642859038454,50.59735431410696
96493fab2fbb13a14d0c0e8772eef5c3,18969.0,1212.23,63,64,54,296.390625,6.390584638093733,301.0952380952381,296.390625,0.13956369383049674,50.736918007937454
44073f8b7e41514de3b7815dd0237f4f,18729.64,3172.29,144,153,77,122.4159477124183,16.937271618675,130.06694444444443,122.4159477124183,0.1378026117621079,50.87472061969956
cd68562d3f44870c08922d380acae552,18569.7,2207.49,125,132,58,140.67954545454546,11.887591075784744,148.5576,140.67954545454546,0.13662585931383706,51.0113464790134
0dd184061fb0eaa7ca37932c68ab91c5,18446.92,5319.5,161,193,11,95.57989637305698,28.836792266676497,114.57714285714285,95.57989637305698,0.13572251014790798,51.147068989161305
527801b552d0077ffd170872eb49683b,17942.8,2062.56,90,92,26,195.0304347826087,11.495195844572754,199.36444444444444,195.0304347826087,0.13201346648014323,51.27908245564145
a888faf2d1baececa6baf9c3d603ee1f,17765.8,1121.52,54,55,19,323.01454545454544,6.3128032511904895,328.9962962962963,323.01454545454544,0.1307111957327133,51.409793651374166
9de4643a8dbde634fe55621059d92273,17560.34,1722.07,72,81,5,216.79432098765432,9.806586888408766,243.8936111111111,216.79432098765432,0.12919953162103565,51.5389931829952
8b321bb669392f5163d04c59e235e066,17535.69,14156.36,943,1018,104,17.225628683693515,80.72884500125174,18.595641569459172,17.225628683693515,0.1290181701864359,51.66801135318163
c72de06d72748d1a0dfb2125be43ba63,17522.0,1211.18,21,22,8,796.4545454545455,6.912338774112545,834.3809523809524,796.4545454545455,0.12891744653371098,51.796928799715346
165fc07beebdcb6190fba8a06db2a449,17481.4,1600.03,50,64,27,273.146875,9.152756644204697,349.62800000000004,273.146875,0.12861873358260562,51.92554753329795
0c8380b62e38e8a1e6adbeba7eb9688c,17348.79,4107.04,182,220,93,78.85813636363636,23.673351282711934,95.32302197802198,78.85813636363636,0.12764306056669217,52.05319059386464
1e8b33f18b4f7598d87f5cbee2282cc2,17309.06,2702.24,123,140,30,123.63614285714287,15.61170855031989,140.72406504065043,123.63614285714287,0.12735074860739617,52.18054134247204
94144541854e298c2d976cb893b81343,17286.28,1429.37,68,76,23,227.45105263157893,8.268812028961698,254.20999999999998,227.45105263157893,0.12718314562645575,52.30772448809849
54a1852d1b8f10312c55e906355666ee,17226.44,3387.96,200,204,47,84.44333333333333,19.66720924346528,86.1322,84.44333333333333,0.12674287510935853,52.43446736320785
abe42c5d03695b4257b5c6cbf4e6784e,17159.0,999.23,50,50,37,343.18,5.823358004545719,343.18,343.18,0.1262466878822022,52.56071405109005
41b39e28db005d9731d9d485a83b4c38,17112.55,3930.36,195,231,132,74.08030303030303,22.967704988444154,87.75666666666666,74.08030303030303,0.12590493377927497,52.68661898486933
4a3ccda38b2129705f3fb522db62ca31,17062.59,1432.34,66,78,45,218.75115384615384,8.394622387339789,258.5240909090909,218.75115384615384,0.12553735498525465,52.81215633985458
76d64c4aca3a7baf218bf93ef7fa768d,16911.8,3543.4900000000002,64,69,37,245.09855072463768,20.952766707269483,264.246875,245.09855072463768,0.12442792331291025,52.93658426316749
c3acdfac4e3e97ff87529454fbc03642,16788.0,269.28000000000003,12,12,9,1399.0,1.6040028591851323,1399.0,1399.0,0.12351706953589432,53.06010133270338
86ccac0b835037332a596a33b6949ee1,16619.93,3968.67,180,210,72,79.14252380952381,23.878981439753353,92.33294444444445,79.14252380952381,0.12228050092278389,53.18238183362617
8ae520247981aa06bc94abddf5f46d34,16320.99,1445.35,65,65,50,251.09215384615385,8.855774067627024,251.09215384615385,251.09215384615385,0.12008106127737882,53.30246289490355
7aa4334be125fcdd2ba64b3180029f14,16234.81,4368.52,217,240,41,67.64504166666667,26.90835310052905,74.8147926267281,67.64504166666667,0.1194469952151556,53.421909890118705
ef0ace09169ac090589d85746e3e036f,16223.300000000001,2315.65,129,140,22,115.88071428571429,14.273606479569509,125.76201550387597,115.88071428571429,0.11936231082926342,53.54127220094797
fa40cc5b934574b62717c68f3d678b6d,16055.87,4530.9,307,340,16,47.22314705882353,28.219585734064857,52.29925081433225,47.22314705882353,0.11813045099173691,53.65940265193971
1f1bb1f0859883505541bdd6606193e5,16040.84,522.03,27,29,24,553.1324137931034,3.254380693280402,594.1051851851852,553.1324137931034,0.11801986834013313,53.77742252027984
0adac9fbd9a2b63cccaac4f8756c1ca8,15960.95,2499.27,110,142,66,112.40105633802817,15.658654403403304,145.09954545454545,112.40105633802817,0.1174320807129457,53.89485460099279
4b9750c8ad28220fe6702d4ecb7c898f,15915.3,3389.8,218,222,34,71.69054054054054,21.29900158966529,73.00596330275229,71.69054054054054,0.11709621257949838,54.011950813572284
2a84855fd20af891be03bc5924d2b453,15819.1,3451.51,164,168,55,94.16130952380952,21.81862432123193,96.45792682926829,94.16130952380952,0.1163884247495393,54.12833923832182
229c3efbfb0ea2058de4ccdfbc3d784a,15744.0,2362.57,121,148,24,106.37837837837837,15.006161077235774,130.11570247933884,106.37837837837837,0.11583587936461281,54.24417511768643
f9244d45189d3a3605499abddeade7d5,15731.43,875.99,21,21,11,749.1157142857143,5.5684066864868615,749.1157142857143,749.1157142857143,0.11574339606915975,54.35991851375559
d921b68bf747894be13a97ae52b0f386,15645.8,1758.01,77,77,46,203.1922077922078,11.23630622914776,203.1922077922078,203.1922077922078,0.11511337661095397,54.475031890366544
6061155addc1e54b4cfb51c1c2a32ad8,15633.4,879.91,28,33,15,473.73939393939395,5.628398173142118,558.3357142857143,473.73939393939395,0.11502214408401537,54.59005403445056
c33847515fa6305ce6feb1e818569f13,15519.85,4374.41,114,128,39,121.248828125,28.18590385860688,136.1390350877193,121.248828125,0.11418670429096077,54.70424073874152
85d9eb9ddc5d00ca9336a2219c97bb13,15415.24,8614.34,509,522,64,29.531111111111112,55.881971347835005,30.285343811394892,29.531111111111112,0.11341704020684414,54.81765777894836
213b25e6f54661939f11710a6fddb871,15379.5,3460.46,155,194,81,79.27577319587628,22.500471406742744,99.22258064516129,79.27577319587628,0.1131540845203292,54.93081186346869
e5a38146df062edaf55c38afa99e42dc,15360.07,1894.52,121,125,27,122.88056,12.334058373431892,126.94272727272727,122.88056,0.1130111290365859,55.04382299250528
c847e075301870dd144a116762eaff9a,15348.7,1112.08,42,43,5,356.946511627907,7.2454344667626565,365.4452380952381,356.946511627907,0.1129274746953527,55.15675046720063
ce248b21cb2adc36282ede306b7660e5,15230.06,2066.89,65,66,37,230.75848484848484,13.571121847189046,234.30861538461536,230.75848484848484,0.11205458542148217,55.26880505262211
79ebd9a61bac3eaf882805ed4ecfa12a,15092.79,4012.35,136,143,115,105.54398601398601,26.584547986157624,110.97639705882354,105.54398601398601,0.11104462663334826,55.379849679255464
75d34ebb1bd0bd7dde40dd507b8169c3,15048.28,1431.23,62,72,18,209.0038888888889,9.51092084942598,242.7141935483871,209.0038888888889,0.1107171460064098,55.49056682526187
e2a1ac9bf33e5549a2a4f834e70df2f8,14999.449999999999,201.11,5,5,1,2999.89,1.3407824953581633,2999.89,2999.89,0.11035788114427984,55.600924706406154
01fdefa7697d26ad920e9e0346d4bd1b,14921.43,2768.64,129,131,21,113.90404580152672,18.55478998996745,115.67,113.90404580152672,0.10978385197075169,55.71070855837691
1b4c3a6f53068f0b6944d2d005c9fc89,14760.300000000001,3031.37,113,117,31,126.15641025641027,20.537319702174074,130.6221238938053,126.15641025641027,0.1085983441428795,55.819306902519784
a5cba26a62b8b4d0145b68b841e62e7f,14737.84,1382.82,54,55,18,267.9607272727273,9.382786079914016,272.92296296296297,267.9607272727273,0.10843309554973103,55.92773999806951
87b740daf17b5d1be335a64164ec6842,14699.87,1482.51,13,13,9,1130.7592307692307,10.085191229582302,1130.7592307692307,1130.7592307692307,0.10815373272329086,56.0358937307928
4c2b230173bb36f9b240f2b8ac11786e,14592.27,4397.57,261,346,20,42.17419075144509,30.136298190754417,55.90908045977012,42.17419075144509,0.10736206982824308,56.14325580062104
080199a181c46c657dc5aa235411be3b,14504.2,1040.68,79,83,40,174.74939759036147,7.175025165124585,183.5974683544304,174.74939759036147,0.10671409816312355,56.249969898784165
8e6d7754bc7e0f22c96d255ebda59eba,14497.27,1715.24,85,130,29,111.51746153846155,11.831468959328205,170.55611764705884,111.51746153846155,0.10666311095250386,56.35663300973667
cf8ab1616079e2793aa29d524df01bb1,14391.0,759.37,9,9,2,1599.0,5.276700715725106,1599.0,1599.0,0.10588123348171641,56.462514243218386
5cf13accae3222c70a9cac40818ae839,14383.2,3019.27,149,156,34,92.2,20.991643027977084,96.53154362416107,92.2,0.1058238452792873,56.568338088497676
a6bd7d1ccdac48c6b33b28596b7eb122,14368.61,678.02,16,16,16,898.038125,4.718758460282518,898.038125,898.038125,0.10571649991089746,56.67405458840857
66922902710d126a0e7d26b0e3805106,14362.3,3218.77,151,156,20,92.06602564102563,22.411243324537157,95.11456953642383,92.06602564102563,0.10567007432662466,56.7797246627352
aba1721a889e04decc910aa13b768ef4,14103.3,1249.17,83,92,76,153.2967391304348,8.857288719661357,169.91927710843373,153.2967391304348,0.10376449170750406,56.8834891544427
f08a5b9dd6767129688d001acafc21e5,14069.630000000001,496.11,11,18,7,781.6461111111112,3.526105519477058,1279.057272727273,781.6461111111112,0.10351676596701839,56.987005920409715
3b15288545f8928d3e65a8f949a28291,14061.789999999999,2451.9,104,121,46,116.21314049586776,17.43661368858446,135.20951923076922,116.21314049586776,0.10345908346611526,57.09046500387583
c6bda72e4dbf5c5866b13cb1810c6d03,14059.380000000001,1136.74,59,59,27,238.29457627118646,8.085278298189536,238.29457627118646,238.29457627118646,0.10344135198305707,57.193906355858886
2e90cb1677d35cfe24eef47d441b7c87,13894.710000000001,2887.4500000000003,127,137,22,101.42124087591242,20.780930296494134,109.40716535433071,101.42124087591242,0.10222979874023624,57.296136154599125
a673821011d0cec28146ea42f5ab767f,13863.69,2626.45,129,146,53,94.95678082191782,18.944811951219336,107.47046511627907,94.95678082191782,0.10200157027365275,57.398137724872775
d94a40fd42351c259927028d163af842,13823.8,3397.14,101,110,17,125.67090909090908,24.57457428492889,136.86930693069306,125.67090909090908,0.10170808112046079,57.49984580599324
05f51e13da97139648b8125c31e5f51b,13769.01,2019.29,60,63,21,218.5557142857143,14.665469775967916,229.4835,218.5557142857143,0.10130496578570551,57.60115077177895
440dd6ab244315c632130ecfb63827b1,13696.9,2096.31,94,95,28,144.1778947368421,15.304996020997452,145.71170212765958,144.1778947368421,0.10077441921171021,57.70192519099066
b8bc237ba3788b23da09c0f1f3a3288c,13685.710000000001,1935.45,45,47,1,291.1853191489362,14.142123426552219,304.1268888888889,291.1853191489362,0.10069208921360998,57.80261728020427
6039e27294dc75811c0d8a39069f52c0,13670.7,2376.4700000000003,64,75,10,182.276,17.38367457408911,213.6046875,182.276,0.10058165371124318,57.90319893391551
1f9ab4708f3056ede07124aad39a2554,13602.73,2440.78,78,79,5,172.18645569620253,17.943309909113832,174.39397435897436,172.18645569620253,0.10008156702930639,58.00328050094482
6d66611d7c44cc30ce351abc49a68421,13593.4,3260.97,166,176,59,77.23522727272727,23.98936248473524,81.88795180722892,77.23522727272727,0.10001292191024694,58.10329342285507
240b9776d844d37535668549a396af32,13592.08,860.57,36,36,11,377.5577777777778,6.331407702132418,377.5577777777778,377.5577777777778,0.10000321006060509,58.203296632915674
610f72e407cdd7caaa2f8167b0163fd8,13585.16,844.29,16,17,16,799.1270588235294,6.214796145205503,849.0725,799.1270588235294,0.09995229642460388,58.30324892934028
289cdb325fb7e7f891c38608bf9e0962,13544.95,2094.34,110,126,25,107.49960317460318,15.462146408809188,123.1359090909091,107.49960317460318,0.09965645288361996,58.4029053822239
0b35c634521043bf4b47e21547b99ab5,13533.65,1475.09,51,78,39,173.50833333333333,10.899424767154462,265.3656862745098,173.50833333333333,0.09957331356471623,58.50247869578862
a3e9a2c700480d9bb01fba070ba80a0e,13440.8,2883.09,130,144,72,93.33888888888889,21.450285697279924,103.39076923076922,93.33888888888889,0.09889017323195426,58.601368869020575
d05ae8f7a5bd1d2a690a44cd079e4e27,13436.0,1159.43,78,81,11,165.87654320987653,8.629279547484371,172.25641025641025,165.87654320987653,0.09885485741507481,58.70022372643565
34d1ca11b242c0fee2c834ae8d788566,13422.24,982.04,40,41,4,327.3717073170732,7.316513488061604,335.556,327.3717073170732,0.09875361874002037,58.79897734517567
1ca7077d890b907f89be8c954a02686a,13341.57,1659.8600000000001,115,137,21,97.38372262773723,12.441264408911398,116.01365217391304,97.38372262773723,0.09816009229259004,58.89713743746826
8cc6a0e5738e61a87b03c78b2ba9db4b,13312.4,525.82,24,26,14,512.0153846153846,3.949851266488387,554.6833333333333,512.0153846153846,0.09794547513042884,58.99508291259869
669ae81880e08f269a64487cfb287169,13248.87,3372.59,162,186,16,71.23048387096775,25.455680371231658,81.78314814814816,71.23048387096775,0.09747805557910556,59.09256096817779
5d378b73ab7dd6f0418d743e5dcb0bd1,13243.0,393.28,7,7,3,1891.857142857143,2.969719851997281,1891.857142857143,1891.857142857143,0.09743486727804672,59.18999583545584
ad97a199236354e53fcd91a5a913e9a2,13205.9,868.8,17,18,8,733.661111111111,6.578877622880682,776.8176470588235,733.661111111111,0.09716190544341592,59.287157740899254
c31eff8334d6b3047ed34bebd4d62c36,13191.5,2394.55,122,123,5,107.2479674796748,18.152219232081265,108.12704918032787,107.2479674796748,0.09705595799277757,59.38421369889203
e8b3a3a38279a82f0e5d006d5e5b7d2c,13154.7,1761.69,87,92,52,142.9858695652174,13.392095600811876,151.2034482758621,142.9858695652174,0.09678520339670175,59.48099890228873
6edacfd9f9074789dad6d62ba7950b9c,13147.1,2940.5,208,219,144,60.032420091324205,22.366149188794488,63.20721153846154,60.032420091324205,0.09672928668664262,59.57772818897538
99eaacc9e6046db1c82b163c5f84869f,13139.17,1135.35,66,70,19,187.70242857142858,8.640956772764184,199.07833333333335,187.70242857142858,0.096670942014173,59.67439913098955
9e6229250fedbe05838fef417b74e7fb,13132.2,1854.45,74,78,25,168.36153846153846,14.121396262621646,177.46216216216217,168.36153846153846,0.09661966050507931,59.771018791494626
431af27f296bc6519d890aa5a05fdb11,13109.5,2141.35,117,125,20,104.876,16.334337694038673,112.04700854700855,104.876,0.09645264612108688,59.86747143761571
d50d79cb34e38265a8649c383dcffd48,13012.42,1932.26,70,70,19,185.8917142857143,14.8493516194528,185.8917142857143,185.8917142857143,0.0957383837246999,59.96320982134041
530ec6109d11eaaf87999465c6afee01,12983.810000000001,2656.4,97,104,30,124.84432692307693,20.459325883542657,133.8537113402062,124.84432692307693,0.09552788674117466,60.05873770808159
6e386f64c84e482f0b9abf960797ee1b,12938.3,625.36,30,30,13,431.27666666666664,4.833401606084261,431.27666666666664,431.27666666666664,0.09519304865238631,60.15393075673397
e24fc9fcd865784fb25705606fe3dfe7,12936.0,1030.71,52,56,22,231.0,7.967764378478664,248.76923076923077,231.0,0.09517612649013157,60.2491068832241
039e6ad9dae79614493083e241147386,12925.0,348.42,5,5,4,2585.0,2.695705996131528,2585.0,2585.0,0.09509519440978283,60.34420207763388
c60b801f2d52c7f7f91de00870882a75,12913.5,739.39,41,41,18,314.9634146341463,5.725713400704689,314.9634146341463,314.9634146341463,0.09501058359850913,60.43921266123239
cfb1a033743668a192316f3c6d1d2671,12803.64,3432.56,147,184,61,69.585,26.809251119212973,87.09959183673469,69.585,0.09420229283968058,60.53341495407207
ac3508719a1d8f5b7614b798f70af136,12775.84,3016.39,103,104,48,122.84461538461538,23.610110959435936,124.03728155339806,122.84461538461538,0.09399775540025376,60.627412709472324
ed4acab38528488b65a9a9c603ff024a,12759.45,610.31,32,40,30,318.98625000000004,4.7831999028171275,398.7328125,318.98625000000004,0.09387716660053412,60.72128987607286
7202e2ba20579a9bd1acb29e61fe71f6,12750.5,1165.66,53,55,19,231.8272727272727,9.142072859887849,240.5754716981132,231.8272727272727,0.09381131731697763,60.815101193389836
2b1a40c1daabc6ca280c4b815c101841,12732.6,1902.28,23,35,20,363.78857142857146,14.940232159967326,553.591304347826,363.78857142857146,0.09367961874986466,60.9087808121397
c66dccfb3f109511246da627dd5a2498,12708.55,973.7,45,45,44,282.4122222222222,7.661771012428642,282.4122222222222,282.4122222222222,0.09350267179237488,61.002283483932075
2e1c9f22be269ef4643f826c9e650a52,12687.68,2434.69,167,173,72,73.33919075144509,19.1894026331055,75.97413173652694,73.33919075144509,0.09334912156356777,61.095632605495645
00fc707aaaad2d31347cf883cd2dfe10,12684.9,2285.09,103,135,19,93.96222222222222,18.014253167151498,123.15436893203884,93.96222222222222,0.09332866781962508,61.18896127331527
b372ee768ed69e46ca8cdbd267aa7a38,12630.0,1183.84,63,69,24,183.04347826086956,9.373238321456848,200.47619047619048,183.04347826086956,0.0929247431640663,61.28188601647934
66e0557ecc2b4dbea057e93f215f68d8,12480.0,497.99,31,31,19,402.5806451612903,3.990304487179487,402.5806451612903,402.5806451612903,0.09182112388658333,61.37370714036592
a7f13822ceb966b076af67121f87b063,12477.64,3117.48,75,86,32,145.0888372093023,24.984532331434472,166.36853333333332,145.0888372093023,0.0918037602766176,61.46551090064254
2138ccb85b11a4ec1e37afbd1c8eda1f,12357.03,6069.22,396,429,160,28.804265734265737,49.1155237140316,31.204621212121214,28.804265734265737,0.0909163768029028,61.556427277445444
056b4ada5bbc2c50cc7842547dda6b51,12333.390000000001,1306.02,65,66,23,186.86954545454546,10.589302697798415,189.74446153846156,186.86954545454546,0.09074244640477148,61.64716972385022
d6b1ce66b035a475f00c017792ff9769,12277.4,2038.48,92,108,18,113.67962962962963,16.603515402283872,133.45,113.67962962962963,0.09033050211579632,61.737500225966016
48436dade18ac8b2bce089ec2a041202,12271.710000000001,2911.93,138,151,23,81.26960264900663,23.728803891226242,88.9254347826087,81.26960264900663,0.09028863815787048,61.82778886412389
c510bc1718f0f2961eaa42a23330681a,12251.0,960.87,13,13,11,942.3846153846154,7.843196473757244,942.3846153846154,942.3846153846154,0.09013626512295933,61.917925129246846
fbc14c0cf93505ef89f64665ffa4a7b5,12227.82,531.11,18,18,16,679.3233333333333,4.3434561516280095,679.3233333333333,679.3233333333333,0.08996571915727897,62.007890848404124
c8b0e2b0a7095e5d8219575d5e7e1181,12170.210000000001,1487.1299999999999,84,85,58,143.1789411764706,12.219427602317461,144.8834523809524,143.1789411764706,0.08954185578010701,62.09743270418423
70c27847eca8195c983ed7e798c56743,12077.52,1451.66,77,98,20,123.24000000000001,12.019520563824361,156.85090909090908,123.24000000000001,0.08885989264124101,62.18629259682547
ff063b022a9a0aab91bad2c9088760b7,12076.5,1984.77,94,96,9,125.796875,16.434977021488013,128.47340425531914,125.796875,0.08885238803015415,62.27514498485562
e26901d5ab434ce92fd9b5c256820a4e,11990.9,2947.98,202,221,16,54.25746606334842,24.585143733998283,59.36089108910891,54.25746606334842,0.08822258929580384,62.363367574151425
701938c450705b8ae65fc923b70f35c7,11983.28,3808.84,75,112,9,106.99357142857143,31.784619903732537,159.77706666666668,106.99357142857143,0.08816652543650773,62.45153409958793
c4f7fee5b0db50e87766f5a4d1b1b758,11961.829999999998,571.77,8,9,5,1329.092222222222,4.779954237771312,1495.2287499999998,1329.092222222222,0.08800870787982763,62.53954280746776
128639473a139ac0f3e5f5ade55873a5,11908.849999999999,9785.6,533,560,66,21.26580357142857,82.17082253953993,22.343058161350843,21.26580357142857,0.08761890955102065,62.62716171701878
d71d863e5ef30d94e440c11be17dcd8f,11900.9,754.75,29,36,7,330.5805555555555,6.341957330958163,410.3758620689655,330.5805555555555,0.08756041772931407,62.714722134748094
8b8cfc8305aa441e4239358c9f6f2485,11892.0,1218.7,15,15,6,792.8,10.248065926673394,792.8,792.8,0.08749493631885008,62.80221707106694
7901646fdd36a55f564ffaf2dbccaaf7,11857.08,621.75,22,27,12,439.1511111111111,5.243702496736128,538.9581818181819,439.1511111111111,0.08723801375105204,62.889455084817996
09f952a5f58d2285b0372551ae8f9b01,11821.5,1524.96,50,56,11,211.09821428571428,12.899885801294253,236.43,211.09821428571428,0.08697623525843308,62.97643132007643
adbc26658d6c7b4b6219f9d934598091,11806.4,1885.85,88,92,9,128.3304347826087,15.973116275918144,134.16363636363636,128.3304347826087,0.08686513758449979,63.06329645766093
0be8ff43f22e456b4e0371b2245e4d01,11805.5,2579.15,161,180,121,65.58611111111111,21.847020456566852,73.32608695652173,65.58611111111111,0.0868585158688349,63.150154973529766
72c5da29406b4234927b81855e7b64f6,11798.69,853.78,31,31,6,380.6029032258065,7.236227072666542,380.6029032258065,380.6029032258065,0.08680841155363718,63.236963385083406
ce7d1888639e6fb06b2749cbfdac1ff7,11793.89,3082.65,78,84,14,140.4034523809524,26.13768654786504,151.20371794871795,140.4034523809524,0.08677309573675772,63.323736480820166
23d7c96d4a1160db1c726b248601b25a,11766.94,1379.58,53,55,40,213.94436363636365,11.724203573741345,222.0177358490566,213.94436363636365,0.08657481213990328,63.41031129296007
d1b65fc7debc3361ea86b5f14c68d2e2,11703.07,1438.73,40,41,30,285.44073170731707,12.293611847147801,292.57675,285.44073170731707,0.08610489105155102,63.496416184011615
bba3293d6f5d5af2f415e004e8b93ae3,11702.1,326.69,17,17,7,688.3588235294118,2.7917211440681586,688.3588235294118,688.3588235294118,0.08609775431355664,63.58251393832517
25e6ffe976bd75618accfe16cefcbd0d,11691.61,1705.24,108,117,54,99.9282905982906,14.585159785521412,108.25564814814815,99.9282905982906,0.08602057453875132,63.66853451286392
c4d51195486dc781531876a7d00453d8,11468.98,569.37,17,17,6,674.6458823529412,4.9644345007141,674.6458823529412,674.6458823529412,0.0843825828071111,63.75291709567103
80e6699fe29150b372a0c8a1ebf7dcc8,11441.56,2713.34,98,100,32,114.4156,23.714773160303317,116.75061224489795,114.4156,0.08418084120318721,63.837097936874216
b4f8921fcc4ff77b66bea6dda43dcd51,11395.05,1468.3600000000001,18,20,16,569.7524999999999,12.885946090627073,633.0583333333333,569.7524999999999,0.08383864565254898,63.920936582526764
cab85505710c7cb9b720bceb52b01cee,11389.1,2906.14,206,209,28,54.4933014354067,25.51685383392893,55.286893203883494,54.4933014354067,0.08379486875454217,64.0047314512813
1d8dbc4f32378d715c717c1c1fc57bae,11315.89,2105.16,92,98,25,115.46826530612245,18.603574265921637,122.99880434782608,115.46826530612245,0.08325622897251198,64.08798768025382
813348c996469b40f2e028d5429d3495,11205.83,3594.6,179,202,4,55.47440594059406,32.07794514105604,62.60240223463687,55.47440594059406,0.08244646672131346,64.17043414697513
6cd68b3ed6d59aaa9fece558ad360c0a,11188.57,2529.89,149,157,54,71.26477707006369,22.611379291544853,75.09107382550336,71.26477707006369,0.08231947692978442,64.25275362390491
5a8e7d5003a1f221f9e1d6e411de7c23,11171.9,2694.29,139,181,69,61.7232044198895,24.116667710953372,80.37338129496402,61.7232044198895,0.08219682804074682,64.33495045194566
ccb83a794700270fde70898fe9ff368b,11062.0,1723.73,12,12,2,921.8333333333334,15.582444404266859,921.8333333333334,921.8333333333334,0.0813882429834443,64.41633869492911
8d956fec2e4337affcb520f56fd8cbfd,11015.19,3327.95,211,228,52,48.312236842105264,30.212370372186044,52.20469194312796,48.312236842105264,0.08104384019425112,64.49738253512336
6973a06f484aacf400ece213dbf3d946,11011.05,1363.57,95,115,13,95.74826086956521,12.383650968799524,115.90578947368421,95.74826086956521,0.08101338030219257,64.57839591542556
95e03ca3d4146e4011985981aeb959b9,11009.960000000001,3233.54,175,193,55,57.046424870466325,29.36922568292709,62.914057142857146,57.046424870466325,0.08100536066877621,64.65940127609434
7ea5bfa6c340f58f8e71fc1f0412b0d6,11002.89,1660.99,98,104,9,105.79701923076922,15.09594297498203,112.27438775510204,105.79701923076922,0.0809533434134975,64.74035461950784
54965bbe3e4f07ae045b90b0b8541f52,10961.300000000001,2203.54,78,86,53,127.45697674418606,20.102907501847405,140.5294871794872,127.45697674418606,0.08064734657516073,64.821001966083
82e0a475a88cc9595229d8029273f045,10930.02,1485.9,42,80,39,136.62525,13.594668628236729,260.23857142857145,136.62525,0.08041720516849629,64.9014191712515
dd2bdf855a9172734fbc3744021ae9b9,10816.7,2037.18,108,113,43,95.72300884955753,18.833655366239242,100.15462962962964,95.72300884955753,0.07958345759166714,64.98100262884317
0ea22c1cfbdc755f86b9b54b39c16043,10711.7,4363.61,237,269,152,39.82044609665428,40.7368578283559,45.197046413502115,39.82044609665428,0.07881092409742907,65.0598135529406
ce27a3cc3c8cc1ea79d11e561e9bebb6,10682.65,2329.22,135,164,40,65.13810975609756,21.80376591950499,79.13074074074073,65.13810975609756,0.07859718983068986,65.13841074277128
c9c7905cffc4ef9ff9f113554423e671,10657.18,2109.53,127,139,22,76.67035971223022,19.794448437579174,83.9148031496063,76.67035971223022,0.07840979527737325,65.21682053804865
bd23da7354813347129d751591d1a6e2,10544.300000000001,1466.83,89,90,9,117.1588888888889,13.911117855144484,118.47528089887642,117.1588888888889,0.07757928498375807,65.2943998230324
f3b80352b986ab4d1057a4b724be19d0,10505.1,2187.63,87,92,4,114.1858695652174,20.82445669246366,120.74827586206897,114.1858695652174,0.07729087247924252,65.37169069551165
f262cbc1c910c83959f849465454ddd3,10482.83,2507.02,192,207,80,50.64169082125604,23.91548847019364,54.598072916666666,50.64169082125604,0.07712702180384555,65.44881771731549
c864036feaab8c1659f65ea4faebe1da,10454.2,1845.57,58,58,29,180.2448275862069,17.653861605861756,180.2448275862069,180.2448275862069,0.07691637767108331,65.52573409498657
b499c00f28f4b7069ff6550af8c1348a,10327.130000000001,2577.95,152,187,68,55.22529411764707,24.962889011758342,67.94164473684211,55.22529411764707,0.07598146499381822,65.60171555998039
ea566164622c6b439516ab18062c42cd,10309.42,858.56,50,52,19,198.2580769230769,8.327917574412528,206.1884,198.2580769230769,0.07585116434445673,65.67756672432485
33a6f4b1e7cdc205511e76ba1b6e0186,10295.01,1888.9,105,126,15,81.70642857142857,18.34772380017115,98.04771428571429,81.70642857142857,0.07574514331919986,65.75331186764404
9d5a9018aee56acb367ba9c3f05d1d6a,10292.310000000001,1689.9,67,79,22,130.28240506329115,16.419054614561745,153.61656716417912,130.28240506329115,0.07572527817220519,65.82903714581624
06532f10282704ef4c69168b914b77be,10220.5,698.24,8,9,8,1135.611111111111,6.8317596986448805,1277.5625,1135.611111111111,0.07519693883676482,65.90423408465301
1c5e4e49b9079480255b49d50aac1aa9,10173.11,889.61,12,12,8,847.7591666666667,8.74472014949214,847.7591666666667,847.7591666666667,0.07484826871969871,65.97908235337272
7b1222c3624aa89b9558b50a2594188c,10103.52,457.57,22,22,9,459.2509090909091,4.528817679383026,459.2509090909091,459.2509090909091,0.07433626294956511,66.05341861632229
5058e8c1e82653974541e83690655b4a,10022.82,3055.11,63,78,31,128.4976923076923,30.48154112315696,159.09238095238095,128.4976923076923,0.07374251577827926,66.12716113210057
0df3984f9dfb3d49ac6366acbd3bbb85,10021.49,1498.72,87,89,25,112.60101123595506,14.955061572680311,115.18954022988505,112.60101123595506,0.07373273035401892,66.20089386245459
5343d0649eca2a983820bfe93fc4d17e,10000.64,2392.59,71,111,48,90.09585585585585,23.924368840394216,140.85408450704224,90.09585585585585,0.07357932727444878,66.27447318972904
054694fa03fe82cec4b7551487331d74,9983.1,720.65,21,22,15,453.77727272727276,7.218699602327934,475.3857142857143,453.77727272727276,0.07345027739360177,66.34792346712264
9d4db00d65d7760644ac0c14edb5fd86,9979.7,1533.11,98,100,41,99.79700000000001,15.362285439442067,101.83367346938776,99.79700000000001,0.07342526202331216,66.42134872914595
961dff0a659b4561334372337dd897d9,9946.0,136.56,4,4,3,2486.5,1.3730142770963203,2486.5,2486.5,0.07317731555897099,66.49452604470491
5882820ef11c4c068eea0677a7a879b4,9925.5,739.31,14,14,6,708.9642857142857,7.448592010478061,708.9642857142857,708.9642857142857,0.07302648759104831,66.56755253229596
4830e40640734fc1c52cd21127c341d4,9843.47,3126.55,210,219,54,44.94735159817351,31.762681249599993,46.873666666666665,44.94735159817351,0.07242295499550211,66.63997548729147
ef506c96320abeedfb894c34db06f478,9771.43,5197.0,324,340,116,28.7395,53.1856647389379,30.158734567901234,28.7395,0.0718929234438363,66.7118684107353
17ca9b9e9b9ef8fdb529001b49ebb50f,9754.83,2365.89,116,129,46,75.61883720930233,24.253523639058805,84.09336206896552,75.61883720930233,0.07177078957712818,66.78363920031244
7040e82f899a04d1b434b795a43b4617,9738.2,3217.78,212,228,60,42.71140350877193,33.04286213057855,45.93490566037736,42.71140350877193,0.07164843498656458,66.855287635299
ca3bd7cd9f149df75950150d010fe4a2,9731.85,3439.52,71,138,51,70.52065217391305,35.34292041081603,137.06830985915494,70.52065217391305,0.0716017151038178,66.92688935040283
7b07b3c7487f0ea825fc6df75abd658b,9731.85,1342.79,93,98,65,99.3045918367347,13.797890431932263,104.64354838709677,99.3045918367347,0.0716017151038178,66.99849106550666
01cf7e3d21494c41fb86034f2e714fa1,9729.36,2008.82,61,67,21,145.21432835820897,20.64699014118092,159.4977049180328,145.21432835820897,0.07158339502381157,67.07007446053046
17306570e772e7718c92a562d33f5f1d,9669.8,930.83,29,32,21,302.18125,9.626155659889553,333.4413793103448,302.18125,0.07114518459603232,67.1412196451265
e96498ed8daaa3e9c23f7a62da76591c,9619.09,713.1,34,34,23,282.9144117647059,7.413383178658273,282.9144117647059,282.9144117647059,0.07077208770562458,67.21199173283212
31344c16881c08a8a72c6d2eb29918c1,9615.7,2296.92,43,43,10,223.62093023255815,23.887184500348386,223.62093023255815,223.62093023255815,0.07074714590995348,67.28273887874207
e7df4cd29ab5abab70fb0783ddb53987,9608.699999999999,413.37,23,24,21,400.36249999999995,4.30203877735802,417.76956521739123,400.36249999999995,0.07069564367700426,67.35343452241906
73a63f72308aa20a46f4b1632018f196,9606.8,1178.99,29,41,17,234.3121951219512,12.27245284590082,331.2689655172413,234.3121951219512,0.07068166449948948,67.42411618691855
b2ac621f0d0322434d04a12b078b9369,9575.5,781.39,30,30,13,319.18333333333334,8.160304944911493,319.18333333333334,319.18333333333334,0.07045137594358804,67.49456756286214
1c129092bf23f28a5930387c980c0dfc,9553.619999999999,3035.67,201,220,15,43.42554545454545,31.77507583512847,47.530447761194026,43.42554545454545,0.07029039467831251,67.56485795754045
36a968b544695394e4e9d7572688598f,9482.87,2146.0,154,162,43,58.53623456790124,22.630279651624456,61.577077922077926,58.53623456790124,0.06976985425243305,67.63462781179288
3db66a856d18a9cba7c9241fc5221c50,9478.300000000001,2044.36,94,97,38,97.71443298969074,21.568846734118985,100.83297872340427,97.71443298969074,0.06973623065177909,67.70436404244467
270297ead4c65a6cd2593960d2af6b21,9422.4,546.1,18,20,12,471.12,5.795763287485142,523.4666666666667,471.12,0.06932494853437042,67.77368899097904
81a1104df0f08b59c68aa5b03cfe398e,9420.880000000001,1814.3899999999999,73,73,17,129.05315068493152,19.259241174922085,129.05315068493152,129.05315068493152,0.0693137651923586,67.8430027561714
066a6914e1ebf3ea95a216c73a986b91,9410.380000000001,1705.57,68,74,44,127.16729729729731,18.124347794669287,138.3879411764706,127.16729729729731,0.06923651184293479,67.91223926801433
cb8bcce248bb1fb274ba762d8b971456,9402.2,1232.82,68,69,5,136.26376811594204,13.112037608219351,138.26764705882354,136.26376811594204,0.06917632780500271,67.98141559581933
a00824eb9093d40e589b940ec45c4eb0,9399.97,379.49,3,3,1,3133.3233333333333,4.037140544065567,3133.3233333333333,3133.3233333333333,0.06915992066507747,68.0505755164844
5b8154610ebb21fb90eb587365e673df,9397.54,1077.44,38,41,17,229.20829268292684,11.46512810799422,247.30368421052634,229.20829268292684,0.06914204203278225,68.11971755851718
3c487ae8f8d7542beff5788e2e0aea83,9385.699999999999,719.65,30,33,11,284.4151515151515,7.667515475670436,312.8566666666666,284.4151515151515,0.06905492968447957,68.18877248820166
aaed1309374718fdd995ee4c58c9dfcd,9376.95,2331.07,105,112,54,83.72276785714287,24.85957587488469,89.30428571428573,83.72276785714287,0.06899055189329308,68.25776304009496
8b28d096634035667e8263d57ba3368c,9375.7,2591.45,143,155,49,60.4883870967742,27.640069541474233,65.56433566433567,60.4883870967742,0.06898135506598072,68.32674439516094
05feb94f19d094d4b0f9281f0b1d4c99,9353.0,697.04,6,6,2,1558.8333333333333,7.452582059232331,1558.8333333333333,1558.8333333333333,0.06881434068198829,68.39555873584293
048c2757535328e0d7dac690ad3c0aae,9264.78,1286.28,51,51,20,181.6623529411765,13.883546074488546,181.6623529411765,181.6623529411765,0.06816526539759132,68.46372400124052
aafe36600ce604f205b86b5084d3d767,9251.4,2421.8,129,131,30,70.62137404580153,26.177659597466334,71.71627906976744,70.62137404580153,0.06806682255803982,68.53179082379856
624f4ece8da4aafb77699233d480f8ef,9205.0,1722.37,53,55,9,167.36363636363637,18.71124388919066,173.67924528301887,167.36363636363637,0.0677254363282051,68.59951626012676
dd7ddc04e1b6c2c614352b383efe2d36,9178.51,2893.4900000000002,122,143,41,64.18538461538462,31.524615651124204,75.23368852459016,64.18538461538462,0.0675305371638016,68.66704679729057
4e7c18b98d84e05cbae3ff0ff03846c2,9177.9,2875.98,82,89,31,103.12247191011235,31.33592651913837,111.92560975609756,103.12247191011235,0.06752604911207316,68.73457284640264
6c12e40690c335dbc2f68a4134d30dc1,9139.2,485.06,16,18,12,507.73333333333335,5.3074667366946775,571.2,507.73333333333335,0.06724131533848257,68.80181416174112
f80edd2c5aaa505cc4b0a3b219abf4b8,9108.2,3000.74,119,128,23,71.1578125,32.94547770141191,76.53949579831934,71.1578125,0.06701323402113608,68.86882739576225
8e8a7ce9f2f970dc00e2acf6f6e199f6,9101.0,1183.82,65,66,6,137.8939393939394,13.007581584441269,140.01538461538462,137.8939393939394,0.0669602602958169,68.93578765605807
0db783cfcd3b73998abc6e10e59a102f,9077.4,1999.1499999999999,132,137,14,66.25839416058393,22.023376737832418,68.76818181818182,66.25839416058393,0.06678662419615958,69.00257428025422
06df0c10d34e459d9672bc77388742eb,9070.0,525.77,26,30,1,302.3333333333333,5.796802646085998,348.84615384615387,302.3333333333333,0.06673217897847042,69.06930645923269
fffd5413c0700ac820c7069d66d98c89,9062.3,2833.74,60,61,29,148.5622950819672,31.269545258929853,151.03833333333333,148.5622950819672,0.06667552652222629,69.13598198575492
9b013e03b2ab786505a1d3b5c0756754,9027.4,2604.21,174,225,57,40.12177777777777,28.847841017347186,51.8816091954023,40.12177777777777,0.06641875110366526,69.20240073685859
5f2684dab12e59f83bef73ae57724e45,9000.87,1122.19,68,74,29,121.6333783783784,12.467572579095132,132.36573529411766,121.6333783783784,0.06622355764078777,69.26862429449938
403aa86912527d730337ffcb0fb096ab,8959.89,204.62,11,11,6,814.5354545454545,2.283733394048365,814.5354545454545,814.5354545454545,0.0659220488541794,69.33454634335355
f27e33c6d29b5138fa9967bcd445b6d5,8888.3,1593.95,93,98,22,90.69693877551019,17.933125569568986,95.57311827956988,90.69693877551019,0.06539532816034603,69.3999416715139
32b8764b4ef628b53608fc34011fcc13,8884.0,2970.42,36,38,11,233.78947368421052,33.43561458802341,246.77777777777777,233.78947368421052,0.06536369107439154,69.4653053625883
d03698c2efd04a549382afa6623e27fb,8865.47,779.15,18,21,14,422.16523809523807,8.788592144578912,492.52611111111105,422.16523809523807,0.06522735730631313,69.53053271989461
2089a6d640999f9b9141ac719b2af596,8830.82,695.12,44,44,25,200.70045454545453,7.8715226898521315,200.70045454545453,200.70045454545453,0.06497242125321458,69.59550514114783
1da3aeb70d7989d1e6d9b0e887f97c23,8823.52,4231.84,265,328,155,26.9009756097561,47.96090449163145,33.296301886792456,26.9009756097561,0.06491871178171041,69.66042385292954
a49928bcdf77c55c6d6e05e09a9b4ca5,8816.7,1757.55,98,106,3,83.17641509433963,19.93432917077818,89.96632653061225,83.17641509433963,0.06486853389189418,69.72529238682144
562fc2f2c2863ab7e79a9e4388a58a14,8814.199999999999,4305.14,260,270,36,32.645185185185184,48.84323024210933,33.90076923076923,32.645185185185184,0.06485014023726945,69.7901425270587
af4a0e4cfe1d9c26b6712b1be25a72e5,8757.98,593.62,21,26,17,336.8453846153846,6.778046992571348,417.0466666666666,336.8453846153846,0.06443650373206884,69.85457903079077
18a349e75d307f4b4cc646a691ed4216,8711.53,2198.03,121,148,42,58.86168918918919,25.23127395532128,71.99611570247934,58.86168918918919,0.06409474962914162,69.91867378041991
6d803cb79cc31c41c4c789a75933b3c7,8711.4,1213.67,58,66,17,131.9909090909091,13.93197419473334,150.19655172413792,131.9909090909091,0.06409379315910112,69.98276757357901
6c7d50c24b3ccd2fd83b44d8bb34e073,8699.34,2770.85,114,128,12,67.96359375,31.851266877717162,76.31,67.96359375,0.0640050621691915,70.0467726357482
b1a81260566c1bac3114a6d124413f27,8684.69,1565.51,51,54,26,160.8275925925926,18.026089589841433,170.2880392156863,160.8275925925926,0.06389727535309066,70.11066991110128
9596c870880d900012f2e8e6e30d06d7,8606.25,2009.08,22,24,11,358.59375,23.344429920116195,391.1931818181818,358.59375,0.06332015604558557,70.17399006714687
db2956745b3a8e9f3785c99f34b5d25e,8599.0,975.27,47,48,6,179.14583333333334,11.341667635771602,182.95744680851064,179.14583333333334,0.06326681444717389,70.23725688159405
259f7b5e6e482c230e5bfaa670b6bb8f,8526.04,2739.21,138,165,24,51.6729696969697,32.12757622530506,61.782898550724646,51.6729696969697,0.06273001403060617,70.29998689562466
93dc87703c046b603023e75222018b45,8517.35,688.9399999999999,35,36,26,236.59305555555557,8.088666075716038,243.35285714285715,236.59305555555557,0.06266607768713066,70.36265297331178
cbd996ad3c1b7dc71fd0e5f5df9087e2,8411.04,2873.92,165,196,13,42.91346938775511,34.16842625882174,50.976000000000006,42.91346938775511,0.06188390591786923,70.42453687922965
b18dc380845b24038cfc48006478f099,8353.3,895.63,44,54,12,154.69074074074072,10.721870398525136,189.84772727272727,154.69074074074072,0.06145908607065677,70.4859959653003
6c177e38df6d3f34182b1f1d427231bf,8341.89,1034.64,55,56,20,148.9623214285714,12.402944656426783,151.67072727272725,148.9623214285714,0.061375137430949564,70.54737110273125
7d456afc660226829370f3173d14520c,8338.25,1519.6200000000001,56,91,22,91.62912087912088,18.224687434413696,148.89732142857142,91.62912087912088,0.06134835626981598,70.60871945900107
fcb5ace8bcc92f75707dc0f01a27d269,8318.63,954.7,62,73,43,113.95383561643834,11.476649400201717,134.1714516129032,113.95383561643834,0.06120400286832121,70.66992346186939
784ba75dd9d20200c4caed3d7a77141a,8295.13,629.8199999999999,21,24,11,345.63041666666663,7.592647734273002,395.00619047619045,345.63041666666663,0.061031102514848876,70.73095456438423
3078096983cf766a32a06257648502d1,8285.42,1415.48,59,64,39,129.4596875,17.083986086402376,140.43084745762712,129.4596875,0.06095966156028648,70.79191422594452
26d8a1c7c75d513045798992ead43aa2,8244.12,701.66,36,38,21,216.9505263157895,8.51103574426379,229.00333333333336,216.9505263157895,0.060655798385886174,70.8525700243304
b92e3c8f9738272ff7c59e111e108d7c,8231.09,2414.21,62,70,36,117.587,29.330380302001313,132.75951612903225,117.587,0.06055993065798215,70.91312995498839
4371b634e0efc0e22b09b52907d9d469,8194.0,1484.79,102,112,40,73.16071428571429,18.12045399072492,80.33333333333333,73.16071428571429,0.06028704239796986,70.97341699738637
397c4d0c005b6f41f90098ac724e28cb,8177.0,445.37,5,5,4,1635.4,5.4466185642656235,1635.4,1635.4,0.060161965546521784,71.03357896293289
67883baaae6134ee81b271a542613728,8167.9,328.12,19,19,16,429.8894736842105,4.017189240808531,429.8894736842105,429.8894736842105,0.060095012643687815,71.09367397557658
86bb7c4b535e49a541baf3266b1c95b1,8162.4,324.82,16,16,5,510.15,3.9794668234832895,510.15,510.15,0.06005454660351345,71.15372852218009
fdb9095204a334cd8872252ffec6f2db,8156.0,1133.37,46,61,14,133.70491803278688,13.896150073565472,177.30434782608697,133.70491803278688,0.060007458847674174,71.21373598102777
52d76513f0c4d97f3b99570e2c94ee31,8153.1,889.26,19,28,15,291.1821428571429,10.907016962873017,429.1105263157895,291.1821428571429,0.0599861222083095,71.27372210323608
33a17d60c64393351ebf1ef860f4e0f2,8152.4800000000005,1279.38,43,47,11,173.45702127659575,15.693138774949464,189.5925581395349,173.45702127659575,0.05998156058196258,71.33370366381804
4bfc7a4a1cf8d4d2121c27422d9e50b5,8124.4,1067.19,26,40,7,203.10999999999999,13.135616168578604,312.4769230769231,203.10999999999999,0.05977496305321775,71.39347862687126
8fb791022c1fc8909664f48ab7dc636d,8119.95,363.4,5,5,4,1623.99,4.4753970159914775,1623.99,1623.99,0.05974222234798577,71.45322084921925
972d0f9cf61b499a4812cf0bfa3ad3c4,8089.29,2151.3,83,88,15,91.92375,26.59442299633219,97.46132530120482,91.92375,0.05951664256766824,71.51273749178692
750303a20e9c56b2a6bc45cdce0b897d,8085.0,1309.81,54,57,38,141.8421052631579,16.200494743351886,149.72222222222223,141.8421052631579,0.059485079056332234,71.57222257084325
a2e874074c877c5a05abae80ad6e488f,8071.9800000000005,1202.82,44,46,21,175.47782608695653,14.901176662974883,183.45409090909092,175.47782608695653,0.05938928490304672,71.6316118557463
6bd69102ab48df500790a8cecfc285c2,8070.0,289.02,5,5,3,1614.0,3.581412639405204,1614.0,1614.0,0.05937471712858394,71.69098657287488
5656537e588803a555b8eb41f07a944b,8065.93,3377.0299999999997,174,188,72,42.90388297872341,41.867831731740786,46.355919540229884,42.90388297872341,0.0593447722588549,71.75033134513373
7a241947449cc45dbfda4f9d0798d9d0,8027.63,1990.47,62,72,17,111.4948611111111,24.795238445219823,129.47790322580644,111.4948611111111,0.059062981470004244,71.80939432660374
54065e9aef7e9e9c2dc23b7594db021a,8003.0,280.43,14,14,12,571.6428571428571,3.5040609771335753,571.6428571428571,571.6428571428571,0.05888176718464153,71.86827609378838
b1fc4f64df5a0e8b6913ab38803c57a9,7994.74,2146.25,107,121,5,66.07223140495867,26.845776097784295,74.71719626168225,66.07223140495867,0.05882099454976148,71.92709708833814
903037660cf848a717166eb7a06d616e,7991.51,1091.77,45,60,36,133.19183333333334,13.661623397830947,177.58911111111112,133.19183333333334,0.05879722994798635,71.98589431828613
ebd2d60905fb58271facef5596b620d3,7941.72,1733.3,84,88,39,90.24681818181818,21.825246923840176,94.54428571428572,90.24681818181818,0.0584309019224805,72.0443252202086
bbf9ad41dca6603e614efcdad7aab8c4,7846.0,776.26,14,14,4,560.4285714285714,9.89370379811369,560.4285714285714,560.4285714285714,0.057726645674209355,72.10205186588281
989becdce12ebc39863c2bceab6f3ca1,7840.88,1052.45,18,18,8,435.6044444444444,13.42260052443093,435.6044444444444,435.6044444444444,0.05768897546953795,72.15974084135235
725c32fa80c2faacc4fc88450d27314e,7838.88,1327.78,89,93,36,84.28903225806452,16.938389157634763,88.07730337078652,84.28903225806452,0.05767426054583818,72.21741510189818
8476243f92442881ddd5b578975cf115,7838.0,275.03,12,12,4,653.1666666666666,3.5089308497065574,653.1666666666666,653.1666666666666,0.057667785979410274,72.27508288787759
0432ead42b6c8a0bdf68154add917fdf,7792.1,1207.52,85,90,56,86.5788888888889,15.496721037974357,91.67176470588235,86.5788888888889,0.057330078480500486,72.33241296635809
d51e0a403fe2e689ece6c73359d96e12,7790.0,673.02,19,26,5,299.61538461538464,8.6395378690629,410.0,299.61538461538464,0.05731462781061572,72.3897275941687
2dee2ce60de9709b1a24083217181a1f,7784.5,2060.06,54,55,8,141.53636363636363,26.46361359111054,144.15740740740742,141.53636363636363,0.05727416177044134,72.44700175593914
7008613ea464bad5cb9b83456e1e6a8f,7777.0,3083.05,127,156,19,49.8525641025641,39.64317860357465,61.23622047244095,49.8525641025641,0.0572189808065672,72.50422073674571
7bac63f6603d382cc8d0832eb6c100a8,7751.95,362.65,19,19,11,407.9973684210526,4.678177748824489,407.9973684210526,407.9973684210526,0.057034676387227534,72.56125541313294
5b925e1d006e9476d738aa200751b73b,7748.5,1053.34,63,63,8,122.9920634920635,13.594114989998063,122.9920634920635,122.9920634920635,0.057009293143845424,72.61826470627679
6fd52c528dcb38be2eea044946b811f8,7743.0199999999995,1138.56,67,84,48,92.17880952380952,14.704340167014937,115.56746268656715,92.17880952380952,0.05696897425290805,72.6752336805297
e5a3438891c0bfdb9394643f95273d8e,7738.349999999999,3374.27,224,255,185,30.34647058823529,43.60451517442349,34.54620535714285,30.34647058823529,0.056934614906069075,72.73216829543577
257e61d3251fb5efb9daadddbc2cf7ca,7729.0,1077.18,12,12,12,644.0833333333334,13.936861172208568,644.0833333333334,644.0833333333334,0.056865822637772644,72.78903411807354
b410bdd36d5db7a65dcd42b7ead933b8,7726.9,1006.71,44,44,2,175.61136363636362,13.028640204998124,175.61136363636362,175.61136363636362,0.056850371967887885,72.84588449004143
42bde9fef835393bb8a8849cb6b7f245,7703.0,784.84,35,40,15,192.575,10.188757626898612,220.0857142857143,192.575,0.0566745286296756,72.9025590186711
3bb548e3cb7f70f28e3f11ee9dce0e59,7690.02,896.79,46,53,22,145.09471698113208,11.66173820094096,167.17434782608697,145.09471698113208,0.05657902877486407,72.95913804744596
058fd0aa2bfdb2274e05e1ae971dabb6,7667.9,887.9,61,64,11,119.8109375,11.579441568095568,125.70327868852459,119.8109375,0.056416281718744576,73.0155543291647
08633c14ef2db992c11f840f04fad4cd,7644.3,1424.52,74,97,16,78.80721649484536,18.635061418311683,103.30135135135136,78.80721649484536,0.05624264561908726,73.0717969747838
4e17c65a516f69d023a2ae78b84f28d6,7639.26,1155.54,61,74,47,103.23324324324325,15.126334226089961,125.23377049180328,103.23324324324325,0.05620556401136383,73.12800253879516
52f976b17ea7f2f087f56dcc419328f6,7630.0,862.65,6,6,5,1271.6666666666667,11.30602883355177,1271.6666666666667,1271.6666666666667,0.05613743391463388,73.18413997270979
640e21a7d01df7614a3b4923e990d40c,7598.88,2446.24,116,137,12,55.46627737226277,32.192112521845324,65.50758620689655,55.46627737226277,0.05590846970186541,73.24004844241165
4aba391bc3b88717ce08eb11e44937b2,7595.87,839.34,29,30,27,253.19566666666665,11.049952145047245,261.92655172413794,253.19566666666665,0.055886323741697254,73.29593476615335
6a51fc556dab5f766ced6fbc860bc613,7577.67,792.58,26,33,18,229.62636363636364,10.459415625119595,291.44884615384615,229.62636363636364,0.05575241793602932,73.35168718408939
8a432f4e5b471f8da497d7dc517666e2,7555.0,1965.11,95,106,48,71.27358490566037,26.010721376571805,79.52631578947368,71.27358490566037,0.05558562427589239,73.40727280836528
062ce95fa2ad4dfaedfc79260130565f,7521.0,1200.44,55,60,14,125.35,15.961175375614944,136.74545454545455,125.35,0.05533547057299626,73.46260827893828
0bae85eb84b9fb3bd773911e89288d54,7482.21,2924.19,137,146,45,51.24801369863014,39.08190227218963,54.614671532846714,51.24801369863014,0.05505007462783916,73.51765835356612
c26a2be5b53b7db6b276280da212a779,7482.0,806.85,13,18,4,415.6666666666667,10.783881315156375,575.5384615384615,415.6666666666667,0.055048529560850684,73.57270688312697
87e24fc7052259b1f7f607d61c10d8be,7473.49,236.37,8,8,7,934.18625,3.162779370816045,934.18625,934.18625,0.05498591756050815,73.62769280068748
bd0389da23d89b726abf911cccc54596,7472.16,1656.31,87,90,57,83.024,22.16641506605854,85.88689655172413,83.024,0.054976132136247795,73.68266893282373
a420f60ff1aa9acc80d0e42959f2b313,7443.3,1099.97,67,69,23,107.87391304347827,14.777988257896363,111.09402985074627,107.87391304347827,0.05476379578726008,73.737432728611
8648b1e89e9b349e32d3741b30ec737e,7442.55,1503.5,95,103,56,72.25776699029126,20.20140946315443,78.34263157894738,72.25776699029126,0.05475827769087266,73.79219100630188
512d298ac2a96d1931b6bd30aa21f61d,7401.94,321.93,11,12,8,616.8283333333333,4.349265192638687,672.9036363636363,616.8283333333333,0.054459491165148775,73.84665049746702
e0a366315b1b726b6c7832d664c0f530,7400.09,745.08,43,51,21,145.09980392156862,10.068526193600349,172.09511627906977,145.09980392156862,0.05444587986072648,73.90109637732775
f25e239052084705e17a982bc600ab2a,7380.0,405.48,8,8,8,922.5,5.494308943089432,922.5,922.5,0.054298068452162264,73.9553944457799
381c83fdca332ea6afd896da20bf6e4a,7355.8,999.21,46,46,37,159.90869565217392,13.583974550694691,159.90869565217392,159.90869565217392,0.054120017875395006,74.0095144636553
b347677812ea483b0f528eaf8cbc09b7,7288.99,762.35,21,21,11,347.09476190476187,10.458925036253309,347.09476190476187,347.09476190476187,0.05362846584920409,74.0631429295045
febab0275244b9a49a623f0bd613ca2f,7272.42,3016.75,109,129,45,56.3753488372093,41.4820651172512,66.7194495412844,56.3753488372093,0.053506552706351476,74.11664948221085
aced59e9b31ef866a94f9e7f29d8d418,7268.5,1047.3,61,67,19,108.48507462686567,14.40875008598748,119.15573770491804,108.48507462686567,0.05347771145589992,74.17012719366674
e333046ce6517bd8bb510291d44f0130,7268.0,1431.32,68,74,47,98.21621621621621,19.693450742982936,106.88235294117646,98.21621621621621,0.05347403272497498,74.22360122639172
0873d9f8f36123f8d910f4760e788cfb,7265.59,161.06,6,6,6,1210.9316666666666,2.2167504634861035,1210.9316666666666,1210.9316666666666,0.053456301241916755,74.27705752763364
cee48807215b30a12ca2ca10ffb5f250,7212.2300000000005,913.29,39,40,27,180.30575000000002,12.663073695653077,184.92897435897436,180.30575000000002,0.05306370707760681,74.33012123471126
d624126b9206f595fb3fbb6ba03b28a8,7198.8,569.7,23,28,13,257.1,7.913818969828306,312.9913043478261,257.1,0.05296489636496283,74.38308613107623
ade45994b717ccee333492330fbf037b,7196.0,283.63,10,10,6,719.6,3.941495275152863,719.6,719.6,0.05294429547178314,74.43603042654802
dbb9b48c841a0e39e21f98e1a6b2ec3e,7186.85,1581.41,108,118,55,60.90550847457627,22.004216033449982,66.54490740740741,60.90550847457627,0.052876974695856685,74.48890740124388
d13e50eaa47b4cbe9eb81465865d8cfc,7155.05,857.79,67,69,7,103.6963768115942,11.988595467536914,106.79179104477612,103.6963768115942,0.052643007409030294,74.54155040865291
a4b6b9b992b46e9ef863637af96e04bc,7147.0,305.36,7,14,6,510.5,4.272561914089827,1021.0,510.5,0.052583779841138704,74.59413418849405
cc63f0dd2acba93ffed4fe9f8e0321fa,7096.71,1399.97,55,63,17,112.64619047619048,19.72702843993907,129.03109090909092,112.64619047619048,0.05221377308470791,74.64634796157875
7722b1df1b0e383e000397b2c11e3e19,7094.09,2071.21,134,145,76,48.92475862068966,29.196274645514787,52.94097014925373,48.92475862068966,0.05219449653466122,74.69854245811342
014c0679dd340a0e338872e7ec85666a,7058.0,628.3100000000001,14,15,10,470.53333333333336,8.90209691130632,504.14285714285717,470.53333333333336,0.051928965736498814,74.75047142384992
f1fd5ab1181f827ffad998c1a5de7d74,7045.99,831.97,15,15,11,469.73266666666666,11.807709065723909,469.73266666666666,469.73266666666666,0.051840602619681674,74.8023120264696
dd55f1bb788714a40e7954c3be6df745,7041.759999999999,659.42,35,37,10,190.31783783783783,9.364420258571721,201.19314285714285,190.31783783783783,0.05180948055605665,74.85412150702565
679769a98cfcc6da877c8486ff1c13f3,7029.0,438.39,21,21,2,334.7142857142857,6.236875800256081,334.7142857142857,334.7142857142857,0.0517155993428521,74.90583710636851
ff4ea69c2a729e83e63c7579e4ef8170,7017.0,171.62,9,9,4,779.6666666666666,2.4457745475274333,779.6666666666666,779.6666666666666,0.05162730980065347,74.95746441616916
6fa9202c10491e472dffd59a3e82b2a3,7014.24,925.01,3,3,1,2338.08,13.187601222655626,2338.08,2338.08,0.05160700320594778,75.0090714193751
b8630e1121437d41cb08e3c749c2c2e2,6988.0,346.1,12,12,6,582.3333333333334,4.9527761877504295,582.3333333333334,582.3333333333334,0.05141394340700676,75.06048536278212
d98eec89afa3380e14463da2aabaea72,6968.53,3256.7799999999997,168,183,26,38.07939890710382,46.73553819815657,41.479345238095235,38.07939890710382,0.05127069362478947,75.1117560564069
bacb1f0ed56ad24198f5810d2b3fe9a5,6940.45,892.94,42,42,22,165.2488095238095,12.865736371560924,165.2488095238095,165.2488095238095,0.051064096096044655,75.16282015250295
1da366cade6d8276e7d8beea7af5d4bf,6917.589999999999,1756.14,43,49,15,141.17530612244897,25.38658694718826,160.8741860465116,141.17530612244897,0.05089590451815625,75.2137160570211
30829ded4523ab9224b93bc49a62c95f,6911.71,638.0,18,31,13,222.9583870967742,9.23071135797075,383.9838888888889,222.9583870967742,0.05085264264247892,75.26456869966358
d9bd94811c3338dceb4181f3dbc0c73e,6911.02,771.09,54,61,20,113.29540983606559,11.157397894956171,127.98185185185186,113.29540983606559,0.0508475659938025,75.31541626565739
ad781527c93d00d89a11eecd9dcad7c1,6899.570000000001,2379.69,44,44,2,156.8084090909091,34.490410271944484,156.8084090909091,156.8084090909091,0.0507633230556213,75.36617958871301
e3b4998c7a498169dc7bce44e6bb6277,6897.9,216.79,3,3,3,2299.2999999999997,3.1428405746676527,2299.2999999999997,2299.2999999999997,0.05075103609433198,75.41693062480734
1127b7f2594683f2510f1c2c834a486b,6851.33,1821.71,114,132,74,51.90401515151515,26.589144005616426,60.09938596491228,51.90401515151515,0.05040839909598278,75.46733902390332
b3b17aab11f273023a5f22ca52e1eb70,6850.0,475.34999999999997,7,13,7,526.9230769230769,6.93941605839416,978.5714285714286,526.9230769230769,0.05039861367172242,75.51773763757504
58f1a6197ed863543e0136bdedb3fce2,6833.0,1070.69,44,45,11,151.84444444444443,15.669398507244257,155.29545454545453,151.84444444444443,0.05027353682027435,75.56801117439531
8e6cc767478edae941d9bd9eb778d77a,6830.58,2284.83,106,114,61,59.91736842105263,33.45001449364475,64.43943396226415,59.91736842105263,0.05025573176259762,75.61826690615791
5b67882648febfb6e1225e6ad7164f6b,6813.4800000000005,618.94,27,30,24,227.116,9.084051028255752,252.35111111111112,227.116,0.05012991916496458,75.66839682532287
ececbfcff9804a2d6b40f589df8eef2b,6792.4,1868.66,98,104,62,65.31153846153846,27.511041752546966,69.31020408163265,65.31153846153846,0.04997482386916896,75.71837164919204
33dd941c27854f7625b968cc6195a552,6787.5,380.91,5,5,1,1357.5,5.611933701657459,1357.5,1357.5,0.049938772306104516,75.76831042149814
40d54b51e962dbe09cabbcfd33298dee,6785.5599999999995,537.69,30,31,13,218.8890322580645,7.924032799061538,226.18533333333332,218.8890322580645,0.04992449883011573,75.81823492032825
63b464dbf392c7b80d12d932fa7cafed,6781.0,881.25,37,39,17,173.87179487179486,12.995870815513936,183.27027027027026,173.87179487179486,0.04989094880408026,75.86812586913233
a63bfbaa882c8f4542891b4e2246cc7f,6772.0,264.19,7,7,5,967.4285714285714,3.9012108682811575,967.4285714285714,967.4285714285714,0.04982473164743127,75.91795060077976
ff1fb4c404b2efe68b03350a8dc24122,6771.0,895.95,46,49,21,138.18367346938774,13.232166592822331,147.19565217391303,138.18367346938774,0.049817374185581395,75.96776797496534
aac29b1b99776be73c3049939652091d,6755.91,2709.61,98,138,14,48.95586956521739,40.1072542411015,68.93785714285714,48.95586956521739,0.04970635008626661,76.01747432505161
54219883e72aad869adfb2a54b7bfa0f,6750.0,829.55,5,5,3,1350.0,12.28962962962963,1350.0,1350.0,0.04966286748673377,76.06713719253834
3340ef1913fb70d28420f6ceb685c339,6731.15,750.4,32,42,15,160.2654761904762,11.148169332134925,210.3484375,160.2654761904762,0.049524179330863415,76.1166613718692
455c5640e8c5bd1b2ee85c0158f85727,6729.5,457.39,8,8,7,841.1875,6.796790251876068,841.1875,841.1875,0.0495120395188111,76.16617341138802
80ceebb4ee9b31afb6c6a916a574a1e2,6729.0,193.21,1,1,1,6729.0,2.871303314013969,6729.0,6729.0,0.04950836078788616,76.2156817721759
abe021b01ba992245271b9aa422032df,6720.0,117.24000000000001,2,2,2,3360.0,1.7446428571428572,3360.0,3360.0,0.04944214363123719,76.26512391580714
31ae0774c17fabd06ff707cc5bde005f,6719.85,850.82,11,11,9,610.8954545454545,12.66129452294322,610.8954545454545,610.8954545454545,0.0494410400119597,76.3145649558191
e5e33c0d8e7e002f398f5dc4cbbb338f,6698.7,778.63,28,29,21,230.9896551724138,11.623598608685267,239.2392857142857,230.9896551724138,0.0492854296938346,76.36385038551293
83e197e95a1bbabc8c75e883ed016c47,6693.6900000000005,986.37,47,55,19,121.70345454545455,14.735818360276618,142.4189361702128,121.70345454545455,0.04924856880996668,76.4130989543229
fa1a9dec3a9940c072684a46728bf1fc,6674.0,1201.71,55,60,35,111.23333333333333,18.005843572070724,121.34545454545454,111.23333333333333,0.0491037003861424,76.46220265470905
33c51922b6e3c16b24a8f28e5833c99d,6657.87,368.01,18,20,11,332.8935,5.527443461647644,369.88166666666666,332.8935,0.04898502452650373,76.51118767923555
b4ffb71f0cb1b1c3d63fad021ecf93e1,6656.09,2519.98,144,165,97,40.339939393939396,37.85976451640528,46.22284722222222,40.339939393939396,0.048971928244410934,76.56015960747996
751bdc4d83a466c7206cd42e8f426b03,6648.93,1054.81,54,71,38,93.6469014084507,15.864357122123407,123.12833333333334,93.6469014084507,0.04891924881756575,76.60907885629753
516e7738bd8f735ac19a010ee5450d8d,6643.09,1466.23,76,84,53,79.08440476190476,22.071505880546553,87.40907894736843,79.08440476190476,0.04887628124036241,76.6579551375379
5670f4db5b62c43d542e1b2d56b0cf7c,6630.09,582.5600000000001,22,22,14,301.3677272727273,8.786607723273743,301.3677272727273,301.3677272727273,0.04878063423631389,76.7067357717742
5d0363b33554b373851fc1622e4d5f3c,6610.79,2192.18,94,95,54,69.58726315789474,33.16063586954055,70.32755319148936,69.58726315789474,0.048638635222611075,76.75537440699682
609e1a9a6c2539919b8205cf7c4e6ff0,6595.23,2687.19,87,130,69,50.73253846153846,40.7444471231481,75.80724137931034,50.73253846153846,0.04852415311622684,76.80389856011305
92eb0f42c21942b6552362b9b114707d,6548.63,4944.04,341,365,52,17.94145205479452,75.49731775959246,19.204193548387096,17.94145205479452,0.04818129539402213,76.85207985550707
11305281b50fff20ae8bb473f8e11876,6528.7,1444.51,35,40,18,163.2175,22.12553800909829,186.53428571428572,163.2175,0.04803466117935389,76.90011451668643
282f23a9769b2690c5dda22e316f9941,6505.08,1881.88,99,110,41,59.13709090909091,28.92939056860177,65.70787878787878,59.13709090909091,0.04786087793045958,76.94797539461689
ee27a8f15b1dded4d213a468ba4eb391,6499.0,227.66,1,1,1,6499.0,3.5030004616094783,6499.0,6499.0,0.04781614456241227,76.99579153917931
4c03b9dd4c11ee2cb35c96c49efc9420,6458.6,843.73,48,48,5,134.55416666666667,13.06366704858638,134.55416666666667,134.55416666666667,0.04751890310367686,77.04331044228299
34056b8b55c1775a22af2331670a799c,6455.4,1774.49,78,78,58,82.76153846153845,27.488459274405923,82.76153846153845,82.76153846153845,0.04749535922575722,77.09080580150875
6f892e20a171e98efe17fdb971ff319b,6438.700000000001,904.16,44,53,5,121.48490566037738,14.042586236352056,146.33409090909092,121.48490566037738,0.04737248961286412,77.13817829112162
8a32e327fe2c1b3511609d81aaf9f042,6429.01,2363.03,132,180,53,35.716722222222224,36.755736886394644,48.70462121212121,35.716722222222224,0.047301195807538714,77.18547948692915
7dc8c42cc750eeafea6c85712ffee9bf,6409.68,1035.41,41,50,16,128.1936,16.15384855406198,156.33365853658538,128.1936,0.04715897606998041,77.23263846299913
376a891762bbdecbc02b4b6adec3fdda,6406.23,1287.4,57,58,13,110.45224137931034,20.09606273892758,112.38999999999999,110.45224137931034,0.04713359282659829,77.27977205582573
dbdd0ec73a4817971d962698f2fea022,6384.0,1790.8,16,16,3,399.0,28.051378446115287,399.0,399.0,0.046970036449675324,77.32674209227541
4b5f66b7adcf57f1ecc0d3c07dd6b177,6381.78,734.18,23,38,10,167.9415789473684,11.504313843473138,277.4686956521739,167.9415789473684,0.04695370288436857,77.37369579515978
02f623a8eb246f3c5f7c2f96462654e6,6378.0,829.63,44,44,23,144.95454545454547,13.007682659140796,144.95454545454547,144.95454545454547,0.046925891678576,77.42062168683834
57e632711dec9ec14ca7546769483e7e,6350.06,1207.98,62,65,20,97.69323076923078,19.023127340529065,102.42032258064516,97.69323076923078,0.04672032419449018,77.46734201103284
670c26e0f1bf8d0576271d5cfaec6d2b,6341.6,1694.03,78,87,15,72.89195402298851,26.71297464362306,81.3025641025641,72.89195402298851,0.04665808006724014,77.51400009110009
f4c4daa86e30c7e5a553a8d518ac03a5,6301.91,369.29,20,20,20,315.0955,5.859969437837101,315.0955,315.0955,0.046366062406418135,77.56036615350651
dee656f0f566ed1aa85bd137c943f08f,6271.9800000000005,1696.69,93,95,32,66.02084210526316,27.05190386448936,67.44064516129033,66.02084210526316,0.046145853573251044,77.60651200707976
bd4889b5e9133b35b66e42a8665cea5c,6271.9,984.64,36,42,16,149.33095238095237,15.699229898435881,174.21944444444443,149.33095238095237,0.046145264976303044,77.65265727205606
6b243f80ed07b10f0e8aa0f21a205f3c,6260.1,1547.3,79,89,31,70.33820224719102,24.71685755818597,79.24177215189874,70.33820224719102,0.046058446926474386,77.69871571898254
2fdde51ad3e12f297da656d4fbd5d0b5,6252.0,622.14,10,10,3,625.2,9.951055662188098,625.2,625.2,0.04599885148549031,77.74471457046803
ea67327e24487bdfac5fbfa37ea124df,6250.18,930.1,32,34,24,183.82882352941178,14.88117142226304,195.318125,183.82882352941178,0.04598546090492352,77.79070003137296
2528744c5ef5d955adc318720a94d2e7,6245.0,263.7,5,5,3,1249.0,4.222578062449959,1249.0,1249.0,0.0459473492525411,77.83664738062551
f12ff17ad8bbf01ec5c33b17e506649b,6241.0,651.73,29,29,14,215.20689655172413,10.442717513219035,215.20689655172413,215.20689655172413,0.045917919405141554,77.88256530003065
eb3071b9f0b0ddaa2df5ea130f09f26b,6230.0,581.42,9,11,2,566.3636363636364,9.33258426966292,692.2222222222222,566.3636363636364,0.045836987324792806,77.92840228735544
b19f3ca2ea475913750f25a5c37c8d8f,6202.91,1346.6399999999999,24,24,19,258.45458333333335,21.709810395443427,258.45458333333335,258.45458333333335,0.045637673683279374,77.97403996103871
cfa5ab0e4d3fc212fd0b3410e7081c62,6180.8,1039.01,16,21,11,294.32380952380953,16.81028345845198,386.3,294.32380952380953,0.045475000201778394,78.01951496124049
9baf5cb77970f539089d09a38bcec5c3,6129.67,543.73,32,33,25,185.74757575757576,8.870461215693503,191.5521875,185.74757575757576,0.04509881317739369,78.06461377441788
dfc5fb7259bb2b599ca565e6e9448f0f,6124.63,721.35,33,34,11,180.13617647058823,11.777854335690483,185.59484848484848,180.13617647058823,0.04506173156967026,78.10967550598755
ba143b05f0110f0dc71ad71b4466ce92,6110.58,1343.01,85,86,22,71.05325581395348,21.9784373987412,71.88917647058824,71.05325581395348,0.04495835923067936,78.15463386521823
2c9e548be18521d1c43cde1c582c6de8,6109.44,2493.61,126,174,15,35.111724137931034,40.81568850827572,48.48761904761904,35.111724137931034,0.044949971724170486,78.1995838369424
d6b664fa0667064c6d76394e7848d790,6080.0,324.34,6,6,2,1013.3333333333334,5.3345394736842096,1013.3333333333334,1013.3333333333334,0.04473336804730983,78.2443172049897
6a8b085f816a1f75f92dbac6eb545f8f,6018.97,2177.99,127,135,71,44.58496296296296,36.185427074732054,47.39346456692913,44.58496296296296,0.044284342150611264,78.28860154714032
bba74270a87732727b5a3b4fd9ac1c39,6001.59,758.85,36,41,20,146.38024390243902,12.644149300435384,166.71083333333334,146.38024390243902,0.04415646946366023,78.33275801660398
37515688008a7a40ac93e3b2e4ab203f,5986.6,3431.1,228,240,3,24.944166666666668,57.31299903116961,26.25701754385965,24.944166666666668,0.044046181110530436,78.3768041977145
688756f717c462a206ad854c5027a64a,5966.54,1934.91,83,101,40,59.074653465346536,32.429347662129146,71.88602409638554,59.074653465346536,0.04389859042582171,78.42070278814033
f84a00e60c73a49e7e851c9bdca3a5bb,5949.9400000000005,2001.82,90,99,22,60.100404040404044,33.64437288443244,66.11044444444445,60.100404040404044,0.0437764565591136,78.46447924469945
91f848e9f4be368f4318775aac733370,5932.599999999999,1235.56,63,73,10,81.26849315068492,20.82661902032836,94.16825396825396,81.26849315068492,0.043648878170636556,78.50812812287009
b14db04aa7881970e83ffa9426897925,5898.6,2225.35,83,111,12,53.14054054054054,37.72674872003526,71.06746987951807,53.14054054054054,0.04339872446774042,78.55152684733783
0691148aee60ca47977c187804f935ae,5868.51,1490.94,47,53,37,110.72660377358491,25.40576739240454,124.86191489361703,110.72660377358491,0.04317733844067734,78.5947041857785
f46490624488d3ff7ce78613913a7711,5802.85,1747.82,83,91,35,63.767582417582425,30.12002722800003,69.91385542168675,63.767582417582425,0.04269424749561379,78.63739843327411
02d35243ea2e497335cd0f076b45675d,5794.0,605.95,14,16,3,362.125,10.458232654470143,413.85714285714283,362.125,0.0426291339582423,78.68002756723236
e8b4225284fbb02d16f200513f1f395d,5788.52,1297.6100000000001,31,31,18,186.72645161290325,22.41695632044115,186.72645161290325,186.72645161290325,0.04258881506730492,78.72261638229966
0bf0150d5b9d60d9cd2906003332f085,5774.6,1097.74,39,62,15,93.13870967741936,19.009801544695733,148.06666666666666,93.13870967741936,0.0424863991983545,78.76510278149802
05d2173d43ea568aa0540eba70d2ca76,5759.66,1679.27,62,66,48,87.26757575757576,29.1557140525656,92.89774193548386,87.26757575757576,0.04237647871831719,78.80747926021633
3ade81dab5a172b88e1871c28ae05260,5751.6,1551.3899999999999,30,32,10,179.7375,26.973190068850407,191.72,179.7375,0.04231717757580711,78.84979643779214
b4a476fbd28de64b1e347abf9089366a,5724.04,1011.91,33,38,15,150.63263157894735,17.678248230270928,173.4557575757576,150.63263157894735,0.042114405927224235,78.89191084371936
080102cd0a76b09e0dcf55fcacc60e05,5716.78,2195.93,124,130,43,43.97523076923077,38.412008158438844,46.10306451612903,43.97523076923077,0.04206099075419406,78.93397183447355
9616352088dcf83a7c06637f4ebf1c80,5703.0,1787.57,92,98,5,58.19387755102041,31.344380150797825,61.98913043478261,58.19387755102041,0.041959604929902625,78.97593143940345
94e93ce877be27a515118dbfd2c2be41,5674.57,868.15,30,35,18,162.13057142857141,15.298956572920943,189.15233333333333,162.13057142857141,0.04175043228951035,79.01768187169296
e2aee0892199b1d92530e371abd825bf,5662.57,2654.72,38,41,13,138.11146341463413,46.88189285077271,149.015,138.11146341463413,0.04166214274731171,79.05934401444027
52ac6f920b7280e4c6d30dd94de6259b,5657.3,726.59,6,7,5,808.1857142857143,12.8434058649886,942.8833333333333,808.1857142857143,0.04162336892336281,79.10096738336364
8c16d1f32a54d92897cc437244442e1b,5642.6,2112.07,108,118,25,47.81864406779661,37.43079431467763,52.2462962962963,47.81864406779661,0.041515214234169484,79.1424825975978
67bf6941ba2f1fa1d02c375766bc3e53,5610.0,1419.68,16,22,4,255.0,25.306238859180034,350.625,255.0,0.04127536097786318,79.18375795857567
d63c73efd41eb002280e7ec831424edb,5598.0,168.58999999999997,2,2,2,2799.0,3.0116112897463374,2799.0,2799.0,0.041187071435664545,79.22494503001133
45ba18c210d42734ec52c0c1c574e9ee,5589.13,972.96,38,41,29,136.32024390243902,17.408076033300354,147.08236842105262,136.32024390243902,0.041121810749056055,79.26606684076039
817245bcc3badd82bbd222e0366951a6,5580.5,722.58,29,45,4,124.0111111111111,12.948302123465641,192.43103448275863,124.0111111111111,0.04105831585329153,79.30712515661368
f181738b150df1f37cb0bd72e705b193,5529.7,1103.05,36,37,8,149.45135135135135,19.947736766913213,153.60277777777776,149.45135135135135,0.04068455679131729,79.347809713405
04aa0a1c5ce6b222003403a3e11c3cc0,5518.0,821.51,11,17,8,324.5882352941176,14.887821674519753,501.6363636363636,324.5882352941176,0.040598474487673626,79.38840818789268
916c9de0b5ad957346eeeb12f332687e,5480.25,493.53,23,28,5,195.72321428571428,9.005611057889693,238.27173913043478,195.72321428571428,0.04032073030284041,79.42872891819552
cc3d14116804f7209f3884f6367f1152,5477.8,582.79,27,30,4,182.59333333333333,10.639125196246667,202.8814814814815,182.59333333333333,0.04030270452130819,79.46903162271683
4917cee8d902e13428c3ec4b1ca6f315,5421.9,1199.6399999999999,33,33,7,164.29999999999998,22.125823050959994,164.29999999999998,164.29999999999998,0.03989142240389953,79.50892304512072
575df70bde3f9f2b30bf8d2e9910d725,5410.05,753.37,27,34,17,159.11911764705883,13.925379617563607,200.37222222222223,159.11911764705883,0.03980423648097838,79.5487272816017
3f0e48d209018b466fcd3bb4ccfeb520,5399.0,255.79999999999998,9,10,3,539.9,4.737914428597889,599.8888888888889,539.9,0.03972293652753713,79.58845021812924
c4af86330efa7a2620772227d2d670c9,5396.0,364.96,4,4,1,1349.0,6.763528539659007,1349.0,1349.0,0.03970086414198747,79.62815108227123
23c38debaffe4a25a30fdbd9b586a13f,5382.18,834.38,41,46,12,117.00391304347826,15.502640194122083,131.27268292682928,117.00391304347826,0.03959918401922204,79.66775026629045
3be634553519fb6536a03e1358e9fdc7,5370.95,1855.7,83,99,39,54.2520202020202,34.55068470196148,64.71024096385543,54.2520202020202,0.039516559722647816,79.7072668260131
b6d44737c043328708f6749c2dbe50bd,5369.6,1565.6,62,80,23,67.12,29.156734207389746,86.60645161290323,67.12,0.03950662714915047,79.74677345316225
83deb69e889cf80f82be1dc6d5f2d486,5363.01,913.64,40,42,14,127.6907142857143,17.035955554809703,134.07525,127.6907142857143,0.03945814147555972,79.78623159463781
2a261b5b644fa05f4f2700eb93544f2c,5355.0,2041.73,51,82,21,65.3048780487805,38.12754435107376,105.0,65.3048780487805,0.03939920820614213,79.82563080284396
e62b2d6ac10570a035a30bafcf01d263,5340.39,1035.08,62,71,24,75.21676056338029,19.382105052252736,86.13532258064517,75.21676056338029,0.03929171568851529,79.86492251853248
0cbcee27c791afa0cdcb08587a2013a8,5324.15,817.16,39,41,13,129.85731707317072,15.348177643379696,136.51666666666665,129.85731707317072,0.03917223050807313,79.90409474904055
c35affa65afd250151285c5917fc1c8a,5279.91,714.01,9,9,9,586.6566666666666,13.523147174857147,586.6566666666666,586.6566666666666,0.03884673639583415,79.94294148543639
e06f09ec0a4aca210779cf1cfc63cf19,5279.49,621.92,29,31,25,170.30612903225807,11.779925712521475,182.05137931034483,170.30612903225807,0.0388436462618572,79.98178513169825
02ecc2a19303f05e59ce133fd923fff7,5264.19,478.21,21,24,17,219.34124999999997,9.08420858669615,250.67571428571426,219.34124999999997,0.038731077095553935,80.0205162087938
e9c6969d40e6a3d2d0f90013165c2b98,5239.98,242.0,10,10,8,523.9979999999999,4.618338237932206,523.9979999999999,523.9979999999999,0.03855295294416818,80.05906916173797
5bffbafbb22daf6d3bfc216a46db8708,5239.7,454.5,21,23,8,227.81304347826085,8.67416073439319,249.5095238095238,227.81304347826085,0.038550892854850215,80.09762005459281
4d0041cdbe51b4617d95c70b19decc74,5235.200000000001,230.29,8,8,6,654.4000000000001,4.398876833740831,654.4000000000001,654.4000000000001,0.03851778427652573,80.13613783886933
099095b050cfe8eb1ddff5317587e96e,5193.83,715.3199999999999,17,20,11,259.6915,13.772495441706795,305.51941176470586,259.6915,0.038213406079795925,80.17435124494912
b39d7fe263ef469605dbb32608aee0af,5193.1,1062.67,44,49,19,105.98163265306123,20.463114517340316,118.025,105.98163265306123,0.03820803513264551,80.21255928008176
f67efa3f0b6761102a7f8c6b7b571f5d,5188.68,841.49,31,32,9,162.14625,16.217804913773833,167.37677419354839,162.14625,0.03817551515126901,80.25073479523303
f680f85bee2d253556ac91be391d2c82,5183.92,893.42,45,54,10,95.99851851851852,17.234448062470097,115.19822222222223,95.99851851851852,0.03814049363286355,80.2888752888659
5b179e9e8cc7ab6fd113a46ca584da81,5173.5,665.64,34,36,9,143.70833333333334,12.86633806900551,152.16176470588235,143.70833333333334,0.038063828880387736,80.32693911774628
822bad9bc42b51213ba522fe87b7ab5d,5160.0,527.34,18,18,7,286.6666666666667,10.219767441860466,286.6666666666667,286.6666666666667,0.03796450314541426,80.3649036208917
709e16e2b25c7474d980076c6bfc4806,5151.9,1226.96,60,80,39,64.39874999999999,23.815679652167162,85.865,64.39874999999999,0.03790490770443018,80.40280852859613
d566c37fa119d5e66c4e9052e83ee4ea,5145.7,979.22,65,73,25,70.48904109589041,19.029869599860078,79.16461538461539,70.48904109589041,0.03785929144096089,80.44066782003709
afe0067131b73e40875c9b6c10bd2e21,5130.400000000001,1125.45,46,46,7,111.53043478260871,21.936886012786527,111.53043478260871,111.53043478260871,0.037746722274657626,80.47841454231175
835f0f7810c76831d6c7d24c7a646d4d,5130.0,964.03,44,50,19,102.6,18.792007797270955,116.5909090909091,102.6,0.03774377928991767,80.51615832160167
fad44952713764836814be105382aee5,5129.0,507.88,32,32,1,160.28125,9.902125170598557,160.28125,160.28125,0.03773642182806778,80.55389474342974
f84fa566034f5e8e880a07ec624c56af,5093.79,1232.91,91,102,8,49.93911764705882,24.20417802854064,55.97571428571428,49.93911764705882,0.03747736559633328,80.59137210902607
f7496d659ca9fdaf323c0aae84176632,5087.57,844.9399999999999,26,27,16,188.4285185185185,16.60792873611567,195.67576923076922,188.4285185185185,0.03743160218362698,80.6288037112097
9674754b5a0cb32b638cec001178f799,5069.92,1214.91,86,97,41,52.267216494845364,23.963100009467606,58.95255813953489,52.267216494845364,0.03730174298197649,80.66610545419168
e0878efa0e0b7e5313ac0b43bc04c081,5065.299999999999,529.61,27,29,4,174.6655172413793,10.455649221171502,187.60370370370367,174.6655172413793,0.03726775150823001,80.7033732056999
e067ad2c1c0b48758eb1b5228bcf7a68,5042.55,1005.36,54,61,36,82.66475409836066,19.937531606032664,93.38055555555556,82.66475409836066,0.0371003692511451,80.74047357495105
3df020b72d3d44b3af9d110fa3940b65,5039.9,1709.57,55,101,13,49.9,33.92071271255382,91.63454545454545,49.9,0.03708087197724289,80.77755444692829
3ab971ce71839580d2ae5b4e40fe8044,5002.900000000001,896.15,36,38,9,131.65526315789475,17.912610685802232,138.96944444444446,131.65526315789475,0.0368086458887971,80.81436309281709
1bb2bdb95f4841f1bba2c0d2cd83d3c9,5002.71,1146.56,81,85,23,58.855411764705885,22.918778022311905,61.76185185185185,58.855411764705885,0.03680724797104562,80.85117034078813
4bf2f4ee540798a61f9636d12cd9cc80,4995.56,505.45,29,30,18,166.5186666666667,10.117984770476182,172.26068965517243,166.5186666666667,0.03675464211881893,80.88792498290695
45213867cefbf2cd4c6177e10216a951,4955.42,433.74,14,14,9,353.9585714285714,8.752840324331741,353.9585714285714,353.9585714285714,0.03645931360016449,80.92438429650711
dbd66278cbfe1aa1000f90a217ca4695,4928.9,1543.87,85,99,18,49.78686868686869,31.322810363367083,57.98705882352941,49.78686868686869,0.03626419371190549,80.96064849021901
e9d99831abad74458942f21e16f33f92,4922.4800000000005,1993.58,130,149,35,33.036778523489936,40.499504314898175,37.86523076923077,33.036778523489936,0.03621695880682923,80.99686544902585
9df5750209b83567ec144eb299d7d634,4917.0,259.3,11,11,8,447.0,5.273540776896482,447.0,447.0,0.03617663991589185,81.03304208894174
503c1de08ae81a2d86f17951b204db55,4906.99,414.90999999999997,22,22,2,223.045,8.455489006498892,223.045,223.045,0.03610299172277448,81.06914508066451
822b63912576852aea9a8436d72317b7,4905.6900000000005,191.38,8,9,5,545.0766666666667,3.9011841351573375,613.2112500000001,545.0766666666667,0.03609342702236964,81.10523850768688
d66c305afaec317ebee552073a674429,4886.46,1199.24,41,47,25,103.96723404255319,24.54210205342927,119.1819512195122,103.96723404255319,0.03595194303099632,81.14119045071787
abcd2cb37d46c2c8fb1bf071c859fc5b,4880.22,1320.4,45,52,32,93.85038461538463,27.05615730438382,108.44933333333334,93.85038461538463,0.03590603246905302,81.17709648318693
f789d2c4f2c2eb38fc4373e7a4b35264,4864.24,869.0,44,49,28,99.27020408163264,17.865072447083204,110.55090909090909,99.27020408163264,0.03578846022869184,81.21288494341562
0d85bbda9889ce1f7e63778d24f346eb,4845.2,1624.5,51,58,17,83.53793103448275,33.52802773879303,95.00392156862745,83.53793103448275,0.035648374155069995,81.24853331757069
45d33f715e24d15a6ccf5c17b3a23e3c,4838.2300000000005,903.93,59,61,32,79.31524590163936,18.683072115215683,82.00389830508476,79.31524590163936,0.03559709264597629,81.28413041021666
1336efc61c316ddf92c899eb817f7cae,4837.31,1517.98,74,85,50,56.90952941176471,31.380664046753253,65.36905405405406,56.90952941176471,0.03559032378107439,81.31972073399774
9add47bf45ce8e8c7db6b9cf670b1e09,4829.24,1158.04,43,45,12,107.31644444444444,23.97975664907936,112.30790697674418,107.31644444444444,0.035530949063945806,81.35525168306168
4c498c7345e89aebad651544829beca0,4819.76,570.0,48,48,20,100.41166666666668,11.826315003236674,100.41166666666668,100.41166666666668,0.03546120032560889,81.3907128833873
ce69a8021d18961dd2a40269b7c2c293,4818.0,471.05,19,19,13,253.57894736842104,9.776878372768785,253.57894736842104,253.57894736842104,0.035448251192753084,81.42616113458004
8f580d36c1e9d6fbce95283403c7d447,4813.25,180.15,8,8,7,601.65625,3.742793330909469,601.65625,601.65625,0.035413303248966126,81.46157443782901
c12b92bf1c350f3e6bf88d3596219c86,4808.78,444.06,17,17,9,282.8694117647059,9.234358818660866,282.8694117647059,282.8694117647059,0.03538041539449713,81.49695485322351
f6122bc84774df1b372bdb3bb88ddb9f,4799.87,74.49000000000001,3,3,1,1599.9566666666667,1.551917031086259,1599.9566666666667,1599.9566666666667,0.035314860409414645,81.53226971363293
2a7dc43cecabf23403078e2188437d1d,4795.91,833.71,52,54,14,88.81314814814814,17.38377075466387,92.22903846153847,88.81314814814814,0.035285724860489094,81.56755543849341
fcdd820084f17e9982427971e4e9d47f,4783.99,881.75,16,27,5,177.1848148148148,18.431267623887173,298.999375,177.1848148148148,0.03519802391523844,81.60275346240866
dfa0c4c6229ab200a4a1336b4d7128ff,4777.1,1767.11,77,86,35,55.54767441860466,36.99127085470264,62.04025974025974,55.54767441860466,0.03514733100309273,81.63790079341175
7e3f87d16fb353f408d467e74fbd8014,4754.99,1438.71,92,94,20,50.585,30.256845966027267,51.684673913043476,50.585,0.03498465752159174,81.67288545093334
b2479f944e1b90cf8a5de1bbfde284d6,4752.51,2239.71,103,131,38,36.27870229007634,47.12688663464149,46.14087378640777,36.27870229007634,0.03496641101620402,81.70785186194954
acce39e832338debb07b02385cde5967,4748.1,1175.56,44,44,30,107.91136363636365,24.758534992944544,107.91136363636365,107.91136363636365,0.03493396460944602,81.74278582655899
0176f73cc1195f367f7b32db1e5b3aa8,4733.1,1287.01,38,39,18,121.36153846153847,27.191692548224207,124.55526315789474,121.36153846153847,0.03482360268169773,81.77760942924068
30a2f535bb48308f991d0b9ad4a8c4bb,4731.3,1084.06,71,87,20,54.38275862068966,22.912518758058038,66.63802816901409,54.38275862068966,0.034810359250367934,81.81241978849106
0307f7565ff85b299b6e5ef162b1b1a9,4728.8,274.77,7,7,6,675.5428571428572,5.810565048215191,675.5428571428572,675.5428571428572,0.03479196559574321,81.8472117540868
06579cb253ecd5a3a12a9e6eb6bf8f47,4727.2,1499.41,62,72,11,65.65555555555555,31.718776442714507,76.24516129032257,65.65555555555555,0.03478019365678339,81.88199194774359
ad420dd0c4f92f8af951ac24b86d0cf5,4705.29,913.11,42,46,23,102.28891304347826,19.406030234055713,112.03071428571428,102.28891304347826,0.03461899166765238,81.91661093941124
582d4f8675b945722eda7c0cb61ba4c7,4702.96,980.97,59,71,25,66.23887323943661,20.858565669280623,79.71118644067796,66.23887323943661,0.03460184878154214,81.95121278819279
c004e5ea15737026cecaee0447e00b75,4700.0,174.32,2,2,1,2350.0,3.7089361702127657,2350.0,2350.0,0.03458007069446648,81.98579285888725
c9a06ece156bb057372c68718ec8909b,4688.9,540.72,14,14,3,334.9214285714285,11.531915801147392,334.9214285714285,334.9214285714285,0.03449840286793274,82.02029126175519
537eb890efff034a88679788b647c564,4679.7,2499.2,160,173,46,27.05028901734104,53.4051328076586,29.248124999999998,27.05028901734104,0.034430714218913784,82.0547219759741
968268a686aa05d1f529fb07dff08130,4677.29,203.55,12,12,4,389.77416666666664,4.351878972652968,389.77416666666664,389.77416666666664,0.03441298273585556,82.08913495870996
8931a84a914b3fe9b1ddaa4d704947ca,4668.3,424.59,29,32,16,145.884375,9.095173832015936,160.9758620689655,145.884375,0.03434683915382508,82.12348179786379
1a932caad4f9d804097d7f8e615baed1,4661.0,1040.45,20,30,4,155.36666666666667,22.322462990774515,233.05,155.36666666666667,0.03429312968232091,82.15777492754611
ef990a83bbea832f36ebe81376335aa8,4642.59,914.65,43,44,8,105.5134090909091,19.701287427922775,107.96720930232559,105.5134090909091,0.0341576788096645,82.19193260635578
a3dd39f583bc80bd8c5901c95878921e,4607.81,804.35,34,37,3,124.53540540540541,17.456231919284864,135.52382352941177,124.53540540540541,0.03390178628652545,82.2258343926423
31da954dc0855f2495c6310f70a2f931,4583.0,449.71,29,30,14,152.76666666666668,9.81256818677722,158.0344827586207,152.76666666666668,0.03371924765802976,82.25955364030033
2addf05f476d0637864454e93ba673d5,4552.0,325.64,12,12,8,379.3333333333333,7.153778558875219,379.3333333333333,379.3333333333333,0.03349116634068328,82.293044806641
c68fb906c8f4b4b946d8386bfa6e5467,4541.16,892.45,45,48,36,94.6075,19.65246765143708,100.91466666666666,94.6075,0.03341141145423051,82.32645621809523
834f8533b2ecb6598dd004ff3de7203a,4538.29,958.02,43,47,26,96.55936170212766,21.109713129835246,105.54162790697674,96.55936170212766,0.03339029553872134,82.35984651363395
1fe5540d7c1c37a595fefbacd5570d9e,4537.6,581.15,20,25,2,181.50400000000002,12.807431241184766,226.88000000000002,181.50400000000002,0.03338521889004492,82.393231732524
37dd29b36c458d82f74a953c40c43645,4536.99,479.44,7,8,5,567.12375,10.567358535063995,648.1414285714285,567.12375,0.03338073083831648,82.42661246336232
13fa2a6c6b9d0f43cb588d7c82117a12,4528.0,191.44,9,10,4,452.8,4.22791519434629,503.1111111111111,452.8,0.033314587256286006,82.4599270506186
c840d3fdbba0790404fdae73d253b253,4522.28,359.65,9,14,7,323.02,7.952846794095015,502.4755555555555,323.02,0.033272502574504655,82.49319955319311
180c3376aff0e43dd5788709df48a843,4513.0,209.97,5,10,3,451.3,4.652559273210724,902.6,451.3,0.03320422532853771,82.52640377852164
6288c69c4ce638e59925e59193f98b16,4506.28,306.2,22,22,7,204.83090909090907,6.794961697897158,204.83090909090907,204.83090909090907,0.03315478318490647,82.55955856170655
b561927807645834b59ef0d16ba55a24,4501.99,1305.04,85,95,42,47.38936842105263,28.988069720279253,52.964588235294116,47.38936842105263,0.03312321967357045,82.59268178138012
fc906263ca5083d09dce42fe02247800,4497.7,1885.58,114,119,17,37.79579831932773,41.9232051937657,39.453508771929826,37.79579831932773,0.033091656162234445,82.62577343754235
55d3daac7c404d59e51c2aa2f4dc5a23,4480.6,1309.88,21,28,7,160.02142857142857,29.23447752533143,213.36190476190478,160.02142857142857,0.03296584356460139,82.65873928110695
2ff97219cb8622eaf3cd89b7d9c09824,4476.9,1389.13,89,96,45,46.634375,31.028836918403364,50.30224719101123,46.634375,0.0329386209557568,82.69167790206271
e81e1f9c3e762e620f3fb60a51499e16,4465.99,513.5,17,18,7,248.11055555555555,11.498010519504074,262.70529411764704,248.11055555555555,0.03285835104697454,82.72453625310968
4d600e08ecbe08258c79e536c5a42fee,4465.34,168.12,8,8,8,558.1675,3.7649988578697253,558.1675,558.1675,0.03285356869677212,82.75738982180644
bbad7e518d7af88a0897397ffdca1979,4462.22,1338.2,69,85,14,52.49670588235294,29.989556767707555,64.66985507246378,52.49670588235294,0.03283061341580047,82.79022043522224
8bd0f31cf0a614c658f6763bd02dea69,4455.34,967.98,33,35,10,127.29542857142857,21.72628800495585,135.01030303030302,127.29542857142857,0.03277999407827325,82.8230004293005
b90e891671cffd9557f33a97dc523645,4449.0,632.31,34,39,13,114.07692307692308,14.2124072825354,130.85294117647058,114.07692307692308,0.03273334777014497,82.85573377707065
2e3be8a987a30d7544dbbda6861cc14e,4430.84,346.71000000000004,18,19,16,233.2021052631579,7.8249271018587905,246.1577777777778,233.2021052631579,0.03259973626295104,82.8883335133336
d379f449f2a3b271bc01c0782020f705,4423.06,1076.74,28,29,13,152.5193103448276,24.34378009794124,157.9664285714286,152.5193103448276,0.032542495209758916,82.92087600854336
0ef83d7d83ed97cd2a0049ac8be5f88a,4421.01,1026.8,48,55,14,80.382,23.225462055050766,92.104375,80.382,0.03252741241296665,82.95340342095632
f021c962aaba8ef6eb527a9c2c8394d1,4398.5,135.37,5,5,4,879.7,3.077640104581107,879.7,879.7,0.032361795946725704,82.98576521690305
beadbee30901a7f61d031b6b686095ad,4373.98,937.54,64,68,7,64.32323529411764,21.434483010896255,68.3434375,64.32323529411764,0.032181390982166484,83.01794660788521
15aac934c58d886785ac1b17953ea898,4353.9,665.7,25,26,20,167.4576923076923,15.28974023289465,174.15599999999998,167.4576923076923,0.032033653148220764,83.04998026103343
eed78ac17f7f795a19a709745f00cd4e,4349.5,846.34,22,56,12,77.66964285714286,19.45832854351075,197.70454545454547,77.66964285714286,0.032001280316081265,83.0819815413495
a3f0b55de503387383c7b1de3ad7f678,4348.400000000001,1229.34,24,26,13,167.24615384615387,28.271088216355434,181.18333333333337,167.24615384615387,0.0319931871080464,83.11397472845755
c500367424994318b9e779ff1ae9a330,4346.4,311.98999999999995,9,9,8,482.9333333333333,7.178124424811337,482.9333333333333,482.9333333333333,0.031978472184346615,83.1459532006419
65febd49fd28ec955651299159b1f527,4319.7,981.44,35,40,14,107.99249999999999,22.720096302984004,123.42,107.99249999999999,0.03178202795295465,83.17773522859486
23613d49c3ac2bd302259e55c06c050c,4293.0,2167.7599999999998,70,80,24,53.6625,50.49522478453296,61.32857142857143,53.6625,0.031585583721562685,83.20932081231642
9803a40e82e45418ab7fb84091af5231,4278.75,512.63,11,18,13,237.70833333333334,11.980835524393807,388.97727272727275,237.70833333333334,0.031480739890201795,83.24080155220662
282c7480173bb9c01dd41cc739fec010,4274.2,192.11,5,8,4,534.275,4.49464227223808,854.8399999999999,534.275,0.03144726343878481,83.2722488156454
cc5a78bbad32776dc4e3af205218368c,4269.18,1304.17,33,38,25,112.34684210526316,30.548489405459595,129.36909090909091,112.34684210526316,0.03141032898029839,83.3036591446257
1fdc574883ef3b33ad41562d93f3a74a,4251.0,273.27,18,18,14,236.16666666666666,6.428369795342272,236.16666666666666,236.16666666666666,0.03127657032386745,83.33493571494957
43f8c9950d11ecd03a0304a49e010da6,4249.59,557.63,41,41,21,103.64853658536586,13.121971766688079,103.64853658536586,103.64853658536586,0.03126619630265911,83.36620191125222
9b1585752613ec342d03bbab9997ec48,4248.98,100.06,3,3,3,1416.3266666666666,2.354918121525637,1416.3266666666666,1416.3266666666666,0.03126170825093067,83.39746361950316
6ec1a01e866584bb679eb9b098345919,4248.91,814.85,31,32,17,132.7784375,19.17785973343752,137.0616129032258,132.7784375,0.031261193228601186,83.42872481273176
3c03b12bab54d8b37d79d914bfdb1aa0,4236.34,683.43,37,43,12,98.51953488372094,16.132557821138054,114.49567567567568,98.51953488372094,0.031168709933148114,83.45989352266491
98dac6635aee4995d501a3972e047414,4235.85,2439.52,91,195,62,21.722307692307695,57.59221879906039,46.5478021978022,21.722307692307695,0.03116510477684167,83.49105862744176
8b9d6eec4a7eb7d0f9d579ce0b38324d,4232.54,1684.44,49,53,7,79.85924528301886,39.797379351406015,86.37836734693877,79.85924528301886,0.031140751578118544,83.52219937901988
8a130737016f838139d31878787a39c9,4222.03,842.2900000000001,56,62,7,68.09725806451613,19.949881928835183,75.39339285714286,68.09725806451613,0.031063424654076237,83.55326280367396
6b3bd31ad8fcda4b2635ec9f3ff2ecdf,4198.9,757.02,36,43,19,97.64883720930231,18.029007597227846,116.6361111111111,97.64883720930231,0.030893246561488362,83.58415605023545
8bb48dc19fccaa8613b6229bf7f452a2,4190.72,1857.3999999999999,82,95,47,44.11284210526316,44.32173946243127,51.10634146341464,44.11284210526316,0.030833062523556293,83.614989112759
891071be6ba827b591264c90c2ae8a63,4177.28,1277.07,92,98,31,42.625306122448976,30.571807491956488,45.40521739130435,42.625306122448976,0.030734178236293815,83.64572329099529
cac4c8e7b1ca6252d8f20b2fc1a2e4af,4168.18,1554.3600000000001,75,83,33,50.21903614457832,37.29109587397857,55.57573333333334,50.21903614457832,0.030667225333459856,83.67639051632875
5c030029b5916fed0986310385ec9009,4164.4,915.5,7,10,6,416.43999999999994,21.983959273844974,594.9142857142857,416.43999999999994,0.030639414127667273,83.70702993045641
bccf933e006e9b94a6184af782963e77,4162.74,884.47,45,46,22,90.49434782608695,21.247303458779555,92.50533333333333,90.49434782608695,0.030627200740996462,83.73765713119741
f76a3b1349b6df1ee875d1f3fa4340f0,4160.79,588.19,24,24,6,173.36625,14.136498116944141,173.36625,173.36625,0.030612853690389186,83.7682699848878
cd6efc47efaabf134f8bdb654e10b4f1,4158.55,598.61,31,32,10,129.9546875,14.394680838272954,134.1467741935484,129.9546875,0.030596372975845443,83.79886635786364
6fc26fe110feebd80a433e1f012a84f9,4150.87,977.19,35,72,19,57.65097222222222,23.5418117165799,118.59628571428571,57.65097222222222,0.030539867668838313,83.82940622553248
d20b021d3efdf267a402c402a48ea64b,4140.17,1575.0,90,106,45,39.058207547169815,38.04191615320144,46.00188888888889,39.058207547169815,0.03046114282704453,83.85986736835953
681fce914360217db47784ae28905a96,4127.33,444.47,23,24,9,171.97208333333333,10.768947479363172,179.4491304347826,171.97208333333333,0.030366673016891985,83.89023404137642
42b729f859728f5079499127a9c2ef37,4118.86,1315.21,104,132,18,31.203484848484845,31.931408205182993,39.60442307692308,31.203484848484845,0.030304355315023446,83.92053839669144
e883aa812c37a7413226856f4579fe91,4097.1,457.36,26,29,6,141.2793103448276,11.163017744258132,157.58076923076925,141.2793103448276,0.03014425694516992,83.9506826536366
2a167ca73899c85001a837d8fb4962f6,4097.0,100.62,2,3,2,1365.6666666666667,2.4559433731999025,2048.5,1365.6666666666667,0.03014352119898493,83.98082617483558
382229d1e840115ffe3dbf5ff460e417,4096.96,869.66,46,49,24,83.61142857142858,21.226958525345623,89.06434782608696,83.61142857142858,0.030143226900510932,84.01096940173609
951e8cef368f09bb3f3d03c00ca4702c,4092.29,1400.8,64,71,49,57.63788732394366,34.230223175776885,63.94203125,57.63788732394366,0.030108867553671963,84.04107826928977
99002261c568a84cce14d43fcffb43ea,4088.0,1100.33,36,36,19,113.55555555555556,26.916095890410958,113.55555555555556,113.55555555555556,0.030077304042335953,84.0711555733321
b17b679f4f5ce2e03ce6968c62648246,4084.75,1076.07,55,57,36,71.66228070175438,26.343595079258215,74.26818181818182,71.66228070175438,0.03005339229132382,84.10120896562343
2199e7fe213c16213bf5d6a7eadc9a5d,4078.29,569.49,25,31,13,131.55774193548388,13.963940769293012,163.1316,131.55774193548388,0.030005863087773553,84.13121482871121
ec8879960bd2221d5c32f8e12f7da711,4062.4,818.98,36,36,9,112.84444444444445,20.16000393855849,112.84444444444445,112.84444444444445,0.02988895301897886,84.16110378173019
d5ba419e26d246a0719437cf37d9b46d,4061.4,520.11,34,35,9,116.04,12.806175210518541,119.45294117647059,116.04,0.029881595557128972,84.19098537728732
f35b3c613c4f7b2275f4185d0a3c59ec,4047.25,167.04,9,9,8,449.69444444444446,4.127246896040521,449.69444444444446,449.69444444444446,0.029777487471953076,84.22076286475927
a0415d9b25ede3c4b1e477e9916ffc03,4044.1,203.88,10,10,8,404.40999999999997,5.041418362552855,404.40999999999997,404.40999999999997,0.029754311467125934,84.2505171762264
715bbd5ba4e6b74cb0d2f29eb45058b0,4043.3,1272.58,62,64,28,63.1765625,31.47379615660475,65.21451612903226,63.1765625,0.02974842549764603,84.28026560172404
3c7c4a49ec3c6550809089c6a2ca9370,4033.6400000000003,1824.66,141,160,24,25.210250000000002,45.236064695907416,28.607375886524824,25.210250000000002,0.029677352416176125,84.30994295414021
e70053bf73d1b5863932e53a9fa47496,4025.0,133.58,7,7,7,575.0,3.3187577639751553,575.0,575.0,0.029613783945793105,84.339556738086
55a5b51f93f2b70ea513f5a047b0262a,4002.3,847.08,39,41,5,97.61707317073171,21.16483022262199,102.62307692307692,97.61707317073171,0.02944676956180068,84.3690035076478
cb41bfbcbda0aea354a834ab222f9a59,4002.0,886.68,12,12,3,333.5,22.155922038980506,333.5,333.5,0.029444562323245712,84.39844806997105
6b333a05bf188ef3e1f1662a86bd9855,3990.91,563.97,12,13,9,306.9930769230769,14.131363523607398,332.5758333333333,306.9930769230769,0.029362968071330472,84.42781103804238
1b938a7ec6ac5061a66a3766e0e75f90,3987.6,910.23,30,33,8,120.83636363636363,22.826512187782125,132.92,120.83636363636363,0.029338614872607346,84.45714965291499
bede56095ba33c42038fb85f707b8a42,3973.9,210.87,2,2,2,1986.95,5.306374090943406,1986.95,1986.95,0.029237817645263904,84.48638747056026
50c9975695009e5e6473912e83a6d1da,3964.4,2919.55,50,68,36,58.300000000000004,73.64418323075371,79.288,58.300000000000004,0.029167921757689983,84.51555539231795
bf3c6d2a28b2b5501e6c15448982dcc9,3956.5,691.65,35,43,10,92.01162790697674,17.48135978769114,113.04285714285714,92.01162790697674,0.029109797809075882,84.54466519012702
3f995f07c49d0d55a99d5c54957f7d81,3955.7,671.5,43,43,3,91.99302325581395,16.975503703516445,91.99302325581395,91.99302325581395,0.02910391183959597,84.57376910196662
81f89e42267213cb94da7ddc301651da,3955.0,766.18,46,52,4,76.0576923076923,19.372439949431097,85.97826086956522,76.0576923076923,0.029098761616301046,84.60286786358292
d12c926d74ceff0a90a21184466ce161,3944.18,1248.64,78,99,30,39.84020202020202,31.65778438103738,50.56641025641026,39.84020202020202,0.02901915387908528,84.631887017462
11bfa66332777660bd0640ee84d47006,3925.87,1682.67,76,102,40,38.48892156862745,42.861072832263936,51.65618421052631,38.48892156862745,0.02888443875261385,84.66077145621462
fde0cc9ea29c8ccfc0a2c22256a58c71,3922.0,999.27,35,35,9,112.05714285714286,25.478582355940848,112.05714285714286,112.05714285714286,0.028855965375254793,84.68962742158988
232a6014e7b10cba61c6c2b2ea6bb4b0,3919.87,1213.4,33,36,20,108.88527777777777,30.955108205119053,118.78393939393939,108.88527777777777,0.028840293981514536,84.71846771557139
7f152321c60a266edc53af1925ef96c1,3919.8,552.12,20,20,3,195.99,14.085412521046992,195.99,195.99,0.028839778959185047,84.74730749453057
d673a59aac7a70d8b01e6902bf090a11,3908.94,1590.62,79,84,16,46.535000000000004,40.691849964440486,49.48025316455696,46.535000000000004,0.028759876923495277,84.77606737145408
79ed755314cfe6df0daef2c6cd3022cd,3907.5,459.16,23,25,12,156.3,11.750735764555342,169.8913043478261,156.3,0.02874928217843144,84.80481665363251
3361277dc30b7cccdb0c286b24219756,3905.05,635.85,29,42,18,92.97738095238095,16.282762064506215,134.65689655172415,92.97738095238095,0.02873125639689922,84.83354791002941
f00e21b1e91a79653163b7fd8f293ff1,3900.09,570.97,31,31,29,125.80935483870968,14.63991856598181,125.80935483870968,125.80935483870968,0.02869476338612378,84.86224267341554
271c58a1d139c45eaf3316107c6d3a3b,3897.52,671.19,29,29,6,134.39724137931034,17.220950758431,134.39724137931034,134.39724137931034,0.028675854709169574,84.8909185281247
6a0cbc8af2e8abd1bdfb777943d174c6,3894.05,745.37,35,35,5,111.25857142857143,19.141253964381555,111.25857142857143,111.25857142857143,0.028650324316550468,84.91956885244124
14d7985702e72162bbf13b6beb74ab2b,3887.0,554.0,37,38,26,102.28947368421052,14.252636995111912,105.05405405405405,102.28947368421052,0.02859845421050877,84.94816730665175
02f5837340d7eb4f653d676c7256523a,3883.05,580.83,30,30,3,129.435,14.958087070730484,129.435,129.435,0.028569392236201717,84.97673669888796
8090490573c6c0aa343a7231ebcb8c86,3871.1200000000003,426.91,26,26,9,148.88923076923078,11.028074562400546,148.88923076923078,148.88923076923078,0.028481617716332574,85.0052183166043
42fa4ee7240e9b8eb4576358ec142ba7,3845.7,518.77,22,22,7,174.80454545454543,13.489611774189356,174.80454545454543,174.80454545454543,0.028294591036108454,85.03351290764041
7d76b645482be4a332374e8223836592,3843.93,2587.61,176,187,89,20.555775401069518,67.31678256367832,21.840511363636363,20.555775401069518,0.028281568328634158,85.06179447596905
8ed8ea9a57c862f2c18c2fe41f601d56,3831.9,731.0699999999999,19,19,2,201.67894736842106,19.078525013700773,201.67894736842106,201.67894736842106,0.02819305806258002,85.08998753403164
13d058e4eeac2ce8217660b2f8a05812,3829.77,926.11,23,23,3,166.5117391304348,24.181869929525796,166.5117391304348,166.5117391304348,0.02817738666883976,85.11816492070048
3f3486b61f45078d4f31ee5e43d8c5bb,3829.73,896.84,40,40,12,95.74325,23.417838855480674,95.74325,95.74325,0.02817709237036577,85.14634201307085
6860153b69cc696d5dcfe1cdaaafcf62,3827.63,1490.6,74,84,22,45.56702380952381,38.94315803774136,51.72472972972973,45.56702380952381,0.028161641700481008,85.17450365477133
f0b47fbbc6dee9aafe415a6e33051b3f,3795.91,1336.28,68,86,38,44.13848837209302,35.203152867164924,55.82220588235294,44.13848837209302,0.027928263010602607,85.20243191778194
2e13c71026e1a39ba5cc1b86dcb679aa,3793.0,517.21,24,28,9,135.46428571428572,13.635908252043238,158.04166666666666,135.46428571428572,0.027906852796619436,85.23033877057856
38874e327ce94d11390b96eb42d61928,3779.94,378.49,6,6,2,629.99,10.013121901405842,629.99,629.99,0.027810764344859924,85.25814953492342
5d9dc90a686a8fddacffab6bab5653a3,3761.94,369.33,12,12,5,313.495,9.817540949616422,313.495,313.495,0.027678330031561966,85.28582786495498
edf96ef93ed595084bbcbd9224bd2894,3757.0,608.78,25,28,8,134.17857142857142,16.203886079318604,150.28,134.17857142857142,0.027641984170023524,85.313469849125
2d2c62bef4c8ba0dd74e0e228e808539,3749.0,481.48,16,16,9,234.3125,12.842891437716725,234.3125,234.3125,0.027583124475224433,85.34105297360023
1d0997ff06b524ce9289ffd75114ecd3,3747.0,126.57,3,3,3,1249.0,3.3779023218574857,1249.0,1249.0,0.027568409551524658,85.36862138315175
3c4e0452bff7a2a788179488d3d77032,3746.4,606.12,32,36,10,104.06666666666666,16.178731582319024,117.075,104.06666666666666,0.027563995074414732,85.39618537822616
eb4df17aed01d918c65f0f8d650900c0,3739.87,185.59,11,11,9,339.98818181818183,4.962471957581414,339.98818181818183,339.98818181818183,0.027515950848534965,85.4237013290747
602044f2c16190c2c6e45eb35c2e21cb,3739.16,938.28,50,57,27,65.59929824561404,25.09333647129302,74.7832,65.59929824561404,0.027510727050621547,85.45121205612533
0509040ea3fe50071181bbc359eb7738,3737.95,1445.1499999999999,89,98,34,38.14234693877551,38.661565831538674,41.99943820224719,38.14234693877551,0.027501824521783187,85.4787138806471
77e4abfd739aed9c46480f90f81c0eb4,3736.99,355.21999999999997,18,18,9,207.61055555555555,9.505511119912015,207.61055555555555,207.61055555555555,0.027494761358407293,85.50620864200552
8f119a0aee85c0c8fc534629734e94fd,3733.68,1092.77,77,83,32,44.984096385542166,29.267907265753895,48.48935064935065,44.984096385542166,0.02747040815968417,85.5336790501652
66dc1b1632bd6a3e508510c5b3492107,3721.39,727.87,37,42,20,88.60452380952381,19.55908948000613,100.57810810810811,88.60452380952381,0.027379984953549066,85.56105903511876
23a0ffca143a15b9b5bbdb7d552f626a,3718.51,585.77,23,24,12,154.93791666666667,15.75281497158808,161.67434782608697,154.93791666666667,0.027358795463421397,85.58841783058219
822166ed1e47908f7cfb49946d03c726,3714.83,1821.12,69,108,34,34.396574074074074,49.022970095536,53.838115942028985,34.396574074074074,0.02733172000381381,85.615749550586
ec80e49e69745ab6c14f984bf2149423,3709.0,188.31,12,12,2,309.0833333333333,5.077109733081693,309.0833333333333,309.0833333333333,0.027288826001228974,85.64303837658723
99a54764c341d5dc80b4a8fac4eba3fb,3708.7599999999998,1317.5,45,67,31,55.35462686567164,35.52400263160733,82.41688888888888,55.35462686567164,0.027287060210385,85.67032543679761
a44fb5a447105f8469bdf16bf9159f25,3706.1,586.61,19,19,11,195.0578947368421,15.828229135749172,195.0578947368421,195.0578947368421,0.027267489361864305,85.69759292615947
f3da5b2ff499efb8d4a6d371d175d7dd,3702.29,1124.57,79,84,30,44.07488095238095,30.37498413144297,46.864430379746835,44.07488095238095,0.027239457432216233,85.72483238359169
520b493b57809f446cb0a233bb3e25c7,3698.9,1063.97,63,73,28,50.66986301369863,28.764497553326663,58.712698412698415,50.66986301369863,0.02721451563654512,85.75204689922823
c0563dd588b775f2e37747ef6ad6c92c,3697.2000000000003,397.47999999999996,28,28,8,132.04285714285714,10.750838472357458,132.04285714285714,132.04285714285714,0.027202007951400316,85.77924890717964
4559697a8f7e637227c2eeaed843baff,3696.0,778.27,42,42,3,88.0,21.057088744588746,88.0,88.0,0.027193178997180448,85.80644208617682
38e679b9e0064cd94c6f035707344dae,3694.5099999999998,723.59,28,30,12,123.15033333333332,19.585547203824056,131.9467857142857,123.15033333333332,0.027182216379024116,85.83362430255583
5f5b43b2bffa8656e4bc6efeb13cc649,3677.2,555.45,27,29,18,126.8,15.10524311976504,136.19259259259258,126.8,0.02705485871440258,85.86067916127024
b1fecf4da1fa2689bccffa0121953643,3669.64,397.08,19,20,8,183.482,10.820679957707023,193.13894736842104,183.482,0.02699923630281744,85.88767839757305
2745f798279e0ed033addcc1474776d7,3668.53,696.46,32,32,13,114.6415625,18.98471594889506,114.6415625,114.6415625,0.026991069520164068,85.91466946709322
c731d18cea9bf687ffee82a241c25b11,3662.0,610.65,24,26,18,140.84615384615384,16.675314036045876,152.58333333333334,140.84615384615384,0.026943025294284308,85.9416124923875
df560393f3a51e74553ab94004ba5c87,3661.1800000000003,606.15,28,29,10,126.24758620689656,16.556137638684792,130.7564285714286,126.24758620689656,0.026936992175567404,85.96854948456307
33ac3e28642ab8bda860a2f693000e78,3661.03,490.09000000000003,34,35,18,104.60085714285715,13.386669871593512,107.67735294117648,104.60085714285715,0.02693588855628992,85.99548537311937
8b2492b7ff4468839593fafeed55bad9,3660.08,676.18,29,45,15,81.3351111111111,18.474459574654105,126.20965517241379,81.3351111111111,0.026928898967532526,86.02241427208689
56642bcb79900e777d68e91915cb4267,3657.64,814.15,48,56,8,65.315,22.258888244879213,76.20083333333334,65.315,0.026910946760618806,86.04932521884751
7f2617c58d5d06806987308b45654351,3656.8,326.47,22,23,2,158.9913043478261,8.927751039159922,166.21818181818182,158.9913043478261,0.026904766492664902,86.07622998534018
5d3bb11474a06bdc23fb9e89f1164ee0,3654.6,524.22,31,32,10,114.20625,14.344114266951241,117.89032258064516,114.20625,0.02688858007659515,86.10311856541678
e49c26c3edfa46d227d5121a6b6e4d37,3654.25,1175.46,35,36,31,101.50694444444444,32.1669289183827,104.40714285714286,101.50694444444444,0.02688600496494769,86.13000457038173
f97e2b0650c2068227e1d366140eb62f,3654.0,1011.98,16,21,7,174.0,27.695128626163108,228.375,174.0,0.026884165599485216,86.15688873598121
6bb0724edf0b62fb91ac404873a97241,3653.0,763.52,17,18,10,202.94444444444446,20.901177114700246,214.88235294117646,202.94444444444446,0.026876808137635332,86.18376554411884
406822777a0b9eb5c50e442dd4cd3ec5,3648.08,948.26,45,47,19,77.61872340425532,25.993399267559923,81.06844444444444,77.61872340425532,0.026840609425333888,86.21060615354418
ed4311e67debd72b8610a5347a743087,3636.0,706.81,25,26,7,139.84615384615384,19.439218921892188,145.44,139.84615384615384,0.02675173128618726,86.23735788483036
1eade46fba20122dc4aefb379f8c636b,3635.37,1038.34,58,75,8,48.471599999999995,28.562154608746837,62.67879310344827,48.471599999999995,0.026747096085221835,86.26410498091558
96804ea39d96eb908e7c3afdb671bb9e,3610.7000000000003,755.06,38,40,5,90.26750000000001,20.911734566704514,95.01842105263158,90.26750000000001,0.026565587501385136,86.29067056841696
21e83881401b92b49fb09a16d3852291,3588.0499999999997,594.48,14,15,9,239.20333333333332,16.56833098758379,256.2892857142857,239.20333333333332,0.0263989409904852,86.31706950940745
3364a91ec4d56c98e44174de954b94f6,3579.94,273.91,6,6,4,596.6566666666666,7.6512455516014235,596.6566666666666,596.6566666666666,0.026339271974882623,86.34340878138232
3c010235b7345c92f125d14ee232a76b,3578.0,427.32,15,15,6,238.53333333333333,11.942984907769704,238.53333333333333,238.53333333333333,0.026324998498893845,86.36973377988122
3d8fa2f5b647373c8620330c4e077a9f,3571.73,818.82,43,48,11,74.41104166666666,22.92502512787921,83.06348837209302,74.41104166666666,0.026278867213095056,86.39601264709431
f2336e113377dd21c744d9c4fc8293a9,3563.0,199.07999999999998,4,4,2,890.75,5.587426326129666,890.75,890.75,0.026214636571145547,86.42222728366545
218f991754f360af9c2daa5e0b8e990c,3554.32,265.22,14,17,4,209.07764705882354,7.461905512165477,253.88000000000002,209.07764705882354,0.026150773802288533,86.44837805746774
585175ec331ea177fa47199e39a6170a,3549.0,53.47,1,1,1,3549.0,1.5066215835446606,3549.0,3549.0,0.026111632105247137,86.47448968957298
71039d19d4303bf9054d69e9a9236699,3537.2,621.45,35,38,26,93.08421052631579,17.56898111500622,101.06285714285714,93.08421052631579,0.026024814055418476,86.5005145036284
276677b5d08786d5dce7c2149dcce48b,3522.0,798.64,33,47,18,74.93617021276596,22.675752413401476,106.72727272727273,74.93617021276596,0.025912980635300197,86.52642748426369
6750d71153f00fc58829af2a8ef1bcf1,3514.0,112.5,6,6,6,585.6666666666666,3.2014797951052927,585.6666666666666,585.6666666666666,0.025854120940501105,86.5522816052042
e7d5b006eb624f13074497221eb37807,3478.93,741.49,28,63,8,55.22111111111111,21.313737269792725,124.24749999999999,55.22111111111111,0.025596094753425586,86.57787769995763
244b04680fdbded0acf5aebd9c92b44a,3477.7000000000003,138.81,3,3,3,1159.2333333333333,3.991431118267821,1159.2333333333333,1159.2333333333333,0.02558704507535023,86.60346474503298
8ff38bc3969e67c36c48343a07090f66,3472.0,387.56,2,8,1,434.0,11.162442396313365,1736.0,434.0,0.025545107542805878,86.62900985257579
ed46f1eb4a638113deb2a1137b5f22e9,3470.0,216.68,4,4,3,867.5,6.244380403458213,867.5,867.5,0.025530392619106106,86.6545402451949
bce6a5ecf98e99fd2a8868b15c51f04b,3464.9,241.60000000000002,14,15,3,230.99333333333334,6.9727842073364315,247.49285714285716,230.99333333333334,0.02549286956367168,86.68003311475857
f0837c8d71434931d9e38e7b79234797,3446.9,602.46,22,23,8,149.86521739130436,17.478313847225042,156.67727272727274,149.86521739130436,0.025360435250373722,86.70539355000895
994f04b3718c2bab35c2adfa8afecd2a,3445.7,775.51,49,57,26,60.45087719298245,22.506602432016717,70.3204081632653,60.45087719298245,0.02535160629615386,86.7307451563051
1b8356dabde1d35e17cef975c3f82730,3426.39,987.22,56,61,14,56.17032786885245,28.812248459749185,61.18553571428571,56.17032786885245,0.025209533707832552,86.75595469001294
c394e193cda3b4225ff2094d32184849,3419.88,191.56,3,12,1,284.99,5.601366129805724,1139.96,284.99,0.025161636631189793,86.78111632664414
4677a5437afda5fa7140b927b07be1cc,3415.7,420.0,11,11,9,310.5181818181818,12.296161840911088,310.5181818181818,310.5181818181818,0.025130882440657268,86.8062472090848
f4db9b37944bcb8873e6b456ee190bbf,3409.78,500.16,21,22,8,154.99,14.668395028418255,162.3704761904762,154.99,0.02508732626650594,86.8313345353513
827f8f69dfa529c561901c4f2e0f332f,3408.39,1595.57,91,104,60,32.77298076923077,46.81301142181499,37.45483516483517,32.77298076923077,0.025077099394534594,86.85641163474584
070d165398b553f3b4b851c216b8a358,3393.16,1003.5899999999999,32,39,11,87.00410256410257,29.576854613398716,106.03625,87.00410256410257,0.024965045250560827,86.88137667999641
cfd7ddab722b902f7ac5b5f3ba6d723d,3385.0299999999997,673.0799999999999,12,13,8,260.38692307692304,19.884018753157285,282.0858333333333,260.38692307692304,0.02490522908572125,86.90628190908213
960945e1a9535cbc0cd6ddd35fbe7ae8,3381.73,479.8,28,29,7,116.61137931034483,14.188004364629938,120.77607142857143,116.61137931034483,0.024880949461616623,86.93116285854374
2d50d6282f8aa2257819a77bfaa0efe0,3353.48,798.04,44,45,15,74.52177777777777,23.79736870355571,76.21545454545455,74.52177777777777,0.02467310116435733,86.9558359597081
db4350fd57ae30082dec7acbaacc17f9,3331.31,2090.33,137,146,51,22.81719178082192,62.74798802873344,24.316131386861315,22.81719178082192,0.024509986235145345,86.98034594594324
6481e96574816ead57975da2c0f6d80d,3324.9,1015.96,32,43,20,77.3232558139535,30.556106950584983,103.903125,77.3232558139535,0.024462824904687576,87.00480877084793
6b90f847357d8981edd79a1eb1bf0acb,3322.08,737.65,45,47,12,70.68255319148936,22.204462264605308,73.824,70.68255319148936,0.024442076862270897,87.0292508477102
8c3b533c63cca56240f94f1e3a6b18ef,3312.16,989.61,5,8,4,414.02,29.87808559972948,662.432,414.02,0.02436909084072002,87.05361993855092
a2b5b6105ea5942300631d2e76f4ffe0,3286.6899999999996,722.65,16,16,6,205.41812499999997,21.98716641971102,205.41812499999997,205.41812499999997,0.02418169628740341,87.07780163483832
54c04bdb5ec46762f8f08c7e8f86ed4a,3281.66,476.12,18,19,12,172.71894736842106,14.508510936538215,182.31444444444443,172.71894736842106,0.024144688254298483,87.10194632309262
5b51032eddd242adc84c38acab88f23d,3280.0,268.95,12,14,9,234.28571428571428,8.199695121951219,273.3333333333333,234.28571428571428,0.024132474867627672,87.12607879796025
643214e62b870443ccbe55ab29a4dccf,3270.13,929.65,66,68,32,48.09014705882353,28.42853342221869,49.54742424242424,48.09014705882353,0.024059856719169295,87.15013865467941
52562a9f449c3dc3d53f5f5b9ed74903,3266.6,444.03999999999996,14,14,4,233.32857142857142,13.593338639564074,233.32857142857142,233.32857142857142,0.02403388487883919,87.17417253955824
aeb36d67f1414f234d42a29e27cf1f17,3263.8,284.3,4,4,4,815.95,8.71070531282554,815.95,815.95,0.024013283985659512,87.1981858235439
594f9aaa48e5bf431f011ddc5669b0d5,3248.8,887.61,37,38,24,85.49473684210527,27.32116473774932,87.80540540540541,85.49473684210527,0.023902922057911214,87.22208874560181
a938325a4b357fd23a6a4d5bb126408e,3231.0,560.81,24,25,20,129.24,17.3571649644073,134.625,129.24,0.023771959236983234,87.24586070483879
c64a2aec32cc408a8a4c6d7c46017f91,3221.5,406.67,9,9,2,357.94444444444446,12.623622536085675,357.94444444444446,357.94444444444446,0.023702063349409313,87.2695627681882
afa6714acee029b2dfdf357e5579cc03,3220.7599999999998,382.82,16,17,8,189.45647058823528,11.886014481054161,201.29749999999999,189.45647058823528,0.023696618827640393,87.29325938701584
95f83f51203c626648c875dd41874c7f,3217.46,1609.05,52,67,11,48.02179104477612,50.00994573359109,61.87423076923077,48.02179104477612,0.02367233920353577,87.31693172621937
4c18691b6037662be2df78a765d98ab5,3195.52,1120.99,63,67,31,47.694328358208956,35.08004956939716,50.72253968253968,47.694328358208956,0.02351091649054926,87.34044264270992
bb7a14e229b1c95156719c3d9552eeee,3190.1,329.34999999999997,11,11,6,290.0090909090909,10.324127770289332,290.0090909090909,290.0090909090909,0.023471039047322877,87.36391368175724
d57e18d5f73c7ccb7f7339b61166898d,3187.7,923.49,61,63,25,50.598412698412695,28.970417542428713,52.25737704918033,50.598412698412695,0.023453381138883147,87.38736706289612
e48b04bf1aa1ef711caebeb7aede6180,3187.1000000000004,645.63,25,25,5,127.48400000000001,20.257600953845188,127.48400000000001,127.48400000000001,0.02344896666177322,87.41081602955789
e89c4adbe7b1d0819dbb636e16461cf1,3181.3,454.85,24,25,8,127.25200000000001,14.297614182881214,132.55416666666667,127.25200000000001,0.023406293383043876,87.43422232294094
5c6d4016c2a288f074fa0848a2b653d2,3159.0,514.17,32,35,16,90.25714285714285,16.276353276353277,98.71875,90.25714285714285,0.023242221983791406,87.45746454492473
870d0118f7a9d85960f29ad89d5d989a,3157.2,1270.83,45,61,18,51.75737704918033,40.25180539718738,70.16,51.75737704918033,0.023228978552461612,87.4806935234772
c8b3445d737de6befde0c88ede534a5e,3149.04,651.75,30,36,7,87.47333333333333,20.696783781723955,104.968,87.47333333333333,0.023168941663766537,87.50386246514097
5bc24d989e71e93c33e50a7782431b0e,3148.0,588.53,17,17,9,185.1764705882353,18.69536213468869,185.1764705882353,185.1764705882353,0.023161289903442656,87.52702375504441
f326006815956455b2859abd58fe7e39,3147.16,666.02,9,30,6,104.90533333333333,21.162571969648827,349.6844444444444,104.90533333333333,0.023155109635488752,87.55017886467989
3cfa1358a6caa965278721344c8d76f2,3140.2799999999997,81.25,5,5,4,628.0559999999999,2.5873488988243087,628.0559999999999,628.0559999999999,0.023104490297961532,87.57328335497786
b1ac6ea7895bc3dd6f0f6f4abbdd2821,3139.0,825.33,40,41,3,76.5609756097561,26.292768397578847,78.475,76.5609756097561,0.023095072746793677,87.59637842772466
238fac594e170b59c6d228f5a4f4f1d9,3126.0,1419.52,29,30,6,104.2,45.41010876519514,107.79310344827586,104.2,0.022999425742745154,87.6193778534674
430315b7bb4b6e4b3c978f9dfa9b0558,3118.4,586.23,20,21,14,148.4952380952381,18.799063622370447,155.92000000000002,148.4952380952381,0.022943509032686018,87.64232136250008
3bdff180c7e1f6551a643b99c265a120,3114.9,1046.96,59,61,17,51.06393442622951,33.61135188930624,52.79491525423729,51.06393442622951,0.022917757916211413,87.6652391204163
5b35136197710e16ac5e7b7c2bd4ea85,3104.2000000000003,246.08999999999997,7,9,5,344.91111111111115,7.927646414535144,443.4571428571429,344.91111111111115,0.02283903307441763,87.68807815349072
08cdbae123ff67ca4e36d9d641ce0119,3098.99,1096.47,4,6,3,516.4983333333333,35.38152752993718,774.7475,516.4983333333333,0.02280070069817972,87.7108788541889
f61c63d13f7cd800549d5acdd390ae72,3072.3,429.39,26,26,11,118.16538461538462,13.97617420173811,118.16538461538462,118.16538461538462,0.02260433004140625,87.73348318423031
bd697db56ff8e7c9cd1abeb7f72029b2,3069.78,345.42,22,22,18,139.53545454545454,11.25227214979575,139.53545454545454,139.53545454545454,0.022585789237544538,87.75606897346785
aae3bfea055532c57fb453ed3ec80b30,3057.92,799.25,48,50,5,61.1584,26.137047404771867,63.70666666666667,61.1584,0.02249852974000488,87.77856750320785
612a743d294c27884fb7b80d2b19ba35,3057.7000000000003,104.45,2,3,2,1019.2333333333335,3.415966249141511,1528.8500000000001,1019.2333333333335,0.02249691109839791,87.80106441430625
d9e8c084b68fe958861d8f2c21202e6b,3050.0,181.86,9,12,2,254.16666666666666,5.962622950819672,338.8888888888889,254.16666666666666,0.02244025864215378,87.8235046729484
b8555308bfdb4ca1ed54325a58da9a97,3047.2000000000003,582.83,26,28,4,108.82857142857144,19.126739301653977,117.20000000000002,108.82857142857144,0.0224196577489741,87.84592433069737
0ebd97a106433a45a4aebe57c1799778,3046.8,614.88,31,32,10,95.2125,20.1811736904293,98.28387096774195,95.2125,0.022416714764234145,87.8683410454616
9646c3513289980f17226a2fc4720dbd,3039.2999999999997,1208.02,71,78,24,38.965384615384615,39.746652189648934,42.807042253521125,38.965384615384615,0.022361533800359993,87.89070257926197
4da0e408c99d2fdc2126dc9fce518060,3026.0,938.73,44,54,30,56.03703703703704,31.022141440846003,68.77272727272727,56.03703703703704,0.022263679557756506,87.91296625881972
d17f467e4bf608a510c20d82f4ba3b6b,3021.66,534.89,12,12,11,251.80499999999998,17.701859242932695,251.80499999999998,251.80499999999998,0.022231748173327997,87.93519800699305
4c8545742faaf58fafd5fd14d25d75cf,3020.0,196.31,4,4,4,755.0,6.500331125827814,755.0,755.0,0.022219534786657186,87.9574175417797
55f7a3319d80f7fdf078b8f03e6725fe,3013.78,406.67,22,22,4,136.99,13.493685670486895,136.99,136.99,0.022173771373950893,87.97959131315366
f4aba7c0bca51484c30ab7bdc34bcdd1,3009.79,1547.71,110,117,12,25.724700854700853,51.42252449506444,27.361727272727272,25.724700854700853,0.022144415101169844,88.00173572825483
49e7217cfe4e427191c378ec626d8737,3002.7,375.61,13,14,9,214.47857142857143,12.50907516568422,230.97692307692307,214.47857142857143,0.02209225069665415,88.02382797895149
c9aafcd0621b2207c10e32c649cada4d,2997.25,888.65,44,52,31,57.63942307692308,29.64884477437651,68.11931818181819,57.63942307692308,0.02205215252957227,88.04588013148106
5bc55dbe2f12b6af6d83ed46023e0dc8,2992.1,417.28,17,21,9,142.48095238095237,13.946057952608534,176.00588235294117,142.48095238095237,0.022014261601045353,88.0678943930821
8cbac7e12637ed9cffa18c7875207478,2990.98,1663.37,67,82,21,36.47536585365854,55.612876047315595,44.64149253731343,36.47536585365854,0.02200602124377348,88.08990041432587
0c7533c71df861ec58ad7ff999ed0e8d,2989.2999999999997,874.21,61,73,29,40.94931506849315,29.24463921319373,49.00491803278688,40.94931506849315,0.02199366070786567,88.11189407503373
974cf2cb8f4b7add98709c30df02fe10,2982.67,577.01,33,33,11,90.3839393939394,19.345418702035424,90.3839393939394,90.3839393939394,0.021944880735800924,88.13383895576953
2156f2671501a81034d7d07f217609d0,2981.5,452.39,22,22,12,135.52272727272728,15.173234948851249,135.52272727272728,135.52272727272728,0.021936272505436553,88.15577522827498
fce62094ffe6a4009188ec44e681dfdd,2969.7,482.93,4,11,3,269.97272727272724,16.261911977640843,742.425,269.97272727272724,0.021849454455607892,88.17762468273058
432c37c9dfba871172ec162e20118b8c,2968.87,969.67,46,57,17,52.08543859649123,32.661248219019356,64.54065217391305,52.08543859649123,0.021843347762272487,88.19946803049285
b494891378bd8f4560abe576c52deacd,2958.9,311.92,20,22,21,134.49545454545455,10.541755382067661,147.945,134.49545454545455,0.021769993867629123,88.22123802436049
e908c0f3646e8b60375734a350d95d71,2951.0,58.53,1,1,1,2951.0,1.9833954591663843,2951.0,2951.0,0.02171186991901502,88.2429498942795
dd58ee93286b0821565574c570e9e1dc,2948.0,75.31,2,2,2,1474.0,2.5546132971506106,1474.0,1474.0,0.02168979753346536,88.26463969181297
1996942dc085d7773ba77a529b163cd0,2943.51,239.92,10,10,8,294.351,8.150813144850874,294.351,294.351,0.02165676252975937,88.28629645434273
60562ab00b8054280520d390c8c0045c,2943.0,304.09,17,17,5,173.11764705882354,10.332653754672103,173.11764705882354,173.11764705882354,0.021653010224215924,88.30794946456695
cb5df0dcb9e280b1780e9d589889f2c7,2934.7200000000003,754.49,16,19,15,154.45894736842106,25.709096608875804,183.42000000000002,154.45894736842106,0.02159209044009887,88.32954155500704
be9a160a9011f627c3e121d076c1ec7b,2934.0,248.52,7,7,7,419.14285714285717,8.47034764826176,419.14285714285717,419.14285714285717,0.021586793067566945,88.35112834807461
f44b6f775a2b390380e0e30b5c9d3eee,2930.0,258.24,10,10,10,293.0,8.813651877133106,293.0,293.0,0.0215573632201674,88.37268571129478
606ce7768feac12c5e8bd58db8b08f0f,2916.6,102.26,5,5,5,583.3199999999999,3.506137283137901,583.3199999999999,583.3199999999999,0.021458773231378923,88.39414448452615
a6fe7de3d16f6149ffe280349a8535a0,2904.7999999999997,742.62,51,52,12,55.86153846153846,25.56527127513082,56.956862745098036,55.86153846153846,0.02137195518155026,88.4155164397077
b1204cfda1d4948679db3cfc0d3cb95c,2903.7,174.45,7,11,4,263.97272727272724,6.007852050831698,414.8142857142857,263.97272727272724,0.021363861973515388,88.43688030168121
20d83f3ef0e6925fd74bfd59170babf7,2903.6,653.61,40,54,48,53.770370370370365,22.510332001653122,72.59,53.770370370370365,0.021363126227330397,88.45824342790854
d3dcf0604eabf0224fbd5948b5e02f69,2902.2999999999997,165.10999999999999,9,9,8,322.47777777777776,5.688936360817283,322.47777777777776,322.47777777777776,0.021353561526925545,88.47959698943546
4305fe92735c8a43d154ff6dd2b8d927,2885.9,428.35,19,21,5,137.42380952380952,14.842856647839495,151.88947368421054,137.42380952380952,0.021232899152587408,88.50082988858806
1771297ac436903d1dd6b0e9279aa505,2881.27,585.16,28,36,9,80.03527777777778,20.309099806682468,102.9025,80.03527777777778,0.021198834104222433,88.52202872269228
cb3dd9ce66268c7a3ca7241ac70ab58c,2879.76,845.95,50,52,27,55.38,29.37571186487763,57.595200000000006,55.38,0.021187724336829104,88.54321644702911
1987cd4be10fe09ee50454f9c354d1c6,2877.7,257.53000000000003,14,16,7,179.85625,8.949160788129412,205.54999999999998,179.85625,0.021172567965418335,88.56438901499453
b335c59ab742f751a85db9c411a86739,2873.34,607.38,33,35,21,82.09542857142857,21.138466036041677,87.0709090909091,82.09542857142857,0.021140489431752833,88.58552950442629
4342d4b2ba6b161468c63a7e7cfce593,2867.1,296.21,20,20,3,143.355,10.331345261762756,143.355,143.355,0.021094578869809543,88.6066240832961
977f9f63dd360c2a32ece2f93ad6d306,2858.8700000000003,934.98,24,25,19,114.35480000000001,32.70453011154756,119.11958333333335,114.35480000000001,0.02103402695878498,88.62765811025488
2a1348e9addc1af5aaa619b1a3679d6b,2843.0,788.4,52,55,34,51.69090909090909,27.731269785437917,54.67307692307692,51.69090909090909,0.02091726403922728,88.64857537429411
fec6275253471ace26d209bbaa64cd0f,2840.0,355.66999999999996,9,10,2,284.0,12.523591549295773,315.55555555555554,284.0,0.02089519165367762,88.66947056594779
491a5ada3aa1678414e990262c4bbdc1,2840.0,33.81,2,2,1,1420.0,1.190492957746479,1420.0,1420.0,0.02089519165367762,88.69036575760147
d32e3909cfb714fb2a6cb092c85b9c5f,2827.9,251.0,10,11,8,257.08181818181816,8.875844266063156,282.79,257.08181818181816,0.02080616636529399,88.71117192396676
730937bf88cb151eb2eb849f642fc213,2821.2,455.96999999999997,22,26,5,108.5076923076923,16.162271373883456,128.23636363636362,108.5076923076923,0.02075687137089975,88.73192879533767
1838dd9b8977065acf51d95e0053ea7a,2820.3,1255.58,64,67,14,42.094029850746274,44.51937737120164,44.0671875,42.094029850746274,0.020750249655234858,88.7526790449929
dd533b429f380718b70ad9922c294bae,2819.77,1151.21,41,45,15,62.66155555555555,40.826379456480495,68.7748780487805,62.66155555555555,0.020746350200454414,88.77342539519336
f593898ec748b7a8cb81fc04edafd98a,2813.04,728.08,20,23,8,122.30608695652174,25.88231948354805,140.652,122.30608695652174,0.02069683448220468,88.79412222967557
5f1dc28029d2c244352a68107ec2b542,2807.3,996.16,62,78,36,35.991025641025644,35.484629359170725,45.27903225806452,35.991025641025644,0.02065460265118633,88.81477683232676
3fd1e727ba94cfe122d165e176ce7967,2805.2000000000003,589.22,37,38,12,73.82105263157895,21.004562954513045,75.81621621621622,73.82105263157895,0.02063915198130157,88.83541598430806
820cc752a266cdc6c1a1e61dd4583330,2802.7999999999997,275.97,15,15,4,186.85333333333332,9.846225203368062,186.85333333333332,186.85333333333332,0.02062149407286184,88.85603747838091
df56d7b40d437f88407c5f78b63bc328,2791.28,460.21999999999997,22,25,8,111.6512,16.48777621736264,126.87636363636365,111.6512,0.02053673611235115,88.87657421449326
f7ccf836d21b2fb1de37564105216cc1,2787.4,1123.04,70,74,23,37.667567567567566,40.28987586998636,39.82,37.667567567567566,0.020508189160373592,88.89708240365363
62c50c1af4dfdc4149d25c5222043d39,2785.7200000000003,310.31,14,19,5,146.61684210526317,11.139310483465675,198.98000000000002,146.61684210526317,0.020495828624465782,88.91757823227809
ae7ab174effdead6c241e547e4ca13f0,2778.6,795.46,6,7,5,396.9428571428571,28.628086086518394,463.09999999999997,396.9428571428571,0.020443443496094588,88.93802167577418
a17f621c590ea0fab3d5d883e1630ec6,2778.58,1122.96,65,80,34,34.73225,40.41488818029354,42.74738461538461,34.73225,0.020443296346857587,88.95846497212104
8d79c8a04e42d722a75097ce5cbcf2ef,2777.7200000000003,757.4399999999999,27,28,3,99.20428571428572,27.268407182869396,102.87851851851853,99.20428571428572,0.02043696892966669,88.97890194105071
f125f3a310c2e5f822d116147de1e474,2761.4,287.89,16,22,4,125.51818181818182,10.425508799884115,172.5875,125.51818181818182,0.02031689515227654,88.99921883620299
8f54d64f28a993550aa7943f12572959,2755.5,377.62,15,16,10,172.21875,13.704227907820723,183.7,172.21875,0.02027348612736221,89.01949232233035
a1474fd46fd3430168f7ec202da39408,2752.5,661.02,12,14,8,196.60714285714286,24.01525885558583,229.375,196.60714285714286,0.02025141374181255,89.03974373607217
1444c08e64d55fb3c25f0f09c07ffcf2,2749.0,69.74,1,1,1,2749.0,2.5369225172790104,2749.0,2749.0,0.020225662625337947,89.0599693986975
052577151711aec5c744fe12e66db3e1,2748.0,222.42,4,4,1,687.0,8.093886462882095,687.0,687.0,0.02021830516348806,89.08018770386099
f805b96fa705ba7995a221f1749dc141,2744.44,242.43,7,7,6,392.0628571428571,8.833496086633339,392.0628571428571,392.0628571428571,0.020192112599302467,89.10037981646029
3b872fd4747f01cc56206f2934198618,2726.7400000000002,1116.37,25,27,13,100.99037037037039,40.9415639188188,109.06960000000001,100.99037037037039,0.020061885524559477,89.12044170198484
5cbbd5a299cab112b7bf23862255e43e,2726.06,659.15,36,38,22,71.73842105263158,24.179585188880655,75.7238888888889,71.73842105263158,0.02005688245050155,89.14049858443535
33576ec5412fb5905d876f12f33bfde6,2718.0,569.98,31,32,1,84.9375,20.970566593083152,87.6774193548387,84.9375,0.019997581307991466,89.16049616574334
458d868c9642f55f18f04e951a3fdde6,2718.0,104.75,2,2,1,1359.0,3.8539367181751287,1359.0,1359.0,0.019997581307991466,89.18049374705133
78744a20ee2f80ba64f6804c25def2b8,2715.0,353.85,6,6,3,452.5,13.033149171270718,452.5,452.5,0.01997550892244181,89.20046925597377
fe26f3ecb51a15e6d8335cd92da42562,2708.96,262.59000000000003,7,7,7,386.9942857142857,9.693387868407065,386.9942857142857,386.9942857142857,0.019931069852868494,89.22040032582665
d93844a9c55ba7ce353388bcf849ea56,2708.5,521.02,12,14,12,193.46428571428572,19.236477755215063,225.70833333333334,193.46428571428572,0.019927685420417545,89.24032801124706
51702dc2a3e106c76dbff722b5bf0726,2705.1,581.94,13,14,8,193.22142857142856,21.512698236664082,208.08461538461538,193.22142857142856,0.01990267005012793,89.26023068129719
e99e927c81e3f51739c94fcdfca9f10f,2702.83,657.64,22,25,6,108.11319999999999,24.331533984749317,122.8559090909091,108.11319999999999,0.01988596861172869,89.28011664990892
31561f325664a8a7aba4c8d0c3a9b3db,2702.19,627.17,36,38,25,71.11026315789474,23.209692878739094,75.06083333333333,71.11026315789474,0.01988125983614476,89.29999790974506
82bd0703a4aefd6b599e5bfdaed378fb,2692.28,392.56,21,24,16,112.17833333333334,14.58094997548546,128.20380952380953,112.17833333333334,0.01980834738921239,89.31980625713427
850913d59ce317156b00f3705f1c3edb,2690.0,580.96,32,34,9,79.11764705882354,21.59702602230483,84.0625,79.11764705882354,0.019791572376194645,89.33959782951047
0015a82c2db000af6aaaf3ae2ecb0532,2685.0,63.06,3,3,1,895.0,2.3486033519553073,895.0,895.0,0.019754785066945214,89.35935261457742
ffa6adafb71b807dc13159e26431354c,2669.9,537.08,18,18,10,148.32777777777778,20.116109217573694,148.32777777777778,148.32777777777778,0.01964368739301193,89.37899630197043
d93919c944be9cff128f6c9cb899eacb,2666.7000000000003,957.31,33,33,6,80.80909090909091,35.898676266546666,80.80909090909091,80.80909090909091,0.019620143515092295,89.39861644548553
9c068d10aca38e85c50202e17b4a7e88,2658.9,449.93,17,17,13,156.40588235294118,16.921659332806797,156.40588235294118,156.40588235294118,0.019562755312663178,89.41817920079819
d25aa0aaacb370e912f8cf6efeba38b3,2658.45,714.6800000000001,17,21,5,126.59285714285713,26.883334273730934,156.37941176470588,126.59285714285713,0.019559444454830727,89.43773864525302
6f229cc508fc6915ed5c499efd93baa4,2654.8,333.88,13,14,12,189.62857142857143,12.576465270453518,204.21538461538464,189.62857142857143,0.019532589719078643,89.4572712349721
0885aaf116795758dfeb5f1032487bcd,2648.0,514.32,28,30,20,88.26666666666667,19.42296072507553,94.57142857142857,88.26666666666667,0.019482558978499414,89.47675379395059
4e8dacf3d38f281ae26c3e0321d92d88,2644.95,216.16,10,15,5,176.32999999999998,8.172555246791054,264.495,176.32999999999998,0.019460118719857256,89.49621391267046
bc302730ea8cf49b5c74f579febb5bbf,2640.9,289.27,11,11,9,240.0818181818182,10.953462834639705,240.0818181818182,240.0818181818182,0.01943032099936522,89.51564423366982
f1b93673502375d491780bb49d615dbc,2638.9300000000003,320.35,8,10,8,263.89300000000003,12.139389828453199,329.86625000000004,263.89300000000003,0.019415826799520943,89.53506006046933
1b7e5006cb25dd23ce8686691013b121,2636.74,149.22,11,11,7,239.70363636363635,5.659261057214591,239.70363636363635,239.70363636363635,0.01939971395806969,89.5544597744274
ccf8813e5a7d6c84d865cd38bfc2b130,2635.5,415.79,26,26,8,101.36538461538461,15.776512995636502,101.36538461538461,101.36538461538461,0.019390590705375833,89.57385036513277
ea6b12bf9ffe2bac34602ec631d97a47,2625.7999999999997,205.52,11,11,8,238.7090909090909,7.82694797775916,238.7090909090909,238.7090909090909,0.01931922332543193,89.5931695884582
9906e7aa42a3c067b7c9a564d01c4320,2619.0,496.59999999999997,12,16,2,163.6875,18.961435662466588,218.25,163.6875,0.019269192584852705,89.61243878104305
8ab42aa58097fd4668d60cc648225d5f,2616.75,593.64,20,26,15,100.64423076923077,22.68615649183147,130.8375,100.64423076923077,0.01925263829569046,89.63169141933875
a369d693961cb93b61ca2cc518872a85,2597.0,616.79,11,18,7,144.27777777777777,23.750096264921062,236.0909090909091,144.27777777777777,0.019107328424155204,89.6507987477629
fdaaf5bfda82b7b80535610c831b8d09,2588.9,259.42,10,15,12,172.59333333333333,10.020472015141566,258.89,172.59333333333333,0.019047732983171122,89.66984648074607
cd06602b43d8800bd0afad514919d35c,2588.07,747.26,44,53,20,48.83150943396227,28.87325304184199,58.81977272727273,48.83150943396227,0.019041626289835717,89.68888810703591
244c2f1bff6afe1f2eaf9bfe9b2aed38,2580.0,1214.87,23,27,11,95.55555555555556,47.08798449612402,112.17391304347827,95.55555555555556,0.01898225157270713,89.70787035860862
04aba03279157f6d4e0fe8ccaf21963c,2575.9,346.43,16,16,12,160.99375,13.448891649520556,160.99375,160.99375,0.018952085979122596,89.72682244458774
2c4c47cb51acd5ea5db5e0ae0e26542a,2575.9,341.47,12,15,4,171.72666666666666,13.256337590744982,214.65833333333333,171.72666666666666,0.018952085979122596,89.74577453056686
b76dba6c951ab00dc4edf0a1aa88037e,2574.7799999999997,2307.1,159,169,37,15.235384615384614,89.60377197275108,16.193584905660376,15.235384615384614,0.01894384562185072,89.76471837618871
41ab63a91b8b264e8c8780368bf1dd5b,2571.95,302.27,12,13,9,197.84230769230768,11.752561286183635,214.32916666666665,197.84230769230768,0.018923024004815544,89.78364140019353
1ce3ae5a399804d1a87e706f8a813c3e,2563.0,853.69,40,44,19,58.25,33.3082325399922,64.075,58.25,0.01885717472125906,89.8024985749148
f1c1ac3f3efc07e659c035008e615e66,2561.96,302.82,4,14,4,182.99714285714285,11.81985667223532,640.49,182.99714285714285,0.01884952296093518,89.82134809787573
323ce52b5b81df2cd804b017b7f09aa7,2554.2,401.47,30,30,14,85.14,15.71803304361444,85.14,85.14,0.01879242905698006,89.84014052693271
157c3e4b42f81ac4a44e8b1ca2fe9876,2548.5,583.32,23,31,13,82.20967741935483,22.888758092995882,110.80434782608695,82.20967741935483,0.018750491524435708,89.85889101845714
bb5bd94c8f59cc050072d2930c869cac,2543.87,302.77000000000004,16,17,12,149.63941176470587,11.901944674845808,158.991875,149.63941176470587,0.018716426476070733,89.87760744493322
fe49ee029e61e789a1f3a5525f57ba8d,2527.5899999999997,224.85,17,17,11,148.68176470588233,8.895825667928738,148.68176470588233,148.68176470588233,0.01859664699715458,89.89620409193037
cce6ab8d1682639fe45ab70234f1665f,2522.7,1167.44,63,66,17,38.22272727272727,46.27740119713006,40.04285714285714,38.22272727272727,0.018560669008708636,89.91476476093908
47efca563408aae19bb7206c2d969ea9,2522.0,443.32,12,12,5,210.16666666666666,17.578112609040446,210.16666666666666,210.16666666666666,0.018555518785413713,89.9333202797245
ede0c03645598cdfc63ca8237acbe73d,2518.37,751.5,46,50,24,50.367399999999996,29.84073031365526,54.747173913043476,50.367399999999996,0.018528811198898626,89.9518490909234
318f287a62ab7ac10b703ac37435a231,2517.48,1117.12,52,62,7,40.604516129032255,44.37453326342215,48.41307692307692,40.604516129032255,0.018522263057852227,89.97037135398125
3d39fbf22a665714baf62fae36029e23,2504.2,130.63,8,8,4,313.025,5.2164363868700585,313.025,313.025,0.018424555964485737,89.98879590994574
de0c78824586e9a5f5f04fd84e25df39,2489.3,208.53,14,16,4,155.58125,8.37705379022215,177.80714285714288,155.58125,0.01831492978292243,90.00711083972865
cea729054f157f5870bdd321a958d994,2482.1,349.52,24,26,17,95.46538461538461,14.081624430925427,103.42083333333333,95.46538461538461,0.018261956057603244,90.02537279578625
6989574bd97d9773f10d232b6c07da59,2478.3999999999996,321.1,7,7,4,354.0571428571428,12.955939315687543,354.0571428571428,354.0571428571428,0.01823473344875866,90.04360752923502
5eeb9c756d9780b96283e5a2ac6da334,2471.0,247.74,9,9,7,274.55555555555554,10.025900445163902,274.55555555555554,274.55555555555554,0.018180288231069507,90.06178781746608
c2d70ce2c5d0a2eb75e78668236e6dc8,2470.9,229.01999999999998,13,15,4,164.72666666666666,9.268687522764983,190.06923076923078,164.72666666666666,0.018179552484884516,90.07996736995096
3a734b715d333a2588a3d54a0c9b8746,2463.52,395.64,18,24,10,102.64666666666666,16.05994674287199,136.86222222222221,102.64666666666666,0.018125254416432354,90.0980926243674
1c40343cc5d18c2d8248ac2f3366de34,2461.41,378.01,21,22,12,111.88227272727272,15.357457717324625,117.21,111.88227272727272,0.018109730171929093,90.11620235453933
fa74b2f3287d296e9fbd2cc80f2d1cf1,2459.89,175.79000000000002,11,11,5,223.62636363636364,7.146254507315369,223.62636363636364,223.62636363636364,0.018098546829917263,90.13430090136924
a08692680c77d30a0b4280da5df01c5a,2433.0,227.91000000000003,6,17,4,143.11764705882354,9.367447595561035,405.5,143.11764705882354,0.01790070468077382,90.15220160605001
5160d23075764e18e07c1f4a87fad743,2429.0,486.42,34,39,29,62.282051282051285,20.025524907369288,71.44117647058823,62.282051282051285,0.017871274833374272,90.17007288088338
efcd8d2104f1a05d028af7bad20d974b,2424.78,855.41,47,51,34,47.54470588235294,35.27783963906003,51.59106382978724,47.54470588235294,0.017840226344367754,90.18791310722774
ed859002ad59dbf8cf3602696a6c3000,2421.7,268.94,7,13,5,186.28461538461536,11.105421811124417,345.95714285714286,186.28461538461536,0.0178175653618701,90.20573067258961
4b0fdb526525f9890eb145bf1534640e,2419.0,535.21,18,20,10,120.95,22.125258371227783,134.38888888888889,120.95,0.01779770021487541,90.22352837280448
888faa8bfb0b159c37de6d898b961c31,2418.2999999999997,526.7,19,23,14,105.14347826086956,21.779762643179097,127.27894736842104,105.14347826086956,0.017792549991580486,90.24132092279606
d06d019f72a04e5497a0b64190af170c,2415.93,225.51,17,17,5,142.1135294117647,9.334293626057047,142.1135294117647,142.1135294117647,0.017775112806996254,90.25909603560306
d3f39f05462b79a4562d35893a28f159,2411.3,557.47,34,38,6,63.45526315789474,23.119064405092686,70.92058823529412,63.45526315789474,0.017741047758631282,90.2768370833617
1354d51653f645349064725ed204e85e,2410.0,284.72,18,20,13,120.5,11.81410788381743,133.88888888888889,120.5,0.01773148305822643,90.29456856641993
76833248bbc0e65a0293ec62023e4396,2399.98,230.7,2,2,2,1199.99,9.612580104834207,1199.99,1199.99,0.017657761290490567,90.31222632771042
0bb738e4d789e63e2267697c42d35a2d,2388.3,642.34,30,31,4,77.04193548387097,26.895281162333042,79.61,77.04193548387097,0.017571826136083896,90.3297981538465
6bbcb8924baf70b7fe2fe2097e8cd407,2382.5,264.33,10,11,7,216.5909090909091,11.094648478488981,238.25,216.5909090909091,0.01752915285735455,90.34732730670385
acadd4d36859671cb635527c6c977533,2381.0,265.94,12,12,9,198.41666666666666,11.169256614867702,198.41666666666666,198.41666666666666,0.01751811666457972,90.36484542336842
cfe94489ddd337d1e29e12f2a7205d10,2376.0,296.82,20,24,1,99.0,12.492424242424242,118.8,99.0,0.017481329355330286,90.38232675272376
8a87611c08849ffeeccab52aa798b6c7,2369.8,485.32,13,14,7,169.27142857142857,20.479365347286688,182.2923076923077,169.27142857142857,0.017435713091860996,90.39976246581561
120476eb7a04c149d14772edaf5d9bf2,2368.8,150.83,4,6,4,394.8,6.367359000337723,592.2,394.8,0.01742835563001111,90.41719082144563
f615fe7efbef0f4f08fd3086bc7a3e60,2359.27,389.69,23,24,18,98.30291666666666,16.517397330530205,102.57695652173913,98.30291666666666,0.01735823901858169,90.4345490604642
4978a02ea9c8be7a9b5480680f40334e,2356.61,340.23,18,19,14,124.0321052631579,14.437263696581107,130.92277777777778,124.0321052631579,0.01733866817006099,90.45188772863426
8603f0038fe0e52fedd3382d266723de,2355.0,490.12,10,10,9,235.5,20.811889596602974,235.5,235.5,0.017326822656482672,90.46921455129075
3504c0cb71d7fa48d967e0e4c94d59d9,2349.94,687.37,53,53,14,44.338490566037734,29.25053405618867,44.338490566037734,44.338490566037734,0.017289593899522247,90.48650414519027
4391ea5c5990502176a1dcda44a2373d,2349.0,135.3,3,5,3,469.8,5.7598978288633464,783.0,469.8,0.017282677885383353,90.50378682307566
5a93f3ab0ef4c84ed5e1b5dbf23978bc,2338.25,697.14,39,44,8,53.14204545454545,29.814604939591575,59.955128205128204,53.14204545454545,0.01720358517049707,90.52099040824615
34f563c82a85b99ae9e6d60db5fc2e28,2332.3,246.2,8,8,4,291.5375,10.556103417227627,291.5375,291.5375,0.01715980827249025,90.53815021651864
8bdd8e3fd58bafa48af76b2c5fd71974,2324.82,190.73,11,11,5,211.34727272727275,8.204076014487143,211.34727272727275,211.34727272727275,0.0171047744578531,90.5552549909765
1d4587203296c8f4ad134dc286fa6db0,2323.3,704.24,42,43,30,54.03023255813954,30.312056127060643,55.31666666666667,54.03023255813954,0.017093591115841272,90.57234858209233
df91910b6a03bb2e3358fa6a35e32f6f,2312.1,395.02,14,14,4,165.15,17.084901172094632,165.15,165.15,0.01701118754312254,90.58935976963545
daeb5653dd96c1b11860f72209795012,2305.9,632.16,40,41,27,56.24146341463415,27.414892232967603,57.6475,56.24146341463415,0.016965571279653247,90.6063253409151
fd386aa7bed2af3c7035c65506c9b4a3,2304.15,1012.02,69,76,41,30.31776315789474,43.92161968621834,33.393478260869564,30.31776315789474,0.016952695721415945,90.62327803663652
6338ea67c41078a46ad99cc009654956,2286.09,924.3,37,44,21,51.95659090909091,40.43147907562694,61.78621621621622,51.95659090909091,0.016819819960406997,90.64009785659692
9a84ba99f5367fdbd4598363496f1ea2,2284.98,435.95,16,16,3,142.81125,19.07894160999221,142.81125,142.81125,0.01681165317775362,90.65690950977468
7238a95bb63ef7e498389fb863b834a1,2265.7,569.41,15,15,6,151.04666666666665,25.131747362845918,151.04666666666665,151.04666666666665,0.016669801313287807,90.67357931108796
e8f6dc8e6a1dcde89d20e3995c8d90b3,2256.34,2051.68,36,48,29,47.007083333333334,90.92955848852566,62.67611111111111,47.007083333333334,0.016600935470372873,90.69018024655834
8fe8786ee000001ab51d030dfd4a7bf1,2255.0,201.44,5,5,2,451.0,8.933037694013302,451.0,451.0,0.016591076471494024,90.70677132302984
655220df33262c7e0c4949a147366f94,2245.0,681.53,13,15,3,149.66666666666666,30.357683741648106,172.69230769230768,149.66666666666666,0.01651750185299516,90.72328882488284
7b8e8ec35bad4b0ef7e3963650b0a87b,2244.2799999999997,372.02,5,5,3,448.85599999999994,16.57636302065696,448.85599999999994,448.85599999999994,0.016512204480463238,90.7398010293633
1b1ae47a313a825a7ccceb8e2e30fa9d,2243.9,246.5,11,11,6,203.9909090909091,10.985338027541333,203.9909090909091,203.9909090909091,0.016509408644960283,90.75631043800827
3e8bd881d92466e63ba9e3e809cd3c50,2242.28,207.97,9,10,8,224.228,9.274934441728954,249.14222222222224,224.228,0.01649748955676347,90.77280792756504
5abb8ea023c77787f2c15da891c8d384,2241.0,746.2,13,13,5,172.3846153846154,33.29763498438197,172.3846153846154,172.3846153846154,0.016488072005595614,90.78929599957064
54583ab379489add547fe47b628db589,2240.0,151.07999999999998,10,10,6,224.0,6.744642857142856,224.0,224.0,0.016480714543745726,90.80577671411439
e5f9e61ceb5f523cc966e0f34095032f,2238.0,115.44,4,4,2,559.5,5.158176943699732,559.5,559.5,0.016465999620045954,90.82224271373444
cac876b37d3abcd6bd76caca30277996,2229.77,729.02,27,33,14,67.56878787878787,32.69485193540141,82.58407407407407,67.56878787878787,0.01640544770902139,90.83864816144346
b83cedfb587e7911540e3f576d6917ce,2224.95,343.8,24,25,16,88.99799999999999,15.452032629946741,92.70625,88.99799999999999,0.016369984742904933,90.85501814618637
b74d1c09cb380e1d03a6f859c6f4224b,2221.6,831.6,31,39,11,56.96410256410256,37.432481094706525,71.66451612903225,56.96410256410256,0.016345337245707817,90.87136348343208
fb89df7f89fd1b8f03fa2acca1ba7364,2220.0,467.43,22,25,10,88.8,21.055405405405406,100.9090909090909,88.8,0.016333565306747996,90.88769704873883
3a4127e1ba7208ea37044c5092aae170,2219.6,91.35000000000001,6,6,3,369.93333333333334,4.115606415570373,369.93333333333334,369.93333333333334,0.01633062232200804,90.90402767106083
747e73c01a4593d4cf60dcf970fd2689,2217.99,123.77000000000001,3,3,3,739.3299999999999,5.580277638763025,739.3299999999999,739.3299999999999,0.016318776808429726,90.92034644786926
77a515caa36327151d1cc6c32a9f00e1,2217.39,396.19,26,26,19,85.28423076923076,17.867402667099608,85.28423076923076,85.28423076923076,0.01631436233131979,90.93666081020058
abbf6046bbdf1028606a5bc7f00c99e7,2217.15,175.99,7,7,4,316.7357142857143,7.937667726585933,316.7357142857143,316.7357142857143,0.016312596540475822,90.95297340674105
f214d28e8d8e3ef068748498ccc2f813,2212.41,809.11,54,59,21,37.498474576271185,36.571431154261646,40.970555555555556,37.498474576271185,0.016277722171307355,90.96925112891236
4992e76a42cb3aad7a7047e0d3d7e729,2211.1,1007.47,57,74,23,29.87972972972973,45.564198815069425,38.791228070175436,29.87972972972973,0.016268083896284008,90.98551921280864
e5475dcab1e07b63d7f6e902d8f5eda8,2192.0,251.22,19,19,10,115.36842105263158,11.460766423357665,115.36842105263158,115.36842105263158,0.016127556374951175,91.0016467691836
91f0eec23d4a61d7d7caeefa3f0ad1ca,2190.8,354.46,11,11,2,199.16363636363639,16.1794778163228,199.16363636363639,199.16363636363639,0.016118727420731314,91.01776549660433
0725b8c0f3f906e58f70cbe76b7c748c,2190.3,715.69,17,37,15,59.197297297297304,32.675432589143036,128.84117647058824,59.197297297297304,0.01611504868980637,91.03388054529414
14a08204d03bb6b6bde8029f801ae0eb,2185.4,593.7,28,38,24,57.51052631578948,27.1666514139288,78.05,57.51052631578948,0.016078997126741924,91.04995954242088
30c7f28fd3a5897b2c82d152bb760c17,2178.27,324.89,7,7,5,311.18142857142857,14.915047262276945,311.18142857142857,311.18142857142857,0.016026538423752235,91.06598608084464
8ca1551acf9832a4cf467bbbac15851f,2176.4,266.54,11,12,10,181.36666666666667,12.24682962690682,197.85454545454547,181.36666666666667,0.016012779970092948,91.08199886081474
53d00c40e32aeb924a84ce72b1af869d,2165.85,296.22,17,17,9,127.40294117647058,13.676847427107141,127.40294117647058,127.40294117647058,0.01593515874757664,91.09793401956232
2be17df1c49978426251562096c3cc09,2165.0,312.55,16,16,10,135.3125,14.436489607390302,135.3125,135.3125,0.015928904905004242,91.11386292446733
0ffa40d54288e4f3499b8780dd0f144f,2162.8,583.67,33,35,21,61.79428571428572,26.98677640096171,65.53939393939395,61.79428571428572,0.015912718488934493,91.12977564295626
7fc87cc3e89b3d1d5cabdca32f8485aa,2153.9,681.92,14,14,9,153.85,31.65977993407307,153.85,153.85,0.0158472370784705,91.14562288003474
72bc2cce903c872fe376a8faaa81d237,2149.2,255.77,17,18,6,119.39999999999999,11.900707239903221,126.42352941176469,119.39999999999999,0.015812657007776034,91.16143553704251
b56906f7fd1696e043f1bcce164c487b,2148.49,846.93,40,42,20,51.1545238095238,39.4197785421389,53.71225,51.1545238095238,0.015807433209862613,91.17724297025237
373ee4a3a775a733770ca3f790b8b9ac,2141.49,290.32,13,22,9,97.34045454545453,13.55691597906131,164.73,97.34045454545453,0.01575593097691341,91.19299890122927
0ed6ce5d87fd9c69eaacaeb778d67235,2141.42,687.83,43,43,26,49.80046511627907,32.120275331322205,49.80046511627907,49.80046511627907,0.015755415954583917,91.20875431718386
723cd880edaacdb998898b67c8f9da30,2136.5299999999997,413.1,11,12,8,178.04416666666665,19.335090075964303,194.23,178.04416666666665,0.01571943796613797,91.22447375515
f5f2ab9bdb6b30c14c61be68c5ed37da,2134.6800000000003,339.87,18,18,14,118.59333333333335,15.921355894091851,118.59333333333335,118.59333333333335,0.015705826661715685,91.24017958181172
87d30a6a0cbf89356e49324971ab1d24,2134.13,215.78,17,17,12,125.53705882352942,10.110911706409636,125.53705882352942,125.53705882352942,0.015701780057698247,91.25588136186941
9bcdfa7b615b3abb9461d9e3ad9886ae,2126.07,397.72,14,20,10,106.30350000000001,18.706815862130597,151.86214285714286,106.30350000000001,0.01564247891518816,91.2715238407846
13074f016982ff2bd6c58ced8682f000,2116.0,995.7,14,15,5,141.06666666666666,47.05576559546314,151.14285714285714,141.06666666666666,0.015568389274359804,91.28709223005896
8f78f0903005064036736c7173a5c2ed,2113.7000000000003,632.25,13,21,10,100.65238095238097,29.912002649382597,162.5923076923077,100.65238095238097,0.015551467112105064,91.30264369717106
cf2384dd2f1dddea3f838efed0945e65,2101.5,433.44,16,16,5,131.34375,20.62526766595289,131.34375,131.34375,0.01546170607753645,91.3181054032486
ffdd9f82b9a447f6f8d4b91554cc7dd3,2101.2,727.46,18,20,12,105.05999999999999,34.621168855891874,116.73333333333332,105.05999999999999,0.015459498838981482,91.33356490208757
e9511df20ccd82658a30c37b7fb343af,2096.6,726.5,22,30,9,69.88666666666667,34.651340265191266,95.3,69.88666666666667,0.015425654514472005,91.34899055660205
3bfba5a77604f6dfae7e6dd7aaf65821,2095.5,122.69,4,4,4,523.875,5.854927225005965,523.875,523.875,0.015417561306437129,91.36440811790848
7f7b8245c336066a1f9933c359f11d77,2094.36,535.87,38,43,12,48.70604651162791,25.586336637445328,55.114736842105266,48.70604651162791,0.015409173799928259,91.3798172917084
8de8fe3af4449ed695d2434c933ed73e,2090.0,65.35,1,1,1,2090.0,3.126794258373206,2090.0,2090.0,0.015377095266262754,91.39519438697467
165b1235e9e9942cb5fae67103576fb0,2085.15,404.65,11,16,9,130.321875,19.406277725823077,189.5590909090909,130.321875,0.015341411576290804,91.41053579855095
f7720c4fa8e3aba4546301ab80ea1f1b,2083.45,1335.52,60,78,28,26.710897435897433,64.1013703232619,34.72416666666666,26.710897435897433,0.015328903891145997,91.4258647024421
e6a69c4a27dfdd98ffe5aa757ad744bc,2076.2,442.74,24,29,13,71.59310344827585,21.324535208554092,86.50833333333333,71.59310344827585,0.015275562292734319,91.44114026473483
6aa3928696eab49a19a466e665a649fd,2075.0,335.68,18,22,12,94.31818181818181,16.177349397590362,115.27777777777777,94.31818181818181,0.015266733338514457,91.45640699807335
082e0bf4cb865a6533b1e8e498cc0255,2073.3,991.03,11,23,17,90.14347826086957,47.79964308107847,188.4818181818182,90.14347826086957,0.01525422565336965,91.47166122372671
6b536a23086fba0d58c08d68814397f6,2068.8,369.17,19,23,5,89.94782608695652,17.844644238205724,108.8842105263158,89.94782608695652,0.015221117075045162,91.48688234080176
e38db885400cd35c71dfd162f2c1dbcf,2066.8,670.75,30,32,17,64.5875,32.45355138378169,68.89333333333335,64.5875,0.01520640215134539,91.5020887429531
ea65d8b58316a6f2362f2a9e4b3e86ad,2061.4,230.82,9,16,8,128.8375,11.197244591054623,229.04444444444445,128.8375,0.015166671857356002,91.51725541481046
412a4720f3e9431b4afa1476a1acddbe,2058.1,511.06,21,22,8,93.55,24.831640833778728,98.0047619047619,93.55,0.015142392233251376,91.53239780704372
dc8798cbf453b7e0f98745e396cc5616,2056.3,624.4,41,51,37,40.319607843137256,30.36521908281865,50.15365853658537,40.319607843137256,0.015129148801921581,91.54752695584564
9449f25aeaf531019b76999ea49a6949,2046.45,179.39,10,10,9,204.645,8.76591170075008,204.645,204.645,0.015056677802700199,91.56258363364834
bc2ac6b95e1accce9858528ee566c17e,2045.0,234.56,18,22,14,92.95454545454545,11.469926650366748,113.61111111111111,92.95454545454545,0.015046009483017861,91.57762964313136
c6381d2d013342748761e906d45aff76,2042.98,571.28,15,28,7,72.96357142857143,27.9630735494229,136.19866666666667,72.96357142857143,0.015031147410081092,91.59266079054144
f41ce2e25237f9092cd8e6e7516c7a2f,2030.9,331.7,27,28,10,72.53214285714286,16.33266039686838,75.21851851851852,72.53214285714286,0.014942269270934463,91.60760305981238
78c99c6dff4eeae5be99bf635ed21e3f,2030.88,664.89,31,39,15,52.073846153846155,32.73900969038052,65.51225806451613,52.073846153846155,0.014942122121697465,91.62254518193407
71592660bbcb6a4664e97b6f8b68babc,2027.18,173.37,6,7,6,289.59714285714284,8.5522745883444,337.86333333333334,289.59714285714284,0.014914899512852886,91.63746008144693
bf84056e679dbe9c69929847a40e338f,2024.04,453.28000000000003,36,40,3,50.601,22.394814331732576,56.22333333333333,50.601,0.014891797082644242,91.65235187852957
4c8b8048e33af2bf94f2eb547746a916,2020.73,438.08,23,27,23,74.84185185185186,21.679294116482655,87.85782608695652,74.84185185185186,0.014867443883921118,91.66721932241349
fac1a9017ade7bdc94058fc1c969f355,2010.84,212.07,9,10,9,201.084,10.546338843468401,223.42666666666665,201.084,0.014794678586225738,91.68201400099971
1782ce2db72c3dda627d5e7c898104e1,2010.8,207.37,9,10,7,201.07999999999998,10.312810821563557,223.42222222222222,201.07999999999998,0.014794384287751745,91.69680838528747
3a1a1fec38dd360f15fc912e821e169d,2007.38,371.25,15,15,12,133.82533333333333,18.49425619464177,133.82533333333333,133.82533333333333,0.014769221768225134,91.71157760705569
2f09f7d37a97956d11cc1a7cadd5262b,2005.0,463.41,11,12,5,167.08333333333334,23.11271820448878,182.27272727272728,167.08333333333334,0.014751711009022402,91.72632931806471
116ccb1a1604bc88e4d234a8c23f33de,2004.89,943.4399999999999,61,73,27,27.464246575342468,47.056945767598215,32.86704918032787,27.464246575342468,0.014750901688218916,91.74108021975293
d6ab728cf30867cf3f1a2e216ae2f9b7,2002.0,231.82,12,14,13,143.0,11.57942057942058,166.83333333333334,143.0,0.014729638623472744,91.75580985837641
3d2531eccfbde1d7c8db7a3a12fb267a,1999.54,213.06,10,10,2,199.954,10.655450753673346,199.954,199.954,0.014711539267322021,91.77052139764373
8ec76bb0965af3f007692b26fa9d6623,1999.0,29.75,1,1,1,1999.0,1.4882441220610305,1999.0,1999.0,0.014707566237923084,91.78522896388165
17908cf9b444ee34047cadd5c0f4a516,1993.99,501.42,11,11,9,181.2718181818182,25.146565429114492,181.2718181818182,181.2718181818182,0.014670705354055154,91.7998996692357
bf100ecb7997df312b285358fb32f92c,1991.9,345.11,20,21,9,94.85238095238095,17.325668959285103,99.595,94.85238095238095,0.014655328258788892,91.81455499749448
c013e57c075a06e5b5c48ee03c525719,1971.55,857.11,42,45,13,43.81222222222222,43.473916461667216,46.94166666666666,43.81222222222222,0.0145056039101437,91.82906060140462
91f5779a8731baca4809fdeade81803f,1971.46,145.63,6,6,5,328.57666666666665,7.386911223154414,328.57666666666665,328.57666666666665,0.014504941738577208,91.8435655431432
1690cada046eb7e92c12f98b1f8a8167,1959.0,252.38,11,11,3,178.0909090909091,12.883103624298112,178.0909090909091,178.0909090909091,0.014413267763927626,91.85797881090713
93b9a99027bd8bd6af682aff18dd19bf,1953.0,467.11,20,21,15,93.0,23.91756272401434,97.65,93.0,0.014369122992828305,91.87234793389996
6df688df543f90e9b38f4319e75a9d88,1949.96,783.6,40,56,23,34.82071428571429,40.185439701327205,48.749,34.82071428571429,0.01434675630880465,91.88669469020877
272f092de69afedd4d2969440b37f18f,1935.3300000000002,536.01,26,40,25,48.383250000000004,27.696051836120965,74.43576923076924,48.383250000000004,0.014239116641940813,91.90093380685072
4e5725ba188db8252977a4f0227bd462,1930.59,382.61,22,25,13,77.22359999999999,19.818293889432763,87.7540909090909,77.22359999999999,0.014204242272772349,91.91513804912348
cd843d4cf8ef32827de0396605163ba3,1915.0,697.56,5,5,3,383.0,36.426109660574404,383.0,383.0,0.014089539442532618,91.92922758856602
1b8b75e227c9a9c100d0c210fb6176ce,1914.8300000000002,280.78000000000003,19,19,15,100.78052631578949,14.663442707707732,100.78052631578949,100.78052631578949,0.014088288674018139,91.94331587724004
9dda5bbacd45e18d6485fee649205d09,1912.6000000000001,506.73,19,22,18,86.93636363636364,26.494300951584233,100.66315789473686,86.93636363636364,0.014071881534092893,91.95738775877413
f5f1f2c5f923f36ad79ea1d07185ddc9,1912.15,203.68,12,13,6,147.08846153846156,10.651884004915932,159.34583333333333,147.08846153846156,0.014068570676260442,91.97145632945039
901b460cdce0c64e471230d7f2f9f3a3,1904.0,108.56,5,5,5,380.8,5.701680672268908,380.8,380.8,0.014008607362183867,91.98546493681258
e2c92f9c1c7746d899d18f2e158bbff7,1894.7,391.91,14,14,8,135.3357142857143,20.684541088298943,135.3357142857143,135.3357142857143,0.013940182966979924,91.99940511977955
112453736dbe3889cfb74e1aaa0ba0c1,1890.0,264.77,7,14,2,135.0,14.008994708994708,270.0,135.0,0.013905602896285459,92.01331072267584
5ab05b6d86d417796c69ffd6774ec832,1886.1000000000001,256.75,10,12,2,157.175,13.612745877737128,188.61,157.175,0.013876908795070902,92.02718763147091
65b081a070633e057c462abdd6fb9dd8,1885.09,441.58,19,20,16,94.2545,23.42487626585468,99.21526315789474,94.2545,0.013869477758602514,92.04105710922951
5debea795b07621e1f90532e18f96145,1883.78,504.35,25,33,22,57.084242424242426,26.773296244784422,75.3512,57.084242424242426,0.013859839483579162,92.05491694871309
7ade73f1b9b4e965f9009a4c3a7e2c15,1880.3000000000002,457.87,27,28,12,67.15357142857144,24.35090145189597,69.64074074074075,67.15357142857144,0.013834235516341558,92.06875118422943
e24d3429d294b2eb200b064ebb035879,1878.58,372.12,19,22,14,85.39,19.808578820172684,98.87263157894736,85.39,0.013821580681959753,92.08257276491139
5b33b527da3c5b969cc99dc435cad09a,1872.79,365.55,16,17,7,110.16411764705882,19.519006402212742,117.049375,110.16411764705882,0.013778980977848911,92.09635174588924
392e0502231ae2f8b29994ef6398cd77,1871.7,355.89,20,20,12,93.58500000000001,19.014265106587594,93.58500000000001,93.58500000000001,0.013770961344432536,92.11012270723367
95ec4458365c4d11f452ccf538377619,1866.76,436.67,27,31,15,60.21806451612903,23.391866120979664,69.13925925925926,60.21806451612903,0.013734615482894095,92.12385732271656
0417b067eeab773d2f7061a726dc477f,1859.18,642.57,13,13,11,143.01384615384615,34.56201120924279,143.01384615384615,143.01384615384615,0.013678845922071955,92.13753616863863
c8467937e403e76a8ee9f0ab13f6f5ef,1853.79,588.95,30,33,6,56.17545454545454,31.77004946622865,61.793,56.17545454545454,0.013639189202701067,92.15117535784134
4b1eaadf791bdbbad8c4a35b65236d52,1849.79,113.03,8,8,5,231.22375,6.110423345352716,231.22375,231.22375,0.01360975935530152,92.16478511719664
a4bd6e9adf39b63f43dc545d3ca1f53d,1848.59,112.38000000000001,4,5,4,369.71799999999996,6.079227952114856,462.1475,369.71799999999996,0.013600930401081658,92.17838604759773
74bafed391319577bce6f4d2acc0589a,1847.0,237.73,3,3,2,615.6666666666666,12.871142393069842,615.6666666666666,615.6666666666666,0.013589232036740338,92.19197527963446
d97df38225e5abadaff1e72cb72b823c,1846.0,516.92,29,29,19,63.6551724137931,28.00216684723727,63.6551724137931,63.6551724137931,0.01358187457489045,92.20555715420936
a36b125ac6d5fdbc7f50de85c9157bdc,1843.64,388.99,24,26,10,70.90923076923077,21.099021500943785,76.81833333333334,70.90923076923077,0.01356451096492472,92.21912166517428
ffeee66ac5d5a62fe688b9d26f83f534,1839.8600000000001,419.69,14,14,3,131.41857142857143,22.810974748078657,131.41857142857143,131.41857142857143,0.01353669975913215,92.23265836493341
6a38087bc8ad4f89ff453561005f6dea,1833.43,547.92,15,22,3,83.33772727272728,29.884969701597548,122.22866666666667,83.33772727272728,0.01348939127943738,92.24614775621285
c679fb69a36e1d8349e8c50a217b4d58,1825.68,388.21000000000004,14,17,13,107.39294117647059,21.26385785022567,130.40571428571428,107.39294117647059,0.013432370950100758,92.25958012716295
5075aaa8404020ae6aa8bf4792099b41,1822.8,447.72,13,23,6,79.25217391304348,24.562211981566822,140.2153846153846,79.25217391304348,0.013411181459973083,92.27299130862292
729b2d09b2a0bdab221076327f13d050,1822.11,946.55,49,61,21,29.870655737704915,51.9480163107606,37.185918367346936,29.870655737704915,0.013406104811296662,92.28639741343422
55bb6fe5bebe5012e2d7d9928e1128ff,1816.55,576.47,15,16,11,113.534375,31.734331562577417,121.10333333333332,113.534375,0.013365197323411295,92.29976261075763
a5a1bfcf728ab0e19182959cf0771ee4,1812.96,347.89,21,24,6,75.54,19.189060983143587,86.33142857142857,75.54,0.013338784035370203,92.313101394793
5b85809efd0d0e4dea1a9544e1280ed9,1804.6000000000001,292.76,12,14,8,128.9,16.222985703202923,150.38333333333335,128.9,0.013277275654305152,92.3263786704473
411f3b52d857390502ee4e4d5ceabc2d,1804.01,378.71,21,30,13,60.13366666666666,20.992677424182794,85.90523809523809,60.13366666666666,0.013272934751813717,92.33965160519911
7fdb0720c8d7c9075538b365dc8c3a22,1804.0,484.31,9,10,3,180.4,26.846452328159646,200.44444444444446,180.4,0.013272861177195219,92.35292446637631
2ff6b7bff164ef05590a52734e1296da,1803.59,151.53,7,7,6,257.6557142857143,8.401576855050207,257.6557142857143,257.6557142857143,0.013269844617836766,92.36619431099415
15fa791d5e017f66402dc28c44480657,1802.0,181.29,8,8,4,225.25,10.060488346281907,225.25,225.25,0.013258146253495445,92.37945245724764
c3e1abd72a42fe690fcd89cf5720fe29,1798.61,168.97,13,13,5,138.35461538461539,9.394476846008864,138.35461538461539,138.35461538461539,0.01323320445782433,92.39268566170546
1976a05ecf2996d6ffb7b5430e635fe7,1796.2,394.46000000000004,8,9,4,199.57777777777778,21.960806146308876,224.525,199.57777777777778,0.013215472974766105,92.40590113468022
dfc475d54e1b6dbeeb7d7d9bdaa63827,1793.76,434.31,19,21,5,85.41714285714286,24.212269199892962,94.40842105263158,85.41714285714286,0.013197520767852381,92.41909865544807
5b581417df4480f632484ba681e53944,1790.6,585.7,12,13,9,137.73846153846154,32.70970624371719,149.21666666666667,137.73846153846154,0.01317427118840674,92.43227292663647
406740ee611378a662d274c7d8c43c4a,1790.0,182.08,8,10,2,179.0,10.172067039106146,223.75,179.0,0.013169856711296807,92.44544278334777
fa3a0b5aabb344b9a92e3524b0202123,1789.0,164.41,7,7,3,255.57142857142858,9.190050307434321,255.57142857142858,255.57142857142858,0.013162499249446923,92.45860528259722
81783131d2a97c8d44d406a4be81b5d9,1782.54,195.04,13,15,5,118.836,10.941689948051657,137.11846153846153,118.836,0.013114970045896655,92.47172025264311
293dee954235e4e4e43f129313625ebe,1778.92,240.3,8,8,6,222.365,13.50819598408023,222.365,222.365,0.013088336034000066,92.48480858867711
07bf9669d84d1f11be443a9dd938f698,1776.0,646.22,18,24,11,74.0,36.38626126126126,98.66666666666667,74.0,0.013066852245398398,92.49787544092251
3481aa57cd91f9f9d3fa1fa12d9a3bf7,1773.03,774.14,25,25,7,70.9212,43.661979774735904,70.9212,70.9212,0.013045000583704235,92.51092044150622
ca4b77513ac2040591b0d8fae6958380,1772.45,201.17000000000002,14,15,12,118.16333333333334,11.349826511326132,126.60357142857143,118.16333333333334,0.0130407332558313,92.52396117476205
d5b9a084373da994a6e37f732169a853,1769.0,176.29000000000002,7,7,5,252.71428571428572,9.965517241379311,252.71428571428572,252.71428571428572,0.013015350012449193,92.5369765247745
3ca08eeb8d5595949fed424bd3677742,1768.8700000000001,466.23,14,14,7,126.34785714285715,26.357505073860715,126.34785714285715,126.34785714285715,0.013014393542408709,92.54999091831691
c8417879a15366a17c30af34c798c332,1767.9,487.54,26,36,15,49.108333333333334,27.577351660161774,67.99615384615385,49.108333333333334,0.013007256804414318,92.56299817512132
f63d8f293af3a6454377546bd9dd19ff,1751.82,495.13,17,28,11,62.565,28.263748558641872,103.04823529411765,62.565,0.012888948817868144,92.5758871239392
cb810bd318f51b3dc3c753944d61a1fa,1750.0,39.02,1,1,1,1750.0,2.229714285714286,1750.0,1750.0,0.01287555823730135,92.5887626821765
dd4d95ba2d15c071e6c695e2ef6ce169,1748.0,214.41,4,4,2,437.0,12.266018306636155,437.0,437.0,0.012860843313601577,92.6016235254901
4bf658053d453036c70976bccb2c31b2,1742.99,81.57,2,2,2,871.495,4.679889155990567,871.495,871.495,0.012823982429733646,92.61444750791983
198c7ea11960a9844b544d9bcdca860c,1733.75,491.63,25,25,4,69.35,28.356452775775054,69.35,69.35,0.012755999482240692,92.62720350740207
6ddc28b61be28373b4503a1f61cf98a9,1732.9,167.19,11,11,10,157.53636363636363,9.647988920306998,157.53636363636363,157.53636363636363,0.012749745639668292,92.63995325304174
c5f7feb04a6a1fb3596322bfc3cf1917,1720.6,337.86,11,11,10,156.4181818181818,19.636173427874,156.4181818181818,156.4181818181818,0.012659248858914687,92.65261250190065
d3674f271c91f824f82d24d92011f669,1718.3,383.52,20,20,6,85.91499999999999,22.319734621428154,85.91499999999999,85.91499999999999,0.012642326696659947,92.66525482859731
a70e9066dbfd10b6b97a3f54a1356762,1716.0,311.4,2,4,2,429.0,18.146853146853147,858.0,429.0,0.012625404534405209,92.67788023313172
8378eb36b6b70c5734e83ad7b8cdc3b7,1714.8,241.87,7,13,3,131.90769230769232,14.104851877770002,244.97142857142856,131.90769230769232,0.012616575580185344,92.6904968087119
7139dc5186aa238b006e066d8fbab2e4,1712.0,535.93,22,24,11,71.33333333333333,31.304322429906538,77.81818181818181,71.33333333333333,0.012595974687005664,92.7030927833989
656591be56071d4c9ef4e5fee78a578a,1702.0,319.2,7,11,3,154.72727272727272,18.754406580493534,243.14285714285714,154.72727272727272,0.012522400068506797,92.7156151834674
6b1c4d4d9ccf0be3d8544eb0e71e5318,1699.0,60.04,1,1,1,1699.0,3.5338434373160683,1699.0,1699.0,0.012500327682957139,92.72811551115036
f235413f677777a0738ff215d0184901,1696.7,91.64,3,3,2,565.5666666666667,5.401072670477987,565.5666666666667,565.5666666666667,0.0124834055207024,92.74059891667106
1dfe5347016252a7884b694d4f10f5c4,1693.5,436.23,21,27,15,62.72222222222222,25.75907883082374,80.64285714285714,62.72222222222222,0.012459861642782764,92.75305877831384
731ef20c231d9a7103a425e83fd91271,1692.0,505.6,2,3,1,564.0,29.881796690307326,846.0,564.0,0.012448825450007934,92.76550760376385
f9903dd0f812c7e771fcad47b6fff231,1684.8500000000001,416.63,10,15,9,112.32333333333334,24.728017330919663,168.485,112.32333333333334,0.012396219597781246,92.77790382336163
3935fe5fe0f82787a9dcb8deb62be09d,1681.69,419.65999999999997,16,17,8,98.92294117647059,24.954658706420325,105.105625,98.92294117647059,0.012372970018335603,92.79027679337996
44f091b5abab8018f682fce8124b85e5,1680.1,107.60999999999999,6,6,4,280.01666666666665,6.404975894292006,280.01666666666665,280.01666666666665,0.012361271653994282,92.80263806503396
bafc5aa11e413978be29040f51342e70,1679.55,149.92,9,9,6,186.61666666666667,8.926200470364085,186.61666666666667,186.61666666666667,0.012357225049976845,92.81499529008394
e64d65bc8dbec2accda90c58de5d1246,1678.8000000000002,221.16,12,12,2,139.9,13.173695496783417,139.9,139.9,0.012351706953589434,92.82734699703754
0b18d63d0cd1d723567903fd34a07df2,1678.1399999999999,265.89,9,14,9,119.86714285714285,15.844327648467946,186.45999999999998,119.86714285714285,0.012346851028768506,92.8396938480663
0ac4201fda2c68ebc0e47cb9423cf3c9,1676.88,233.99,13,14,4,119.77714285714286,13.953890558656552,128.99076923076925,119.77714285714286,0.01233758062683765,92.85203142869314
1dc2de47ee26a0a5b12dc14fd6dc0dea,1670.3,617.1999999999999,25,27,11,61.86296296296296,36.95144584805124,66.812,61.86296296296296,0.012289168527865397,92.86432059722101
77fccaae319668a8ab6cd0fd16aec48c,1667.0,221.44,11,12,5,138.91666666666666,13.28374325134973,151.54545454545453,138.91666666666666,0.012264888903760771,92.87658548612477
7586919161935337bf6b6d7ff5779648,1664.71,330.22,11,18,8,92.48388888888888,19.836488036955387,151.33727272727273,92.48388888888888,0.012248040316124531,92.88883352644089
5f67c6082caacb26e431a7b17940cece,1662.6,208.43,13,14,3,118.75714285714285,12.536388788644292,127.89230769230768,118.75714285714285,0.01223251607162127,92.90106604251251
53b0300ca793f9834cd69c0678d35ee8,1662.15,137.31,5,10,5,166.215,8.26098727551665,332.43,166.215,0.012229205213788822,92.9132952477263
a1040efe9ff4a6f93c28b0499eada8f5,1658.83,34.48,1,1,1,1658.83,2.078573452373058,1658.83,1658.83,0.012204778440447197,92.92550002616674
25cf099de44674fde97473224f9d59ab,1654.36,705.19,50,50,30,33.087199999999996,42.62615150269591,33.087199999999996,33.087199999999996,0.012171890585978205,92.93767191675272
df0f42bc4c2142eacf0eaf2cffd0cfbb,1654.0,292.45,14,16,2,103.375,17.681378476420797,118.14285714285714,103.375,0.012169241899712246,92.94984115865243
b2a6d334e2833acea353624840e25a0e,1650.98,387.61,25,26,6,63.49923076923077,23.47757089728525,66.0392,63.49923076923077,0.01214702236492559,92.96198818101736
26e2c91ef821e1ff8985f408788fe35b,1649.4,274.47,12,14,10,117.81428571428572,16.640596580574755,137.45000000000002,117.81428571428572,0.01213539757520277,92.97412357859257
ffc470761de7d0232558ba5e786e57b7,1649.01,438.12,28,31,15,53.19387096774194,26.568668473811556,58.893214285714286,53.19387096774194,0.012132528165081313,92.98625610675765
edc518ba25576a0188a0e8f2c3af186f,1647.3899999999999,262.15999999999997,6,8,5,205.92374999999998,15.913657361037762,274.565,205.92374999999998,0.012120609076884496,92.99837671583454
0887a9f087bcd5d9f6642b52f897fc6c,1642.0,220.35,12,12,3,136.83333333333334,13.419610231425091,136.83333333333334,136.83333333333334,0.012080952357513608,93.01045766819205
7a2d2949aea47fab95fd98d6c9f618b1,1638.99,211.24,11,12,5,136.5825,12.888425188683275,148.9990909090909,136.5825,0.012058806397345452,93.0225164745894
2a6fbeaa7ab9e5d59a35841a8da71ce4,1632.79,632.49,30,30,10,54.42633333333333,38.7367634539653,54.42633333333333,54.42633333333333,0.012013190133876153,93.03452966472327
9b00ed88b7fdb95d6ff76e27c1b52d16,1627.88,575.48,47,51,19,31.919215686274512,35.351500110573255,34.63574468085107,31.919215686274512,0.011977064996193212,93.04650672971945
3092c0b297aacfb4bb6e056ebe13b9b8,1623.9,360.09,19,21,17,77.32857142857144,22.17439497506004,85.46842105263158,77.32857142857144,0.011947782298030665,93.05845451201749
f1ed6bd0a9b11b581f16c851c6a5a527,1622.77,373.81,17,18,3,90.15388888888889,23.03530383233607,95.45705882352941,90.15388888888889,0.011939468366140292,93.07039398038363
15cd6eefe58588619aaed41dfa6621b1,1622.74,566.12,16,18,8,90.15222222222222,34.88667315774554,101.42125,90.15222222222222,0.011939247642284795,93.08233322802592
b0f2a6122a90a93eb03e68653dd960e3,1620.3,137.98,6,7,4,231.47142857142856,8.51570696784546,270.05,231.47142857142856,0.011921295435371073,93.09425452346129
013900e863eace745d3ec7614cab5b1a,1619.7,469.67,23,26,19,62.29615384615385,28.99734518738038,70.42173913043479,62.29615384615385,0.01191688095826114,93.10617140441956
02c988090b766852e088c69d7fb3b551,1618.65,218.3,13,17,11,95.21470588235294,13.486547431501561,124.51153846153846,95.21470588235294,0.01190915562331876,93.11808056004287
d354c38a7182125a748cb10474fe963b,1610.33,315.85,18,20,7,80.5165,19.61399216309701,89.46277777777777,80.5165,0.011847941540727703,93.12992850158359
8daab2245ebdc277c51098d01c5ad8ef,1604.59,284.05,16,16,4,100.286875,17.702341408085555,100.286875,100.286875,0.011805709709709355,93.1417342112933
427165bf50f8ca07efc7bdc2bfcf1688,1603.5,89.4,5,5,3,320.7,5.575304022450888,320.7,320.7,0.011797690076292978,93.15353190136959
7813ea3ebd9411dc600b4dd01f7a97b9,1599.4,146.59,9,9,8,177.7111111111111,9.165311991996997,177.7111111111111,177.7111111111111,0.011767524482708446,93.1652994258523
850857dfac77488c307e2b1cbd84ab5a,1599.0,39.72,1,1,1,1599.0,2.4840525328330205,1599.0,1599.0,0.011764581497968489,93.17706400735027
8a1ff5c35f6595a73fef4c7b96e4908a,1598.0,284.79999999999995,2,2,1,799.0,17.822277847309135,799.0,799.0,0.011757224036118603,93.18882123138638
081acf3de680d554796c9cf041be7bc2,1597.3,205.5,4,8,4,199.6625,12.865460464533902,399.325,199.6625,0.011752073812823682,93.20057330519921
41b86b552e54e3a7009596125aa8b167,1595.3,234.61,10,11,11,145.02727272727273,14.706324829185736,159.53,145.02727272727273,0.01173735888912391,93.21231066408833
8a2d12a90e92f012ce5226fc6592b653,1594.6499999999999,338.97,18,18,13,88.59166666666665,21.256702097638982,88.59166666666665,88.59166666666665,0.011732576538921482,93.22404324062725
39d54ff918774174706fb065d7f9dc07,1593.59,363.4,23,25,16,63.743599999999994,22.803857955935968,69.28652173913044,63.743599999999994,0.011724777629360602,93.2357680182566
70f84699be677ec988d1fa824aef7d90,1588.3,116.14,5,5,4,317.65999999999997,7.312220613234276,317.65999999999997,317.65999999999997,0.011685856656174705,93.24745387491278
845e8036c3f7bf62099352f5ed910240,1584.6000000000001,460.64,21,24,18,66.025,29.069796794143627,75.45714285714287,66.025,0.011658634047330125,93.25911250896011
f3c38ab652836d21de61fb8314b69182,1581.0,247.59,15,15,11,105.4,15.660341555977231,105.4,105.4,0.011632147184670533,93.27074465614479
134285d1f41da5c13a756ee8142c8a4e,1572.6999999999998,80.93,3,4,2,393.17499999999995,5.145927386024036,524.2333333333332,393.17499999999995,0.011571080251316474,93.2823157363961
1660ad786c27fd935378b6192a90b417,1570.0,248.28,12,13,9,120.76923076923077,15.814012738853503,130.83333333333334,120.76923076923077,0.01155121510432178,93.29386695150042
c4fb51fb1c5b7c07bc5e67be6e7e8f6e,1567.9,558.71,15,16,5,97.99375,35.6342879010141,104.52666666666667,97.99375,0.01153576443443702,93.30540271593486
47648caee88ccfe951fbb27fbf7b4cbe,1564.99,68.0,3,3,3,521.6633333333333,4.3450756873845835,521.6633333333333,521.6633333333333,0.01151435422045385,93.31691707015531
8b87cd0d43d49b9bdf40f56229364d59,1552.9,301.0,5,5,5,310.58000000000004,19.383089703136065,310.58000000000004,310.58000000000004,0.011425402506688723,93.328342472662
817f85dbb65aa3e70831d90fe75cdf89,1552.27,231.62,11,11,6,141.11545454545455,14.921373214711359,141.11545454545455,141.11545454545455,0.011420767305723294,93.33976323996772
0eaa7e33d73809f1f925f7d07c506cbd,1552.0,194.9,15,15,12,103.46666666666667,12.55798969072165,103.46666666666667,103.46666666666667,0.011418780791023824,93.35118202075874
3785b653b1b82de85ab47dd139938091,1552.0,481.27,21,24,7,64.66666666666667,31.009664948453608,73.9047619047619,64.66666666666667,0.011418780791023824,93.36260080154976
fe701d88b67eaca109dffd464d1be9f9,1548.9,239.04,11,11,3,140.8090909090909,15.43288785589773,140.8090909090909,140.8090909090909,0.011395972659289178,93.37399677420905
78a4d36f65a019172c6154468831a69f,1545.5,223.4,7,7,1,220.78571428571428,14.45486897444193,220.78571428571428,220.78571428571428,0.011370957288999563,93.38536773149805
49cdc90518a4f82676b38b3c1aa43ff6,1539.5,82.61,5,5,5,307.9,5.366027931146476,307.9,307.9,0.011326812517900244,93.39669454401594
06bb3a2fe5e7b7a845b13e8fb91bd944,1536.19,326.14,17,18,14,85.3438888888889,21.230446754633213,90.36411764705883,85.3438888888889,0.01130245931917712,93.40799700333513
cbf09e831b0c11f6f23ffb51004db972,1535.2,280.2,10,10,4,153.52,18.251693590411673,153.52,153.52,0.011295175431945734,93.41929217876707
3a490ba60afa30ece0e7d50cfe74a4f0,1529.2,165.87,8,8,3,191.15,10.84684802511117,191.15,191.15,0.011251030660846413,93.43054320942791
5bf397d04035b5f45cc41e82ec106803,1525.0,47.28,3,4,2,381.25,3.100327868852459,508.3333333333333,381.25,0.01122012932107689,93.44176333874898
3586b8580d9c917874e053a1bb37b5ff,1524.7,827.65,36,43,5,35.45813953488372,54.282809733062244,42.35277777777778,35.45813953488372,0.011217922082521925,93.4529812608315
01bcc9d254a0143f0ce9791b960b2a47,1521.21,277.65999999999997,11,11,3,138.29181818181817,18.252575252594973,138.29181818181817,138.29181818181817,0.01119224454066582,93.46417350537217
1ca4bdb0cd7fc48e949bac066188ed26,1520.0,443.08,4,4,1,380.0,29.15,380.0,380.0,0.011183342011827458,93.475356847384
a7c88262832dfc683781d6a421edefae,1520.0,82.42,5,5,5,304.0,5.422368421052632,304.0,304.0,0.011183342011827458,93.48654018939584
5b97c06a046398e7005b2b7c0d707a92,1519.96,249.63,4,4,1,379.99,16.423458512066105,379.99,379.99,0.011183047713353461,93.4977232371092
866558b3bccef2dbc6d29a2b5995016f,1519.3999999999999,351.35,5,6,4,253.23333333333332,23.124259576148486,303.88,253.23333333333332,0.011178927534717525,93.50890216464391
094ced053e257ae8cae57205592d6712,1519.2,459.03,19,19,13,79.9578947368421,30.215244865718798,79.9578947368421,79.9578947368421,0.011177456042347548,93.52007962068626
2a61c271b1ac763450d846849783e922,1516.76,496.37,18,23,6,65.94608695652174,32.72567841978955,84.26444444444445,65.94608695652174,0.011159503835433826,93.53123912452169
1dd33b8119b3cb1056ed5dc88cd0aaf4,1513.0,128.74,8,8,2,189.125,8.508922670191673,189.125,189.125,0.011131839778878253,93.54237096430057
a23266650e7c84bb93fbbba502137478,1512.4,279.04,11,16,8,94.525,18.45014546416292,137.4909090909091,94.525,0.011127425301768322,93.55349838960234
6eb94e1466490d327a09abf8f3552a50,1511.95,237.82,10,10,4,151.195,15.729356129501637,151.195,151.195,0.011124114443935872,93.56462250404627
9b522ba7eae9e1d04082f267144583cc,1507.6,148.05,4,6,3,251.26666666666665,9.820244096577342,376.9,251.26666666666665,0.011092109484888864,93.57571461353116
b33aaadd1a8891d2dfef0c4c3bdf0371,1504.0,359.04,16,17,4,88.47058823529412,23.872340425531917,94.0,88.47058823529412,0.011065622622229274,93.58678023615339
714b9a1332840f257b49f476bea4e341,1499.94,158.15,6,6,2,249.99,10.543755083536675,249.99,249.99,0.011035751327118735,93.5978159874805
9a03a4e9eb0b947652fae4f6121a3f5e,1497.0,185.22,7,7,4,213.85714285714286,12.372745490981965,213.85714285714286,213.85714285714286,0.011014120389280069,93.60883010786978
02dcd3e8e25bee036e32512bcf175493,1491.9,312.17,14,17,7,87.75882352941177,20.924324686641196,106.56428571428572,87.75882352941177,0.010976597333845648,93.61980670520363
c7b7db6c8f3c64a7cc1afa634db21d50,1489.0,22.86,1,1,1,1489.0,1.5352585627938213,1489.0,1489.0,0.010955260694480978,93.63076196589812
431050a06a317f2b38168dec3dcd2b46,1487.8,233.15,12,12,7,123.98333333333333,15.670789084554377,123.98333333333333,123.98333333333333,0.010946431740261112,93.64170839763838
659e8466eb3ff1b0e8740d74fb7bbedd,1486.8,393.2,11,14,9,106.2,26.446058649448478,135.16363636363636,106.2,0.010939074278411226,93.6526474719168
b6e1504972665f739dec4facb9943775,1484.48,225.89,14,14,7,106.03428571428572,15.216776244880363,106.03428571428572,106.03428571428572,0.01092200496691949,93.66356947688371
9da1ca0bef29ee170e541927a5aeabdc,1484.3999999999999,127.63,6,6,2,247.39999999999998,8.598086769064944,247.39999999999998,247.39999999999998,0.010921416369971498,93.67449089325368
52f0fe436a347ddad7ed5f9aa4e27eaa,1484.3700000000001,476.53,21,23,16,64.53782608695653,32.10318182124403,70.68428571428572,64.53782608695653,0.010921195646116003,93.6854120888998
f918546be4bec7104d117789ba758b2b,1483.0,347.15,20,23,3,64.47826086956522,23.408631153068104,74.15,64.47826086956522,0.010911115923381657,93.69632320482317
6806dad1da97bfb5a9038eac6881f706,1477.0,306.26,10,14,9,105.5,20.735274204468517,147.7,105.5,0.010866971152282337,93.70719017597546
4d232b78ab7ef10393dc3807d827bc0d,1475.0,214.99,5,5,2,295.0,14.575593220338984,295.0,295.0,0.010852256228582565,93.71804243220404
e256a62e0ac58c0edfba09966142d561,1474.1100000000001,335.44,12,14,5,105.29357142857144,22.755425307473658,122.84250000000002,105.29357142857144,0.010845708087536167,93.72888814029157
5e105f5c9f63f5f1fd75d6cb942e55b1,1471.9,273.83,8,8,6,183.9875,18.60384536993002,183.9875,183.9875,0.010829448096847919,93.73971758838842
e7f3bf1ecd8526eb7f3b18059e6716e5,1471.54,276.15,18,19,10,77.44947368421053,18.76605460945676,81.75222222222222,77.44947368421053,0.010826799410581959,93.750544387799
d1ef48b38baca7e831711c4a0aeb398f,1469.1200000000001,675.5699999999999,29,35,18,41.97485714285715,45.98467109562186,50.65931034482759,41.97485714285715,0.010808994352905233,93.7613533821519
7ecd59e5e20407131822c1a68ac59c1f,1466.71,587.8100000000001,24,29,5,50.576206896551724,40.07677045905462,61.11291666666667,50.576206896551724,0.010791262869847006,93.77214464502174
01ed254b9ff8407dfb9d99ba1e17d923,1465.99,67.72,5,5,2,293.198,4.619403952277983,293.198,293.198,0.010785965497315088,93.78293061051906
4ba52dfeba874da5b9ee7b17c7494f04,1463.0,204.91,11,11,11,133.0,14.006151742993847,133.0,133.0,0.010763966686383927,93.79369457720544
1284de4ae8aa26997e748c851557cf0e,1459.97,86.86999999999999,3,3,3,486.6566666666667,5.950122262786221,486.6566666666667,486.6566666666667,0.010741673576978772,93.80443625078242
5145090ab595c0d0b8557199f5701fbf,1459.6,197.85,4,4,4,364.9,13.555083584543711,364.9,364.9,0.010738951316094312,93.81517520209852
97512d3fc193b2d1dfcdba0f9d1f0f8a,1458.8700000000001,341.55,12,13,6,112.22076923076924,23.411955828826418,121.5725,112.22076923076924,0.010733580368943898,93.82590878246747
d7827b2af99326a03b0ed9c7a24db0d3,1455.0,101.7,1,1,1,1455.0,6.989690721649485,1455.0,1455.0,0.010705106991584836,93.83661388945904
a414555ce331b8c8aea4a9cb8395194d,1450.95,242.64,7,8,4,181.36875,16.722836762121368,207.27857142857144,181.36875,0.010675309271092797,93.84728919873014
0ad80de75c811326389cfb1daba7d45e,1449.3999999999999,115.32,6,6,6,241.56666666666663,7.956395749965503,241.56666666666663,241.56666666666663,0.010663905205225472,93.85795310393536
2dcf93836ae3ce0d7c93e2f10876467a,1443.8,178.64,9,12,9,120.31666666666666,12.372904834464608,160.42222222222222,120.31666666666666,0.010622703418866107,93.86857580735422
dace965ca58120f92f8d742a9fa1864b,1442.0,131.77,8,8,7,180.25,9.138002773925106,180.25,180.25,0.010609459987536311,93.87918526734175
66fd84ee7528c0c0de85d0f44a73d5ab,1438.11,453.19,11,21,9,68.48142857142857,31.512888443860348,130.7372727272727,68.48142857142857,0.010580839460940253,93.8897661068027
5b0cc932433fa5184b5b94bfe6bcc256,1437.8,556.29,12,17,4,84.5764705882353,38.69036027263875,119.81666666666666,84.5764705882353,0.010578558647766788,93.90034466545046
3771c85bac139d2344864ede5d9341e3,1433.3,408.96,26,30,7,47.776666666666664,28.532756575734318,55.12692307692308,47.776666666666664,0.010545450069442299,93.9108901155199
ec933281fb017b5020d06df29c3f77e8,1432.0,230.85,8,8,3,179.0,16.120810055865924,179.0,179.0,0.010535885369037446,93.92142600088894
c5f7e746b7e6d07def6c0dae9903279b,1429.0,229.92000000000002,10,11,5,129.9090909090909,16.08957312806158,142.9,129.9090909090909,0.010513812983487787,93.93193981387243
0aea4c6ae1505b3228ddf3dd7822ee5b,1427.91,151.75,8,8,8,178.48875,10.627420495689503,178.48875,178.48875,0.010505793350071412,93.94244560722251
ffff564a4f9085cd26170f4732393726,1426.3,344.56,20,20,15,71.315,24.15761060085536,71.315,71.315,0.010493947836493094,93.952939555059
d9a84e1403de8da0c3aa531d6d108ba6,1425.2,732.14,54,59,35,24.15593220338983,51.37103564412012,26.392592592592592,24.15593220338983,0.010485854628458219,93.96342540968746
adcf50477d6a1f5d91bb9d54c4903cb5,1425.14,798.66,19,38,15,37.503684210526316,56.04081002568169,75.00736842105263,37.503684210526316,0.010485413180747227,93.9739108228682
f5f46307a4d15880ca14fab4ad9dfc9b,1422.94,231.38,9,10,6,142.294,16.260699678131193,158.10444444444445,142.294,0.010469226764677476,93.98438004963289
89c127985a8b130cfa45c1d36764017a,1419.5700000000002,120.63,7,7,6,202.7957142857143,8.49764365265538,202.7957142857143,202.7957142857143,0.010444432118243358,93.99482448175114
0b0ddbc7b9d9584f442c7ac92b0ff6c9,1416.76,133.88,3,3,3,472.25333333333333,9.449730370704987,472.25333333333333,472.25333333333333,0.010423757650445176,94.00524823940158
010543a62bd80aa422851e79a3bc7540,1416.0,31.950000000000003,2,2,1,708.0,2.25635593220339,708.0,708.0,0.010418165979439264,94.01566640538103
17eea220a40cc0d2c0c5346379682398,1414.98,98.01,4,4,3,353.745,6.926599669253276,353.745,353.745,0.01041066136835238,94.02607706674938
af3ef48d0e13835e529c29ac573c63e5,1405.63,467.5,21,21,12,66.93476190476191,33.259108015622886,66.93476190476191,66.93476190476191,0.010341869100055941,94.03641893584944
921323538c9f1c4e816f2720eac02bea,1401.84,240.36,15,17,10,82.46117647058823,17.146036637562062,93.45599999999999,82.46117647058823,0.01031398431964487,94.04673292016909
8ff1a9df749e454105c55cda13e79143,1400.6000000000001,277.21,13,14,9,100.04285714285716,19.79223190061402,107.73846153846155,100.04285714285716,0.010304861066951013,94.05703778123605
d4ffeb15b67e81ff9af2b4252d99fb7e,1400.4,324.40999999999997,11,12,8,116.7,23.16552413596115,127.30909090909091,116.7,0.010303389574581035,94.06734117081064
d4e12e7884759a14fa0f5f896c791cae,1400.0,439.67,29,32,14,43.75,31.405,48.275862068965516,43.75,0.01030044658984108,94.07764161740047
04843805947f0fc584fc1969b6e50fe7,1400.0,74.76,1,2,1,700.0,5.34,1400.0,700.0,0.01030044658984108,94.08794206399031
b8114f2f589a6804810f04f99b36b498,1399.62,292.41,8,11,4,127.23818181818181,20.8920992840914,174.9525,127.23818181818181,0.010297650754338122,94.09823971474465
2e1a7d075abe038c1b2743005fe42ff1,1396.7,353.85,19,23,13,60.72608695652174,25.334717548507196,73.51052631578948,60.72608695652174,0.010276166965736454,94.10851588171039
8e2b3afb420011ef0c88c9d5f11ea526,1384.5,147.93,11,11,3,125.86363636363636,10.684723726977248,125.86363636363636,125.86363636363636,0.010186405931167838,94.11870228764155
863d2ebcd347ce4922de7a0f9a5581d6,1382.36,308.81,18,19,8,72.7557894736842,22.339332735322202,76.79777777777777,72.7557894736842,0.01017066096280908,94.12887294860437
81336a0f57a33776419727a300249e90,1374.8500000000001,296.03,16,19,10,72.36052631578949,21.531803469469395,85.92812500000001,72.36052631578949,0.010115406424316435,94.13898835502869
88cf19ec1fc2c58f161aee259d57142c,1372.97,234.71,14,14,11,98.06928571428571,17.095056701894435,98.06928571428571,98.06928571428571,0.010101574396038648,94.14908992942472
8185694b58b2ba6de20fd41ae608bbea,1372.3,230.26999999999998,8,8,8,171.5375,16.77985863149457,171.5375,171.5375,0.010096644896599222,94.15918657432132
985c92cc412091f8529c12d7f23d3fef,1368.5,238.13,12,12,9,114.04166666666667,17.400803799780782,114.04166666666667,114.04166666666667,0.010068686541569654,94.1692552608629
0bebbb2cea103a4a020c95d43fd7d754,1367.2,147.14000000000001,9,9,9,151.91111111111113,10.76214160327677,151.91111111111113,151.91111111111113,0.010059121841164803,94.17931438270406
556a6409838156ea299c9d1f9e2dde43,1362.8,86.84,4,4,4,340.7,6.372174933959496,340.7,340.7,0.010026749009025301,94.18934113171309
36890be00bbfc1cdb9a4a38a6af05a69,1361.3,239.57999999999998,13,13,5,104.71538461538461,17.59935355909792,104.71538461538461,104.71538461538461,0.010015712816250473,94.19935684452935
5a425cc503b39b262a847fd6212bf53b,1360.5900000000001,269.51,15,15,9,90.706,19.808318450084155,90.706,90.706,0.010010489018337055,94.20936733354769
a36ac007a4d18f865c8d32c3b2402c2d,1359.7800000000002,177.19,9,9,3,151.0866666666667,13.030784391592757,151.0866666666667,151.0866666666667,0.010004529474238646,94.21937186302193
2f73e04d12cdf0c945ded66bb3fcf6c7,1359.0,101.85,3,3,3,453.0,7.49448123620309,453.0,453.0,0.009998790653995733,94.22937065367593
091065b789659bc3cd9af9cb3a6253ff,1359.0,85.37,2,2,1,679.5,6.281824871228846,679.5,679.5,0.009998790653995733,94.23936944432992
42ef3192a9ff87a22d1867b74b3ee205,1354.0900000000001,301.88,23,23,20,58.87347826086957,22.29393910301383,58.87347826086957,58.87347826086957,0.009962665516312792,94.24933210984624
9f50216bfd01913736a55a11b55ea842,1354.0,317.1,17,19,14,71.26315789473684,23.419497784342692,79.6470588235294,71.26315789473684,0.0099620033447463,94.25929411319098
04e38a233f726ef161074ab1c9b0399a,1352.2,459.07,23,28,11,48.292857142857144,33.94985948824139,58.79130434782609,48.292857142857144,0.009948759913416505,94.26924287310439
b9a03475e6447e631b6799ec8274800f,1349.1,294.98,10,11,7,122.64545454545454,21.86494700170484,134.91,122.64545454545454,0.009925951781681857,94.27916882488607
e439f7176d763f92de325271111b2fd5,1348.4,235.62,7,7,4,192.62857142857143,17.47404331059033,192.62857142857143,192.62857142857143,0.009920801558386937,94.28908962644446
c3ee2331a724e6fc02c4b698b57a73f3,1347.0,140.88,2,3,2,449.0,10.458797327394208,673.5,449.0,0.009910501111797096,94.29900012755627
7e26c750b4cb9f6766f58265ff9ebe95,1344.3,388.88,23,27,2,49.788888888888884,28.928066651789035,58.44782608695652,49.788888888888884,0.009890635964802401,94.30889076352108
20b54c376b794ed028df09a3cd88e8dc,1342.95,163.6,11,11,8,122.08636363636364,12.18213634163595,122.08636363636364,122.08636363636364,0.009880703391305055,94.31877146691238
b43d8b707f887a30f4675391098354a0,1342.0,184.76,3,4,3,335.5,13.767511177347242,447.3333333333333,335.5,0.009873713802547663,94.32864518071493
186cdd1b2df32caa72cfb410bba768d3,1341.45,268.28000000000003,6,6,6,223.57500000000002,19.999254537999928,223.57500000000002,223.57500000000002,0.009869667198530226,94.33851484791346
8ea394aed8138685abe1eb9f25e1021d,1340.0,77.6,2,2,1,670.0,5.791044776119403,670.0,670.0,0.00985899887884789,94.34837384679231
ecccfa2bb93b34a3bf033cc5d1dcdc69,1338.64,262.71,15,19,7,70.45473684210526,19.625141935098306,89.24266666666668,70.45473684210526,0.009848992730732045,94.35822283952305
7357b52d27cbaa90f81a96cbc1279396,1328.02,217.81,12,12,3,110.66833333333334,16.40110841704191,110.66833333333334,110.66833333333334,0.009770856485886251,94.36799369600894
058cb5aeb36d7c0fcae20fc85d5e0a59,1328.0,779.42,12,13,8,102.15384615384616,58.69126506024096,110.66666666666667,102.15384615384616,0.009770709336649253,94.37776440534559
3faf68a3b0af94b10bac70d86077be49,1322.93,119.16,7,7,3,188.99,9.007279296712598,188.99,188.99,0.009733407005070329,94.38749781235066
5d9f3746e112e696f98ea22c56b3e912,1322.64,47.77,1,1,1,1322.64,3.611715962015363,1322.64,1322.64,0.009731273341133861,94.39722908569179
d2e753bb80b7d4faa77483ed00edc8ca,1320.7,454.24,14,15,9,88.04666666666667,34.393882032255625,94.33571428571429,88.04666666666667,0.009716999865145081,94.40694608555694
718539d38d07dd351c76db862760e2e2,1318.9,659.05,37,45,14,29.30888888888889,49.96967169611039,35.64594594594595,29.30888888888889,0.009703756433815285,94.41664984199076
2bd05d410a8fd26dc4184a15f4f2f588,1316.73,198.54,6,7,6,188.1042857142857,15.078262058280739,219.455,188.1042857142857,0.009687790741601032,94.42633763273236
5151aea44289d6c6b090ee31c2132508,1315.3,167.17,7,7,1,187.9,12.709647989051929,187.9,187.9,0.009677269571155694,94.43601490230351
3f8034bfc6b8b4135534975d49f04c63,1313.9,280.61,12,16,8,82.11875,21.35702869320344,109.49166666666667,82.11875,0.009666969124565853,94.44568187142808
4eb61f060e7dcc1d5a80d806c35cc541,1313.0,153.12,8,8,3,164.125,11.661843107387662,164.125,164.125,0.009660347408900956,94.45534221883698
c794dab4928dd97beb41d05514441e86,1312.3999999999999,232.19,16,16,9,82.02499999999999,17.692014629686074,82.02499999999999,82.02499999999999,0.009655932931791022,94.46499815176877
f4a04f7be452aa3bb31760bf00055dd0,1312.1,241.85,18,18,8,72.89444444444445,18.43228412468562,72.89444444444445,72.89444444444445,0.009653725693236056,94.47465187746201
e63e8bfa530fb16910dd6956e592bb81,1311.7,667.47,42,43,12,30.504651162790697,50.88587329419837,31.23095238095238,30.504651162790697,0.009650782708496102,94.4843026601705
626ab1cd96932367f0eeec2e47046c12,1310.0,80.47,3,3,3,436.6666666666667,6.142748091603053,436.6666666666667,436.6666666666667,0.009638275023351295,94.49394093519385
7f40d06aa0b5f1aa4f41af8c0480e2ef,1309.94,125.67999999999999,6,6,4,218.32333333333335,9.594332564850298,218.32333333333335,218.32333333333335,0.009637833575640303,94.50357876876949
9a1aea68d3efa00862ec88c0768037d0,1309.2,192.51,7,8,3,163.65,14.704399633363884,187.02857142857144,163.65,0.009632389053871386,94.51321115782336
0e982cff76cc0579f632cea8a0e38c9d,1307.34,172.97,7,12,8,108.945,13.23068214848471,186.76285714285714,108.945,0.009618704174830597,94.52282986199819
a13580f0e8f782b7a543885a0ef99f08,1304.9,258.78,10,10,5,130.49,19.831404705341402,130.49,130.49,0.009600751967916875,94.53243061396611
4dbd95a08b31ede5c82d3f861cb1ce1a,1304.67,189.36,6,6,6,217.44500000000002,14.514015038285544,217.44500000000002,217.44500000000002,0.0095990597516914,94.5420296737178
83b08de96980757220871b31bf6cffca,1304.17,454.21,5,7,4,186.31,34.8275148178535,260.834,186.31,0.009595381020766458,94.55162505473858
542917da124346b47ea1ac79a93ce454,1303.9,363.18,20,20,13,65.19500000000001,27.853362987959194,65.19500000000001,65.19500000000001,0.009593394506066989,94.56121844924465
90d4125885ab6c86e8820a722be71974,1299.5500000000002,43.4,3,5,1,259.91,3.339617559924589,433.1833333333334,259.91,0.009561389547019983,94.57077983879167
45a3d05fb00435e52a28859dd03703b3,1299.0,24.79,1,1,1,1299.0,1.9083910700538875,1299.0,1299.0,0.009557342943002544,94.58033718173466
56e361f411e38dcef17cdc2a3d99628b,1298.0,1857.7600000000002,5,10,4,129.8,143.12480739599386,259.6,129.8,0.009549985481152658,94.58988716721582
d101c6da914ae3d53f7bee42283f2fe2,1297.4,260.15,13,16,4,81.0875,20.051641745028515,99.80000000000001,81.0875,0.009545571004042727,94.59943273821986
10ff823eda2b032e2c93d17a7d294736,1294.97,164.56,9,9,6,143.88555555555556,12.707630292593649,143.88555555555556,143.88555555555556,0.009527692371747502,94.60896043059161
51ed72984a04e5dd35c2b27e77179038,1294.3,198.93,7,7,4,184.9,15.369697906204127,184.9,184.9,0.009522762872308077,94.61848319346392
f08c008c8a8d31417763738a1788a2a8,1291.72,422.96999999999997,22,23,3,56.16173913043478,32.744712476388074,58.71454545454546,56.16173913043478,0.009503780620735371,94.62798697408465
b9ca8e8baa5d4aa038394a700f63e69f,1289.77,388.18,14,14,8,92.12642857142858,30.096838971289458,92.12642857142858,92.12642857142858,0.009489433570128093,94.63747640765477
25e47381a6c510ddeb36084e33b89f0c,1289.6000000000001,282.11,16,17,11,75.85882352941178,21.875775434243174,80.60000000000001,75.85882352941178,0.009488182801613614,94.64696459045639
141440cad9341e553f8401c574a2aa38,1288.2,290.8,11,12,9,107.35000000000001,22.574134451172178,117.10909090909091,107.35000000000001,0.00947788235502377,94.65644247281142
bc07d855eac23aab5ac8a120f21d16b2,1283.1100000000001,213.07,12,13,9,98.70076923076924,16.605746974148747,106.92583333333334,98.70076923076924,0.009440432874207849,94.66588290568563
e3d3b3efac954a60d61be70b7e05b49b,1282.05,123.78,3,3,3,427.34999999999997,9.654849654849656,427.34999999999997,427.34999999999997,0.00943263396464697,94.67531553965028
4eeb99008a0f59d2c7759c59f9a346eb,1282.0,38.95,2,2,2,641.0,3.0382215288611545,641.0,641.0,0.009432266091554474,94.68474780574184
269cff2d3c8d205c11f37a52402ea93b,1281.59,133.41,4,5,3,256.318,10.40972541920583,320.3975,256.318,0.00942924953219602,94.69417705527403
a478c7961d6a992065b24e63b366f90b,1281.5,170.06,8,9,5,142.38888888888889,13.27038626609442,160.1875,142.38888888888889,0.00942858736062953,94.70360564263466
fec8cd45395b3cb0c2b173d7739706a1,1280.0,96.94,4,4,3,320.0,7.573437499999999,320.0,320.0,0.0094175511678547,94.71302319380251
5795aebfe331fbcd02a2c4b679fb7952,1280.0,156.09,6,6,3,213.33333333333334,12.19453125,213.33333333333334,213.33333333333334,0.0094175511678547,94.72244074497037
2709af9587499e95e803a6498a5a56e9,1279.56,579.46,26,47,15,27.22468085106383,45.28587952108538,49.21384615384615,27.22468085106383,0.009414313884640752,94.73185505885502
1dcfa3835714681d4ba4a93bc1e0fd41,1278.5,323.6,13,15,4,85.23333333333333,25.31091122409073,98.34615384615384,85.23333333333333,0.009406514975079872,94.7412615738301
bb5d956dece964a06c12bceb66b923ae,1278.36,50.14,2,2,2,639.18,3.9222128351950944,639.18,639.18,0.009405484930420887,94.75066705876053
128f9bfbe4c7d5185033914b1de3d39a,1277.29,373.2,14,16,9,79.830625,29.218110217726593,91.235,79.830625,0.009397612446241509,94.76006467120676
52f9db5cfb423382a2fa5c9e39303202,1269.77,358.77,22,23,7,55.20739130434782,28.25472329634501,57.716818181818184,55.20739130434782,0.009342284333130363,94.76940695553989
c8c1bea22194a4eefa2dc9a9fa89f536,1266.0,292.73,7,13,3,97.38461538461539,23.122432859399687,180.85714285714286,97.38461538461539,0.00931454670195629,94.77872150224185
2646baaf662d4d92ac48f047e35db92d,1263.05,286.34,15,18,10,70.16944444444444,22.670519773563992,84.20333333333333,70.16944444444444,0.009292842189499126,94.78801434443135
9ed65337433adfbedefd23dd76eaa494,1262.6,81.05,6,6,3,210.4333333333333,6.419293521305243,210.4333333333333,210.4333333333333,0.009289531331666675,94.797303875763
da7039f29f90ce5b4846ffc0fcc93beb,1259.1,244.45000000000002,17,18,7,69.94999999999999,19.414661265983643,74.06470588235294,69.94999999999999,0.009263780215192073,94.8065676559782
9140bd1d9de28b197dce077bdd687438,1258.87,184.06,6,8,5,157.35875,14.62104903604026,209.81166666666664,157.35875,0.009262087998966599,94.81582974397716
8a9260f2b0340411d6d2a56bcf4f7378,1256.0,140.94,8,9,4,139.55555555555554,11.221337579617833,157.0,139.55555555555554,0.009240972083457425,94.82507071606062
b8578d2d823bd8e251f6fdd02b40902d,1255.6,244.0,9,9,6,139.5111111111111,19.432940426887548,139.5111111111111,139.5111111111111,0.00923802909871747,94.83430874515933
4cf490a58259286ada5ba8525ba9e84a,1254.2,155.19,8,8,6,156.775,12.373624621272523,156.775,156.775,0.00922772865212763,94.84353647381145
734def04b237117a09321dd6d8f3f2a2,1252.43,28.8,2,2,2,626.215,2.299529714235526,626.215,626.215,0.009214705944653331,94.85275117975611
402916f742e5c740cc751493d9cf5053,1252.0,226.43,9,10,5,125.2,18.085463258785943,139.11111111111111,125.2,0.00921154223605788,94.86196272199217
b5abf4f36adc043117b4fca82c22984c,1247.8,283.99,11,12,8,103.98333333333333,22.759256291072287,113.43636363636364,103.98333333333333,0.009180640896288356,94.87114336288846
30a81d8cf85fb2ada1b1b094c9583a95,1245.42,168.1,17,20,7,62.271,13.49745467392526,73.26,62.271,0.009163130137085626,94.88030649302554
3fac58ce0ad699020c7944d53c41329c,1244.95,183.02,10,16,13,77.809375,14.700992007711152,124.495,77.809375,0.00915967213001618,94.88946616515555
671585f5a2af58b6e276bc01003c0d2b,1244.0,448.11,27,27,5,46.074074074074076,36.02170418006431,46.074074074074076,46.074074074074076,0.009152682541258788,94.89861884769681
5d76d80a2f5f39c891b996a1bf4c9853,1238.5,171.25,6,6,5,206.41666666666666,13.827210335082762,206.41666666666666,206.41666666666666,0.009112216501084411,94.90773106419789
67225bff54a172ff67579aaf583efd78,1238.0,155.10999999999999,8,8,7,154.75,12.529079159935378,154.75,154.75,0.009108537770159469,94.91683960196805
002100f778ceb8431b7a1020ff7ab48f,1234.5,793.66,51,55,24,22.445454545454545,64.28999594977724,24.205882352941178,22.445454545454545,0.009082786653684866,94.92592238862173
4fb41dff7c50136976d1a5cf004a42e2,1230.0,66.77,3,3,3,410.0,5.428455284552845,410.0,410.0,0.009049678075360378,94.93497206669709
7daca0837f033a41a6f3428c18657533,1228.98,168.16,7,7,4,175.56857142857143,13.682891503523246,175.56857142857143,175.56857142857143,0.009042173464273493,94.94401424016137
0afccdb8a34ee5c79f7c06faf2b4d56e,1225.5,388.28,25,25,10,49.02,31.683394532843735,49.02,49.02,0.009016569497035888,94.9530308096584
2d518637f53161b973e01f56ea4bb88e,1219.8899999999999,319.81,13,13,2,93.8376923076923,26.216298190820485,93.8376923076923,93.8376923076923,0.008975294136058022,94.96200610379447
9c4d31c7e46ab03a43fc06e3142afd4e,1218.9,43.82000000000001,2,2,2,609.45,3.5950447124456484,609.45,609.45,0.008968010248826638,94.97097411404329
7a425d299613df3e613bcf9d2eaf5c49,1218.8,286.67,18,18,14,67.71111111111111,23.5206760748277,67.71111111111111,67.71111111111111,0.008967274502641648,94.97994138854592
2cb6eb1b7185064167657fa09f541105,1217.9,164.78,6,7,6,173.9857142857143,13.529846457016175,202.98333333333335,173.9857142857143,0.00896065278697675,94.9889020413329
093805f8f2aeb63881444571e1f48f30,1215.79,343.94,22,27,18,45.029259259259256,28.28942498293291,55.26318181818181,45.029259259259256,0.00894512854247349,94.99784716987539
f9d010e39375d9c91dce3f40b73a2f84,1212.0,138.14,4,5,2,242.4,11.397689768976898,303.0,242.4,0.00891724376206242,95.00676441363744
57c764b4a836300be881e2ff86e449f9,1211.0,470.11,29,30,12,40.36666666666667,38.819983484723366,41.758620689655174,40.36666666666667,0.008909886300212534,95.01567429993766
788e857f317e53de488d393e65a80f45,1210.0,184.95000000000002,11,11,4,110.0,15.285123966942148,110.0,110.0,0.008902528838362648,95.02457682877602
6426d21aca402a131fc0a5d0960a3c90,1209.64,384.18,23,23,9,52.593043478260874,31.759862438411425,52.593043478260874,52.593043478260874,0.008899880152096688,95.03347670892812
b566ab0ef88016e00422755e305103c6,1208.0,220.21999999999997,5,5,4,241.6,18.230132450331123,241.6,241.6,0.008887813914662875,95.04236452284279
01fd077212124329bac32490e8ef80d9,1208.0,575.36,31,39,12,30.974358974358974,47.62913907284768,38.96774193548387,30.974358974358974,0.008887813914662875,95.05125233675746
7238f877570096ae403c51898fa64566,1200.0,49.519999999999996,3,3,1,400.0,4.126666666666667,400.0,400.0,0.008828954219863782,95.06008129097732
f0563bacf40c311f1c4d3d6b67b8a7a7,1199.0,28.78,1,1,1,1199.0,2.4003336113427856,1199.0,1199.0,0.008821596758013896,95.06890288773533
6bef34c5be6f2bbd70aa5165f6df94b1,1198.0,132.88,2,2,1,599.0,11.091819699499165,599.0,599.0,0.008814239296164008,95.07771712703149
11fb6f6d341adbe19e81733701704635,1197.0,399.65999999999997,3,3,1,399.0,33.388471177944865,399.0,399.0,0.008806881834314122,95.08652400886581
a20d8058c866dbaeca014d2cd20ac62e,1194.0,44.9,2,2,1,597.0,3.7604690117252932,597.0,597.0,0.008784809448764462,95.09530881831458
d8c7ba53e7e38711eaef8c2849d6d2e1,1190.87,597.47,22,22,6,54.13045454545454,50.17088347174755,54.13045454545454,54.13045454545454,0.008761780593174317,95.10407059890775
700f03c207639c22d933381ff60b35c2,1189.8600000000001,136.45,4,4,3,297.46500000000003,11.467735699998318,297.46500000000003,297.46500000000003,0.008754349556705935,95.11282494846446
c0098efcf800861dcae589affca31408,1189.28,187.46,9,9,8,132.14222222222222,15.762478138033098,132.14222222222222,132.14222222222222,0.008750082228832999,95.1215750306933
1710c3aaa9c6b44ec3883ee0fe300e21,1188.9,37.650000000000006,2,2,2,594.45,3.1667928337118347,594.45,594.45,0.008747286393330044,95.13032231708662
e504a4e2efaa45cbff7e268a2c58c956,1188.8000000000002,275.26,11,12,6,99.06666666666668,23.15444145356662,108.07272727272729,99.06666666666668,0.008746550647145055,95.13906886773377
c273175f7c6c80fb02f051e2fc6d0d72,1188.23,255.22,14,14,11,84.87357142857142,21.47900658963332,84.87357142857142,84.87357142857142,0.008742356893890618,95.14781122462766
439a47cc365d6e3bd526812ea9de3c29,1186.5,224.43,8,13,5,91.26923076923077,18.915297092288245,148.3125,91.26923076923077,0.008729628484890315,95.15654085311255
a5259c149128e82c9d6d46e0c1c812bb,1182.26,438.87,8,8,7,147.7825,37.121276199820684,147.7825,147.7825,0.008698432846646795,95.16523928595919
7ff588a03c2aeae4fbd23f9ae64b760d,1182.2,221.18,14,16,11,73.8875,18.709186262899678,84.44285714285715,73.8875,0.008697991398935803,95.17393727735812
ec4608a1f76453166bb312b2968aeaf4,1181.75,939.61,18,35,5,33.76428571428571,79.51004865665327,65.65277777777777,33.76428571428571,0.008694680541103355,95.18263195789922
725af026f869236a8dd0ceb98564d156,1177.71,184.95999999999998,7,8,5,147.21375,15.70505472484737,168.24428571428572,147.21375,0.008664956395229812,95.19129691429445
327b89b872c14d1c0be7235ef4871685,1177.0,81.8,3,3,3,392.3333333333333,6.9498725573491935,392.3333333333333,392.3333333333333,0.008659732597316394,95.19995664689178
b1aaae6b66ad3c40f54b389d7ea4bee0,1176.5,392.74,15,17,15,69.20588235294117,33.38206544836379,78.43333333333334,69.20588235294117,0.00865605386639145,95.20861270075817
dbec9a0a7efeff029d4d9dce7dc4cc95,1170.0,118.59,3,3,2,390.0,10.135897435897437,390.0,390.0,0.008608230364367187,95.21722093112254
f1b854361f4e15d5851b494df66f22b2,1168.8,306.44,3,4,3,292.2,26.218343600273787,389.59999999999997,292.2,0.008599401410147324,95.22582033253269
8629c241b3622ac12cd4118afdc8d394,1167.66,334.36,13,13,6,89.82000000000001,28.635047873524826,89.82000000000001,89.82000000000001,0.008591013903638454,95.23441134643633
a425f92c199eb576938df686728acd20,1165.8,308.95,17,19,18,61.357894736842105,26.50111511408475,68.5764705882353,61.357894736842105,0.008577329024597664,95.24298867546094
c8e135e7b21ecbc36c1153a29d2f5a06,1165.5,101.98,7,7,5,166.5,8.74989274989275,166.5,166.5,0.0085751217860427,95.25156379724697
5ee7fd217d08dfe5d3e2f51f96a12c9a,1165.5,269.68,9,9,8,129.5,23.13856713856714,129.5,129.5,0.0085751217860427,95.26013891903301
5f3ae9136c875522250f8184f253413a,1158.0,615.76,43,46,24,25.17391304347826,53.174438687392055,26.930232558139537,25.17391304347826,0.008519940822168549,95.26865885985518
d1c7fa84e48cfa21a0e595167c1c500e,1156.03,321.35,12,12,6,96.33583333333333,27.7977215124175,96.33583333333333,96.33583333333333,0.008505446622324272,95.2771643064775
d1b9d4be4b6f9ebd85f8acd6745ba612,1154.35,194.18,11,11,10,104.94090909090909,16.821587906614113,104.94090909090909,104.94090909090909,0.008493086086416463,95.28565739256392
2d378dbb39815785238c0139c7647fb7,1154.0,300.44,2,2,1,577.0,26.034662045060657,577.0,577.0,0.008490510974769003,95.29414790353869
432c67955c0acd1fd6b0b5d678766a71,1151.0,137.41,3,3,3,383.6666666666667,11.938314509122502,383.6666666666667,383.6666666666667,0.008468438589219345,95.3026163421279
c35672b10ad50968f567ea3f4b91e877,1150.57,364.78,18,22,3,52.29863636363636,31.704285701869505,63.92055555555555,52.29863636363636,0.008465274880623893,95.31108161700853
5fd924b4836098a5be0ecf81ba054ce0,1148.8,135.54,7,8,8,143.6,11.798398328690809,164.1142857142857,143.6,0.008452252173149594,95.31953386918167
1d2732ef8321502ee8488e8bed1ab8cd,1148.0,80.18,4,5,4,229.6,6.98432055749129,287.0,229.6,0.008446366203669686,95.32798023538534
d4910f1cdcfdabd48d6b316e395d4a23,1146.88,215.04,11,12,2,95.57333333333334,18.749999999999996,104.26181818181819,95.57333333333334,0.008438125846397812,95.33641836123174
10089e9f2fd0c668a8fd4e52e1698888,1139.9,59.41,3,3,3,379.9666666666667,5.211860689534169,379.9666666666667,379.9666666666667,0.008386770762685606,95.34480513199442
5f26c1408a65b42a7224cd463bdf3292,1139.8,217.29,10,10,9,113.97999999999999,19.06387085453588,113.97999999999999,113.97999999999999,0.008386035016500615,95.35319116701092
6562efe88ce0826a4ca4f189f03b4b84,1135.8999999999999,300.31,9,21,7,54.09047619047618,26.438066731226346,126.2111111111111,54.09047619047618,0.008357340915286058,95.3615485079262
6b89abe95848c850399130d149a39b63,1135.2,330.53,8,8,2,141.9,29.116455250176177,141.9,141.9,0.008352190691991137,95.3699006986182
5b07547f10dd980738a1a27f685af669,1134.6000000000001,185.47,13,14,3,81.04285714285716,16.346730125154238,87.27692307692308,81.04285714285716,0.008347776214881206,95.37824847483307
75fbb52eda0cbc24f479d3b2fbfa8d3e,1130.99,943.52,40,43,37,26.302093023255814,83.42425662472701,28.27475,26.302093023255814,0.008321215777603115,95.38656969061067
9485a23c0430ba1d58d359391606fce6,1129.9,65.25,5,5,5,225.98000000000002,5.774847331622267,225.98000000000002,225.98000000000002,0.00831319614418674,95.39488288675486
713e3a23ca5e47786eb6f0d99f94cfac,1126.0,87.03,4,4,4,281.5,7.729129662522202,281.5,281.5,0.008284502042972182,95.40316738879783
138dbe45fc62f1e244378131a6801526,1125.56,689.24,49,58,22,19.406206896551723,61.235296208109744,22.970612244897957,19.406206896551723,0.008281264759758232,95.41144865355758
9bc484c87d79cd4874e05ca182658045,1120.0,149.87,9,9,9,124.44444444444444,13.38125,124.44444444444444,124.44444444444444,0.008240357271872863,95.41968901082946
c878515173c84a492ebe50d6b493230b,1118.84,189.2,9,10,6,111.88399999999999,16.91037145615101,124.31555555555555,111.88399999999999,0.008231822616126995,95.42792083344558
cda598c48d7c614bc1cad7d8ff6f0010,1118.6000000000001,301.6,17,18,4,62.14444444444445,26.962274271410692,65.80000000000001,62.14444444444445,0.008230056825283024,95.43615089027087
365e445f796710c3431557e85caa25db,1115.0,79.3,4,5,4,223.0,7.112107623318385,278.75,223.0,0.008203569962623431,95.44435446023348
1b65c144b17e607c0f37f10bb7dfec8d,1109.5,144.85,5,5,3,221.9,13.055430374042363,221.9,221.9,0.008163103922449054,95.45251756415594
b586cd24c010a13916af621b0325fbba,1108.94,263.99,6,7,7,158.42000000000002,23.805616174004005,184.82333333333335,158.42000000000002,0.008158983743813119,95.46067654789975
6c6cc59a5c00cacc5054ca06d65cc282,1107.0,148.71,1,1,1,1107.0,13.433604336043361,1107.0,1107.0,0.008144710267824339,95.46882125816758
abc015ebac1d283a323ca9db35ede4b9,1106.8,222.85000000000002,12,13,8,85.13846153846154,20.134622334658477,92.23333333333333,85.13846153846154,0.008143238775454361,95.47696449694304
457fe919b032a3f7dadba6fb92cf7855,1104.89,141.22,9,12,8,92.07416666666667,12.78136285060051,122.76555555555557,92.07416666666667,0.00812918602332108,95.48509368296637
596849622429351f47b32e6cae1055ff,1104.7,160.49,14,14,12,78.90714285714286,14.52792613379198,78.90714285714286,78.90714285714286,0.0081277881055696,95.49322147107193
48328ec9a579151d9cc6a86d4a59336c,1099.0,97.78,1,1,1,1099.0,8.897179253867153,1099.0,1099.0,0.008085850573025247,95.50130732164496
c88f62b4c386a59281014d677864d016,1099.0,251.5,1,1,1,1099.0,22.884440400363967,1099.0,1099.0,0.008085850573025247,95.50939317221798
4b39558c138930b9e5489c93b6df5fe3,1096.7,132.4,4,5,3,219.34,12.07258138050515,274.175,219.34,0.008068928410770507,95.51746210062875
b55638ad525e906c698fa2ce742c1742,1094.8,290.87,11,12,6,91.23333333333333,26.56832298136646,99.52727272727272,91.23333333333333,0.008054949233255724,95.525517049862
119d1aef1b4144adba89163f6cd9f5d4,1094.0,204.24,4,4,3,273.5,18.6691042047532,273.5,273.5,0.008049063263775814,95.53356611312577
8b655f0855926bcb49f5835d38dfddf6,1089.5,73.31,5,5,3,217.9,6.728774667278568,217.9,217.9,0.008015954685451325,95.54158206781122
f205b1a3ca9a34e0f8a228bae6e4c7b3,1088.0,396.9,8,8,7,136.0,36.4797794117647,136.0,136.0,0.008004918492676497,95.5495869863039
76ea5315acb3f5f7ade3cd261faf922a,1087.06,224.02,15,15,12,72.47066666666666,20.607878130002025,72.47066666666666,72.47066666666666,0.007998002478537602,95.55758498878244
fe87f472055fbcf1d7e691c00b1560dc,1085.8,130.16,6,6,4,180.96666666666667,11.987474673052127,180.96666666666667,180.96666666666667,0.007988732076606745,95.56557372085905
e48cc16ab70bfa09e1401740dce0b3d7,1084.83,326.3,14,17,9,63.813529411764705,30.07844547071892,77.48785714285714,63.813529411764705,0.007981595338612356,95.57355531619766
39f776d2974049026ff531fc42ef2a3e,1084.04,90.37,3,4,3,271.01,8.336408250618058,361.34666666666664,271.01,0.007975782943750946,95.5815310991414
71dc18fd8cbf5fd77f45dd8b427abb34,1080.0,149.4,4,9,1,120.0,13.833333333333334,270.0,120.0,0.007946058797877404,95.58947715793929
4091f77d8c768fc3e81c20761471761d,1079.0,230.87,8,8,6,134.875,21.39666357738647,134.875,134.875,0.007938701336027518,95.59741585927532
4736e9d642ef4257cd7622516931eb51,1078.8700000000001,370.90000000000003,16,20,12,53.94350000000001,34.378562755475635,67.42937500000001,53.94350000000001,0.007937744865987034,95.6053536041413
03a2a6dcbe45d639c4dc2a0d24769c40,1078.41,172.25,9,9,7,119.82333333333334,15.972589274951085,119.82333333333334,119.82333333333334,0.007934360433536085,95.61328796457484
a066df7361163e7ddc5d7452dd17448b,1078.3,266.32,15,17,6,63.42941176470588,24.698135954743577,71.88666666666667,63.42941176470588,0.007933551112732596,95.62122151568757
278b6e0b20c4f61fefaa0577943d7a35,1078.0,74.62,1,2,1,539.0,6.922077922077922,1078.0,539.0,0.007931343874177632,95.62915285956174
577719699805dd125d5b6fdde5943bba,1077.8000000000002,209.56,8,8,8,134.72500000000002,19.44331044720727,134.72500000000002,134.72500000000002,0.007929872381807654,95.63708273194355
167fd940acebc789debd6eb418c46e38,1077.58,100.9,5,5,3,215.516,9.363573934185862,215.516,215.516,0.007928253740200678,95.64501098568375
3d4b1ae7539303b5704493798893e82c,1076.0,145.69,6,9,6,119.55555555555556,13.53996282527881,179.33333333333334,119.55555555555556,0.007916628950477858,95.65292761463424
334cab711dee080b079fa5779b584783,1069.7,351.66999999999996,11,26,10,41.142307692307696,32.87557259044591,97.24545454545455,41.142307692307696,0.007870276940823574,95.66079789157506
b18871c324516afa228a13e8f1ef0ae9,1064.6,243.8,9,23,5,46.28695652173913,22.900619951155367,118.28888888888888,46.28695652173913,0.007832753885389152,95.66863064546045
eb72802c83dc7547529c9546d1a9b8ef,1063.92,117.71,8,8,7,132.99,11.06380178960824,132.99,132.99,0.00782775081133123,95.67645839627178
8fbd63429be6d3e5e6d1a709b6464802,1061.4,179.57,6,8,4,132.675,16.91822121726022,176.9,132.675,0.007809210007469517,95.68426760627925
b2eecf5ea250510da76590ca79d60e5d,1060.0,153.15,9,11,5,96.36363636363636,14.44811320754717,117.77777777777777,96.36363636363636,0.007798909560879675,95.69206651584012
f5fea3ffed6c2e889bab72705557c63a,1059.9,268.28,3,3,3,353.3,25.311821869987728,353.3,353.3,0.007798173814694685,95.69986468965482
1464afc72f696af775557a821c2e253f,1059.36,454.42,29,30,8,35.312,42.89571061773147,36.52965517241379,35.312,0.007794200785295747,95.70765889044011
de9727ca376d1be6ec121b110aa7954c,1058.7,211.39,10,12,4,88.22500000000001,19.966940587512987,105.87,88.22500000000001,0.007789344860474822,95.71544823530058
226b05fe067266c59c15dae208213d06,1056.9,188.68,10,11,8,96.08181818181819,17.852209291323682,105.69000000000001,96.08181818181819,0.007776101429145027,95.72322433672973
55dedd83e501d8248880557d9073cbfd,1055.3,110.78999999999999,8,9,8,117.25555555555555,10.498436463564863,131.9125,117.25555555555555,0.007764329490185207,95.73098866621991
04fdea0c111866e6cf812f1570d6b5bd,1055.0,206.95,10,10,2,105.5,19.61611374407583,105.5,105.5,0.007762122251630242,95.73875078847155
9d7a1d34a5052409006425275ba1c2b4,1054.82,277.05,13,16,12,65.92625,26.265144764035576,81.14,65.92625,0.007760797908497262,95.74651158638005
fcf16b7a8697e559f0123190bb30177d,1052.8,499.77,3,7,1,150.4,47.4705547112462,350.93333333333334,150.4,0.00774593583556049,95.75425752221561
4324dd16853115efb0fd9d0d131ba6f4,1052.25,327.22,12,18,6,58.458333333333336,31.097172725112856,87.6875,58.458333333333336,0.007741889231543054,95.76199941144715
bb135baca94c82fcb731335ad5b04a03,1049.8,472.88,18,38,16,27.626315789473683,45.044770432463324,58.32222222222222,27.626315789473683,0.007723863450010832,95.76972327489716
b7d5b4b87af9d42b601865d3f3810bff,1049.0,41.019999999999996,2,2,2,524.5,3.9103908484270726,524.5,524.5,0.007717977480530922,95.77744125237768
49067458c68f7701fd334ce326accbe0,1047.6499999999999,573.85,17,37,15,28.314864864864862,54.774972557628985,61.626470588235286,28.314864864864862,0.007708044907033576,95.78514929728472
1cbd32d00d01bb8087a5eb088612fd9c,1045.47,244.06,11,12,11,87.1225,23.34452447224693,95.04272727272728,87.1225,0.007692005640200825,95.79284130292491
c03121937e54a93fcc1825c3098bbb6e,1043.0,154.94,7,7,1,149.0,14.85522531160115,149.0,149.0,0.007673832709431604,95.80051513563434
89f69225956f951295ca4c7fb1266553,1041.3,277.41,11,12,8,86.77499999999999,26.640737539613944,94.66363636363636,86.77499999999999,0.007661325024286797,95.80817646065863
3d4824f20035949c710eaf111f869d39,1041.04,173.54,9,10,8,104.104,16.669868592945516,115.6711111111111,104.104,0.007659412084205826,95.81583587274284
1bc2e21de46adfea6b98cc96b00f3b40,1039.95,102.60000000000001,3,5,2,207.99,9.865858935525747,346.65000000000003,207.99,0.007651392450789451,95.82348726519363
7c5b05cbdb5542049f38d90d7815b97d,1038.96,306.5,22,24,10,43.29,29.5006545006545,47.22545454545455,43.29,0.007644108563558062,95.83113137375719
633ecdf879b94b5337cca303328e4a25,1037.6000000000001,87.89,6,6,2,172.93333333333337,8.470508866615264,172.93333333333337,172.93333333333337,0.007634102415442217,95.83876547617263
7df1fc11cc5cbc518b39faa60cf5d67c,1037.6,134.36,5,5,5,207.51999999999998,12.949113338473403,207.51999999999998,207.51999999999998,0.0076341024154422165,95.84639957858806
c54679b132454625907c773d273d4126,1032.0,107.92999999999999,7,8,2,129.0,10.458333333333332,147.42857142857142,129.0,0.007592900629082853,95.85399247921714
8c5e007d7bd5693fa1386ffefbc99f6c,1029.11,378.3,9,24,9,42.87958333333333,36.759918764757906,114.34555555555555,42.87958333333333,0.00757163756433668,95.86156411678148
8f2b51a30523cdecddc2f179f351c7d6,1027.9,148.32999999999998,7,8,4,128.4875,14.430392061484579,146.84285714285716,128.4875,0.007562735035498319,95.86912685181697
76c47a299e4a8fe992316a85865acbe9,1024.46,221.88,6,10,5,102.446,21.658239462741346,170.74333333333334,102.446,0.007537425366734708,95.8766642771837
e58a5b390e28abc0b216cfb0e07d27d7,1022.6,144.63,7,7,3,146.0857142857143,14.143360062585566,146.0857142857143,146.0857142857143,0.00752374048769392,95.8841880176714
7994081388d55b9cf976c050653dd359,1020.0,89.65,2,6,2,170.0,8.789215686274511,510.0,170.0,0.0075046110868842155,95.89169262875829
26785a546900236d66f2e4197c211158,1019.2,225.45,15,15,12,67.94666666666667,22.12029042386185,67.94666666666667,67.94666666666667,0.007498725117404306,95.8991913538757
7aa538dd6e114e503a2e6154ea352253,1016.6800000000001,101.92,5,5,4,203.336,10.02478656017626,203.336,203.336,0.007480184313542593,95.90667153818923
a13aaf2d2886ab9fb30fb9a920160b8f,1011.52,74.31,4,4,1,252.88,7.346369819677317,252.88,252.88,0.007442219810397177,95.91411375799963
28872dc528e978a639754bc8c2ce5a4c,1009.9,29.0,1,1,1,1009.9,2.8715714427171006,1009.9,1009.9,0.007430300722200362,95.92154405872184
5011f0d93373a4c5753adf58ca77af8d,1009.4200000000001,381.43,12,22,4,45.88272727272727,37.78704602643102,84.11833333333334,45.88272727272727,0.0074267691405124165,95.92897082786234
5b664594895aefb418afaee6d40a9a23,1008.8,226.38,16,22,3,45.85454545454545,22.44052339413164,63.05,45.85454545454545,0.0074222075141654855,95.93639303537651
b45d7ebfb7378630f1bcd74b6ff86ff7,1007.5,102.51,5,5,3,201.5,10.17468982630273,201.5,201.5,0.007412642813760634,95.94380567819027
00720abe85ba0859807595bbf045a33b,1007.5,315.98,13,26,9,38.75,31.362779156327548,77.5,38.75,0.007412642813760634,95.95121832100403
fb3cfbc8a86f5d7fbb4d36b8df63f60d,1007.3000000000001,217.76,10,15,7,67.15333333333334,21.618187233197656,100.73,67.15333333333334,0.007411171321390657,95.95862949232543
bc47d5d1490df2b36add65d733eafaba,1004.8,415.11,24,25,7,40.192,41.31269904458599,41.86666666666667,40.192,0.00739277766676594,95.9660222699922
980640c45d7a4635885491d077167e4d,1004.29,242.37,14,14,12,71.735,24.133467424747835,71.735,71.735,0.0073890253612224985,95.97341129535342
ef9952469137ff190bacafe117f51537,1002.66,83.94,5,5,2,200.53199999999998,8.371731195021244,200.53199999999998,200.53199999999998,0.007377032698407182,95.98078832805182
515d781150feed28a6ac091bb0e3cb8c,1002.35,152.37,6,6,3,167.05833333333334,15.201276999052226,167.05833333333334,167.05833333333334,0.007374751885233719,95.98816307993705
2379bdc3888025689a9deb7b141507d5,999.5,126.11,9,9,8,111.05555555555556,12.617308654327164,111.05555555555556,111.05555555555556,0.007353783118961542,95.99551686305601
41c9d3997dd3c072c31139dc5bb5761f,998.8,111.74000000000001,3,3,1,332.93333333333334,11.187424909891872,332.93333333333334,332.93333333333334,0.007348632895666621,96.00286549595168
dff87e4de60c9736ce8df835951b09bc,998.0,45.43,2,2,2,499.0,4.552104208416834,499.0,499.0,0.007342746926186711,96.01020824287787
cb4a705d00e100b9732d0ca34817d441,998.0,82.56,1,2,1,499.0,8.272545090180362,998.0,499.0,0.007342746926186711,96.01755098980405
b5e3e38609125694d2ea2417522a60b7,995.04,301.14,16,17,10,58.53176470588235,30.264109985528222,62.19,58.53176470588235,0.007320968839111049,96.02487195864316
8a43128d7f9a3db592b866e6861a6cce,990.5999999999999,67.89,3,4,3,247.64999999999998,6.8534221683827985,330.2,247.64999999999998,0.007288301708497551,96.03216026035166
7ecef8194babfec876ca720714327841,990.5,123.76,7,8,5,123.8125,12.494699646643111,141.5,123.8125,0.007287565962312563,96.03944782631397
d1582f4043306e6b91afa6a8a884f898,990.0,131.92,9,9,1,110.0,13.325252525252523,110.0,110.0,0.00728388723138762,96.04673171354536
6025c79c035c3d772133b8b8238463b2,989.74,108.59,2,4,3,247.435,10.971568290662194,494.87,247.435,0.00728197429130665,96.05401368783666
8fdca8e349553f99bc738833a62c8802,989.34,380.88,22,29,4,34.115172413793104,38.49839286797258,44.97,34.115172413793104,0.007279031306566695,96.06129271914322
edd066cd02126d7800f9b66e980e9931,987.6999999999999,186.23,6,6,6,164.61666666666665,18.85491546015997,164.61666666666665,164.61666666666665,0.007266965069132881,96.06855968421236
e84ad2127668df3aafc6b73531a0beb8,987.0,286.73,19,23,5,42.91304347826087,29.05065856129686,51.94736842105263,42.91304347826087,0.007261814845837961,96.0758214990582
77dcbb67ccb3659bd58eaf5661560a30,984.0,98.56,2,2,2,492.0,10.016260162601625,492.0,492.0,0.007239742460288301,96.08306124151848
7a9c12e235c36247c3c81f50d6ea9cea,983.9,115.69,5,5,5,196.78,11.758308771216587,196.78,196.78,0.007239006714103312,96.09030024823258
325f3178fb58e2a9778334621eecdbf9,981.6999999999999,451.67,36,46,13,21.341304347826085,46.00896404196802,27.269444444444442,21.341304347826085,0.007222820298033563,96.09752306853062
83645b1645cdee8953ee54c29ceed564,978.9,266.2,14,14,11,69.92142857142856,27.19378894677699,69.92142857142856,69.92142857142856,0.007202219404853881,96.10472528793548
e0eabded302882513ced4ea3eb0c7059,978.4000000000001,138.79,8,8,3,122.30000000000001,14.18540474243663,122.30000000000001,122.30000000000001,0.0071985406739289385,96.1119238286094
a99504ac23ed125aaf5302af6cc30af9,978.0,47.24,1,1,1,978.0,4.830265848670757,978.0,978.0,0.007195597689188982,96.1191194262986
8e670472e453ba34a379331513d6aab1,975.0,108.96,1,1,1,975.0,11.175384615384615,975.0,975.0,0.007173525303639324,96.12629295160224
3f2af2670e104d1bcb54022274daeac5,973.6,360.58,6,7,5,139.0857142857143,37.03574363188167,162.26666666666668,139.0857142857143,0.007163224857049482,96.13345617645929
c1ed9e3daf6154542826a6996af0fb8c,971.25,329.39,9,17,7,57.13235294117647,33.91402831402831,107.91666666666667,57.13235294117647,0.007145934821702248,96.140602111281
ef2fbc2b607d8492bcffe657a4645434,970.8,362.89,20,22,7,44.127272727272725,37.38051091882983,48.54,44.127272727272725,0.0071426239638698,96.14774473524487
528bcf6680c36dddf07620bd35b33a6f,969.98,43.86,2,2,2,484.99,4.521742716344667,484.99,484.99,0.007136590845152893,96.15488132609002
3c3017960b2dbd72711a61f0400aab8f,968.8000000000001,254.09,10,10,4,96.88000000000001,26.22729149463253,96.88000000000001,96.88000000000001,0.007127909040170028,96.16200923513018
9261d76c62caaf0b24677c2ceb7f8f20,968.7,247.54000000000002,6,7,4,138.3857142857143,25.553835036647055,161.45000000000002,138.3857142857143,0.007127173293985039,96.16913640842417
9e9b539eb2806acee3f5c28085c1db9f,967.0,72.47,3,3,3,322.3333333333333,7.494312306101344,322.3333333333333,322.3333333333333,0.007114665608840232,96.176251074033
b19c48688808720822399ffa9f2dbe2f,959.99,24.82,1,1,1,959.99,2.585443598370816,959.99,959.99,0.0070630898012725265,96.18331416383428
05730013efda596306417c3b09302475,952.0,216.67,4,4,4,238.0,22.759453781512605,238.0,238.0,0.007004303681091934,96.19031846751537
05a940b4ecae36cadfd8e93bd9c43257,952.0,196.94,10,10,9,95.2,20.686974789915965,95.2,95.2,0.007004303681091934,96.19732277119645
f0e103c63864d5405b958d984b6e94c9,951.7,149.71,11,11,7,86.51818181818182,15.730797520226963,86.51818181818182,86.51818181818182,0.007002096442536968,96.20432486763899
5b2e94f2c22b39ccc24d34ad0f669672,949.78,390.36,10,10,5,94.978,41.10004422076692,94.978,94.978,0.006987970115785186,96.21131283775478
07017df32dc5f2f1d2801e579548d620,946.49,181.75,8,9,3,105.16555555555556,19.20252723219474,118.31125,105.16555555555556,0.006963764066299059,96.21827660182107
4f1f1c8666cdb6442f775c4e8caed465,944.98,125.41,2,2,2,472.49,13.271180342441108,472.49,472.49,0.006952654298905731,96.22522925611997
4e06067cc08b3f41d837768d392c3ee3,941.72,572.53,31,46,28,20.47217391304348,60.796202692944824,30.378064516129033,20.47217391304348,0.006928668973275102,96.23215792509325
6cf476a4ca74498db55cbccdaa9dcfb6,939.9300000000001,185.57,6,7,5,134.2757142857143,19.742959582096535,156.655,134.2757142857143,0.006915499116563804,96.2390734242098
69b5eaa096c3f9d1e5c398c597f567d6,938.0,49.02,2,2,1,469.0,5.226012793176973,469.0,469.0,0.006901299215193523,96.245974723425
79a679c36c08d606b3fd47ead9de109b,935.0,137.22,3,7,2,133.57142857142858,14.675935828877003,311.6666666666667,133.57142857142858,0.0068792268296438645,96.25285395025463
db46ca7bce82b11f7e247539271fc390,933.97,215.89,16,16,8,58.373125,23.115303489405438,58.373125,58.373125,0.006871648643938481,96.25972559889857
3d621842b2ed28e2b474132480edac3c,928.9100000000001,151.79,10,10,5,92.891,16.340657329558297,92.891,92.891,0.006834419886978056,96.26656001878554
4ebdc7e6cd6102a022dadc49156d4ea8,928.6999999999999,369.2,29,32,23,29.021874999999998,39.75449553138796,32.02413793103448,29.021874999999998,0.006832874819989578,96.27339289360553
c8025364abeecb115431bf95c11a747f,928.0,43.28,2,2,2,464.0,4.663793103448276,464.0,464.0,0.006827724596694658,96.28022061820222
bfd938b22bc99bce1ae60dc602889f52,922.8000000000001,195.46,6,12,4,76.9,21.181187689640225,153.8,76.9,0.006789465795075248,96.2870100839973
343e716476e3748b069f980efbaa294e,922.5999999999999,312.1,17,24,6,38.44166666666666,33.828311294168664,54.27058823529411,38.44166666666666,0.006787994302705271,96.29379807830001
2d42ebcda99fd55f6f4bc2f1ca035d50,921.5,282.47,10,11,3,83.77272727272727,30.653282691264245,92.15,83.77272727272727,0.006779901094670396,96.30057797939469
670a9dda115b5a88b18cfadee8de2332,918.9000000000001,183.09,11,11,10,83.53636363636365,19.924910218739797,83.53636363636365,83.53636363636365,0.006760771693860692,96.30733875108855
7d7d2b7a51328016102d4528c411d630,918.8,180.05,7,7,5,131.25714285714284,19.596212451023078,131.25714285714284,131.25714285714284,0.006760035947675703,96.31409878703623
1caf283236cd69af44cbc09a0a1e7d32,917.6,612.65,33,37,22,24.8,66.76656495204882,27.80606060606061,24.8,0.0067512069934558385,96.32084999402969
dc7192adf8ba09569261f4a8d576afe0,917.0,161.43,7,8,5,114.625,17.6041439476554,131.0,114.625,0.006746792516345907,96.32759678654604
e9729944ba65dc3ce425e0c5a22ae7b2,916.7,61.73,4,4,3,229.175,6.733936947747354,229.175,229.175,0.00674458527779094,96.33434137182383
08d2d642cf72b622b14dde1d2f5eb2f5,914.0,321.26,17,21,8,43.523809523809526,35.14879649890591,53.76470588235294,43.523809523809526,0.006724720130796247,96.34106609195462
32e5635e63cb374eb63afdd242fb6134,910.0,17.82,1,1,1,910.0,1.9582417582417584,910.0,910.0,0.0066952902833967015,96.34776138223802
70849ca4f400aaabb62cb7462a6f1428,909.58,233.66,12,12,9,75.79833333333333,25.688779436663072,75.79833333333333,75.79833333333333,0.00669220014941975,96.35445358238744
3f9c56764fabca627406093dcb3ef0b4,909.3000000000001,105.64999999999999,7,7,3,129.9,11.618827669635982,129.9,129.9,0.006690140060101782,96.36114372244754
973f21788dfab357250f69a8dcb7ddee,909.0,536.65,10,21,10,43.285714285714285,59.03740374037404,90.9,43.285714285714285,0.006687932821546815,96.36783165526909
e5cbe890e679490127e9a390b46bbd20,908.99,28.72,2,2,2,454.495,3.1595507101288245,454.495,454.495,0.006687859246928316,96.37451951451601
9198786624eaeb375793215cad26cfa6,908.3000000000001,210.07,9,10,6,90.83000000000001,23.12782120444787,100.92222222222223,90.83000000000001,0.006682782598251896,96.38120229711426
4a1f694197d05fe70026b016a7316b41,907.77,370.98,14,23,12,39.46826086956521,40.86718001255825,64.84071428571428,39.46826086956521,0.006678883143471454,96.38788118025772
e250d617a0ad591ba9bd663e584a895d,904.12,300.79,8,20,9,45.206,33.26881387426448,113.015,45.206,0.006652028407719369,96.39453320866544
ae45df84722b1d15c5f32b23a095746c,901.83,163.66,9,12,10,75.1525,18.147544437421686,100.20333333333333,75.1525,0.00663517982008313,96.40116838848552
e1c76f339ebd5460999f25a2aa8c92c5,899.9,28.8,1,1,1,899.9,3.2003555950661187,899.9,899.9,0.006620979918712848,96.40778936840422
7dc9a3355bae96dd82008b313d3a456c,899.0,50.62,1,1,1,899.0,5.630700778642937,899.0,899.0,0.00661435820304795,96.41440372660728
e51f22821f0c12a16ad5c020cdcd55e9,898.71,98.13,4,4,4,224.6775,10.918983876890207,224.6775,224.6775,0.006612224539111484,96.42101595114639
1961c3e1272bfeceb05d0b78b5bbfdaf,896.0,49.43,3,4,2,224.0,5.516741071428571,298.6666666666667,224.0,0.006592285817498291,96.42760823696389
4ef4c39cf3c24f326434cf0b2e48046a,891.0,126.17,8,9,2,99.0,14.160493827160495,111.375,99.0,0.006555498508248858,96.43416373547214
f8201cab383e484733266d1906e2fdfa,889.0,255.82999999999998,10,10,4,88.9,28.777277840269967,88.9,88.9,0.006540783584549085,96.4407045190567
160e4f13fd3a64b1b86807be88b5ffb0,886.0,94.45,4,4,2,221.5,10.660270880361173,221.5,221.5,0.006518711198999426,96.44722323025569
e1dc0754bada9ee4cfe9713f22f61292,885.0,264.78,12,12,4,73.75,29.918644067796606,73.75,73.75,0.0065113537371495386,96.45373458399284
ffad1e7127fb622cb64a900751590acd,884.3,206.53,10,15,8,58.95333333333333,23.355196200384487,88.42999999999999,58.95333333333333,0.006506203513854619,96.46024078750669
6b9b80d53ba3676eafe60268a810b5a1,882.7,172.96,10,10,3,88.27000000000001,19.594426192364338,88.27000000000001,88.27000000000001,0.0064944315748948,96.46673521908158
48985c61529077fa4f1e38bcff0f2ed3,879.3000000000001,148.07,7,7,2,125.61428571428573,16.839531445467983,125.61428571428573,125.61428571428573,0.006469416204605187,96.4732046352862
e644cbadf7eeb30d0d29f335ce7d52ec,878.9,184.69,8,10,4,87.89,21.013767209011263,109.8625,87.89,0.006466473219865231,96.47967110850605
134a288e7de827ec5ec62e3ec9c3a295,877.45,126.55,9,9,7,97.49444444444445,14.422474215054987,97.49444444444445,97.49444444444445,0.006455804900182896,96.48612691340624
68f86ba270525243e68ae74044f992b9,876.5,194.81,11,12,7,73.04166666666667,22.225898459783227,79.68181818181819,73.04166666666667,0.0064488153114255035,96.49257572871767
1f867308a0ce13133a4e639ff4de0c02,875.1,209.82,7,13,6,67.31538461538462,23.97668837847103,125.01428571428572,67.31538461538462,0.006438514864835663,96.49901424358251
cac63f48c38cd7d002a7e846dcd99a23,874.0,140.62,10,10,7,87.4,16.089244851258584,87.4,87.4,0.006430421656800789,96.50544466523931
efff9341f3f8f5237b44ff67ed36a7bf,872.99,99.66,5,5,4,174.598,11.415938326899505,174.598,174.598,0.006422990620332402,96.51186765585965
9c690ceacd5c66731bf443ea810195cb,871.8,249.22,10,12,2,72.64999999999999,28.586831842165633,87.17999999999999,72.64999999999999,0.0064142352407310374,96.51828189110037
bf00385a5f7fc1ef39a13c2e9ee50a5f,870.3,342.73,29,29,18,30.010344827586206,39.38067333103528,30.010344827586206,30.010344827586206,0.0064031990479562085,96.52468509014832
eddd1991bd6d9309995a480c39b95137,866.0,132.41,3,3,2,288.6666666666667,15.289838337182449,288.6666666666667,288.6666666666667,0.006371561962001697,96.53105665211032
557f22c76691849db52d2abccf0015d0,865.8599999999999,326.7,13,14,4,61.84714285714285,37.731272954057246,66.60461538461537,61.84714285714285,0.006370531917342711,96.53742718402766
400f221ab83037c0ea78f1267da9624d,865.0,20.8,1,1,1,865.0,2.4046242774566475,865.0,865.0,0.00636420450015181,96.54379138852782
ab3e0c171fe84a7ba7de130f19cfb485,863.42,172.28,7,10,5,86.342,19.953209330337497,123.34571428571428,86.342,0.006352579710428988,96.55014396823825
a67780aba9dd436e7ac0aa1f889e73ec,863.0,178.04000000000002,6,6,5,143.83333333333334,20.630359212050987,143.83333333333334,143.83333333333334,0.006349489576452036,96.5564934578147
41da412d33e8da4f22baf55cb1bde82c,862.9,374.16,15,21,10,41.09047619047619,43.360760227141036,57.526666666666664,41.09047619047619,0.006348753830267047,96.56284221164496
20cb7c2fde3e5bf10f0bbe7394e1c6a9,861.9,798.38,32,51,2,16.9,92.63023552616313,26.934375,16.9,0.006341396368417161,96.56918360801338
6a8a889bde935bafa76d7848782dfaf9,860.8199999999999,367.79999999999995,26,30,6,28.694,42.7267024465045,33.10846153846153,28.694,0.006333450309619284,96.575517058323
c4fabeea6e569d42d02993bb1f4f1cbc,859.3000000000001,277.22,11,11,3,78.11818181818182,32.26114279064355,78.11818181818182,78.11818181818182,0.006322266967607458,96.5818393252906
2c43fb513632d29b3b58df74816f1b06,858.0,72.17,3,3,3,286.0,8.411421911421911,286.0,286.0,0.0063127022672026046,96.58815202755781
e8dba4d70f7f2b20e775d09cae01142d,855.91,176.48,9,9,6,95.10111111111111,20.618990314402215,95.10111111111111,95.10111111111111,0.0062973251719363405,96.59444935272975
0aa124728afc1131dff5655f4c6f487b,850.92,107.86,2,2,2,425.46,12.675692191980446,425.46,425.46,0.006260611437305408,96.60070996416707
f783a638e9c6af4a7d0dbfde811e7a81,849.8,153.1,5,5,4,169.95999999999998,18.016003765591904,169.95999999999998,169.95999999999998,0.006252371080033535,96.6069623352471
1099a00e0ee3a50935e6c2447ca090c5,849.6999999999999,61.129999999999995,3,3,3,283.2333333333333,7.194303871954808,283.2333333333333,283.2333333333333,0.006251635333848546,96.61321397058096
010da0602d7774602cd1b3f5fb7b709e,849.5,230.25,1,5,1,169.9,27.104178928781636,849.5,169.9,0.0062501638414785695,96.61946413442243
4221a7df464f1fe2955934e30ff3a5a1,849.5,239.54,5,5,1,169.9,28.197763390229547,169.9,169.9,0.0062501638414785695,96.6257142982639
a0d7fbb07bb5ebc3b05980e750db56f3,848.99,236.19,3,4,4,212.2475,27.820115666851198,282.99666666666667,212.2475,0.0062464115359351265,96.63196070979984
3dbbce181edfaa4a597ec858c382d2ec,848.3,440.27,17,20,13,42.415,51.90027113049629,49.9,42.415,0.006241334887258705,96.6382020446871
fe1b067411b8c5066e962aa146ccee03,847.78,143.1,8,8,2,105.9725,16.879379084196373,105.9725,105.9725,0.006237509007096764,96.6444395536942
113e3a788b935f48aad63e1c41dac1bd,847.35,686.6,39,48,28,17.653125,81.0290906945182,21.72692307692308,17.653125,0.006234345298501313,96.6506738989927
2dd1fb6f0e42a2243b8a01e40cd41216,845.89,96.84,4,5,4,169.178,11.448297059901407,211.4725,169.178,0.006223603404200479,96.65689750239689
2b03ac196f5ed62ac483960fe0fa3b65,843.1,92.09,7,7,5,120.44285714285715,10.922784960265686,120.44285714285715,120.44285714285715,0.006203076085639296,96.66310057848253
ddd51ae8cda92f3995a51fc0f0f3eec7,842.6999999999999,276.92,8,25,6,33.708,32.86104188916578,105.33749999999999,33.708,0.00620013310089934,96.66930071158343
0791d9fc1e30678ecf03d3e55fa108d3,842.0,186.99,5,11,5,76.54545454545455,22.207838479809975,168.4,76.54545454545455,0.006194982877604421,96.67549569446103
a1544b9ea0b2390e020537d4daa89049,841.2,107.33,8,8,4,105.15,12.759153590109367,105.15,105.15,0.006189096908124512,96.68168479136916
a3b42d266fa8afc874b909422ce88582,839.4000000000001,81.84,1,6,1,139.9,9.749821300929234,839.4000000000001,139.9,0.006175853476794717,96.68786064484595
c37b2059d4f90d4feead554e5246565e,839.3,221.98,12,16,10,52.45625,26.44823066841415,69.94166666666666,52.45625,0.006175117730609726,96.69403576257656
6e4f5ff6b086632ba8dcb558fb10249e,838.9,214.35,5,5,3,167.78,25.551317201096673,167.78,167.78,0.006172174745869772,96.70020793732243
82cb9f452fe8334df74b22d37824b431,838.2,317.06,14,18,8,46.56666666666667,37.82629444046767,59.871428571428574,46.56666666666667,0.0061670245225748516,96.706374961845
eba88037e1dca898cd02881f67ced679,838.1,93.47,6,6,4,139.68333333333334,11.15260708745973,139.68333333333334,139.68333333333334,0.006166288776389863,96.71254125062138
b81e3a6c866a764974fe849821abeebd,836.1500000000001,216.86,8,11,8,76.01363636363637,25.935537881958975,104.51875000000001,76.01363636363637,0.006151941725782586,96.71869319234716
28f10b1c5e5abb9d4857745bede6147c,835.0,350.42,28,28,4,29.821428571428573,41.966467065868265,29.821428571428573,29.821428571428573,0.006143480644655215,96.72483667299181
297d5eccd19fa9a83b2630071ff105e4,834.97,141.76,8,8,3,104.37125,16.977855491814076,104.37125,104.37125,0.006143259920799719,96.73097993291262
1bb3812d5f0747a3ab7348f199001a10,834.4000000000001,215.17,9,9,8,92.71111111111112,25.787392138063275,92.71111111111112,92.71111111111112,0.0061390661675452835,96.73711899908017
91543f9849d68d023e17194926598543,834.0,266.57,4,6,6,139.0,31.962829736211027,208.5,139.0,0.006136123182805328,96.74325512226297
c00396cbdd2e088fe4281baa5920aef1,832.4100000000001,73.44,1,3,1,277.47,8.822575413558221,832.4100000000001,277.47,0.00612442481846401,96.74937954708143
a2deecd5398f5df4987110c80a1972a3,827.4300000000001,292.1,16,16,7,51.714375000000004,35.30207993425425,51.714375000000004,51.714375000000004,0.006087784658451575,96.75546733173988
8602a61d680a10a82cceeeda0d99ea3d,826.99,252.91,17,19,10,43.52578947368421,30.58199010870748,48.646470588235296,43.52578947368421,0.006084547375237624,96.76155187911512
1cd9e0cc1839d55516843def5600816d,825.0,101.72,5,5,2,165.0,12.32969696969697,165.0,165.0,0.0060699060261563504,96.76762178514127
340636a908b13bbe0f4fb63fbe1d0c03,823.2,169.95,5,6,4,137.20000000000002,20.645043731778422,164.64000000000001,137.20000000000002,0.006056662594826554,96.7736784477361
51e4e89242cbb846c2deff3dc015650e,822.58,353.17,16,16,10,51.41125,42.934425830922216,51.41125,51.41125,0.006052100968479625,96.77973054870458
10076e5788b8ee532724bcd460baf762,821.48,377.29999999999995,23,26,13,31.595384615384617,45.92929833958221,35.716521739130435,31.595384615384617,0.006044007760444749,96.78577455646503
28ea411b354f14b1a494be4e79f0ce02,820.0,76.93,6,6,6,136.66666666666666,9.381707317073172,136.66666666666666,136.66666666666666,0.006033118716906918,96.79180767518193
0aa2205ca24f113f4658a5c536667426,815.62,172.48,4,11,3,74.14727272727272,21.147102817488538,203.905,74.14727272727272,0.006000893034004415,96.79780856821593
63a79f5a7eb5cb48a7e5787b141c7993,815.1,200.82999999999998,11,11,6,74.10000000000001,24.638694638694638,74.10000000000001,74.10000000000001,0.005997067153842474,96.80380563536977
daf565f087a52def0fd5c5825b3661bc,813.9000000000001,307.93,9,9,5,90.43333333333334,37.833886226809184,90.43333333333334,90.43333333333334,0.005988238199622611,96.80979387356939
dc64d75cc406bb0697be983831430e60,813.0,92.55000000000001,4,4,2,203.25,11.383763837638378,203.25,203.25,0.005981616483957713,96.81577549005335
a1bea7061f61f6fdd9a85a6325ba1033,810.95,99.93,9,9,8,90.10555555555555,12.322584622973057,90.10555555555555,90.10555555555555,0.005966533687165445,96.82174202374053
5996cddab893a4652a15592fb58ab8db,810.0,70.75,1,1,1,810.0,8.734567901234568,810.0,810.0,0.005959544098408053,96.82770156783893
17adeba047385fb0c67d8e90b4296d21,809.6999999999999,287.61,1,3,1,269.9,35.52056317154502,809.6999999999999,269.9,0.005957336859853086,96.83365890469878
bd4431c1a8dfa744b59e1e2a8bc99b9e,809.5,204.09,7,7,5,115.64285714285714,25.211859172328598,115.64285714285714,115.64285714285714,0.005955865367483109,96.83961477006626
14ee35374a7876217954b5fa08e50463,809.0,114.05,6,6,2,134.83333333333334,14.097651421508035,134.83333333333334,134.83333333333334,0.005952186636558166,96.84556695670283
ba5daa4041e1f15cdf34b76e3e18a450,806.8000000000001,152.55,15,15,11,53.78666666666667,18.908031730292514,53.78666666666667,53.78666666666667,0.005936000220488416,96.85150295692331
caa9bc43a9fe8cf9c564ddd8a03cc4a6,803.87,233.87,13,14,5,57.419285714285714,29.09301255178076,61.83615384615385,57.419285714285714,0.005914442857268249,96.85741739978059
a72c2f59332659e361d647515c698798,802.9,131.03,5,6,3,133.81666666666666,16.319591480881805,160.57999999999998,133.81666666666666,0.005907306119273859,96.86332470589986
11eac105f3f90a9b87b19c89d91e24f3,802.89,124.94,5,5,4,160.578,15.561284858448854,160.578,160.578,0.00590723254465536,96.86923193844451
ba6b4a237f92479743cf0ca06b67a9ac,801.89,111.82,8,8,5,100.23625,13.944555986481936,100.23625,100.23625,0.005899875082805473,96.87513181352732
7a91bf945c6fae0779f1c61ce97fe45c,799.5,82.57,5,5,3,159.9,10.327704815509692,159.9,159.9,0.0058822907489842445,96.8810141042763
253f95b3a0e6983ae18aed49fbc2b845,799.5,91.44,5,5,2,159.9,11.437148217636024,159.9,159.9,0.0058822907489842445,96.88689639502529
9c7fd21e0aa159b20da593371f08ff7c,798.3,123.5,7,8,5,99.7875,15.47037454591006,114.04285714285713,99.7875,0.005873461794764381,96.89276985682005
a247197e2e9c19a6a53a6888cb8b660f,798.0,143.07,2,2,1,399.0,17.928571428571427,399.0,399.0,0.0058712545562094156,96.89864111137626
13511db12ac61e2f89c53b72a944a60b,798.0,265.97,6,6,4,133.0,33.3295739348371,133.0,133.0,0.0058712545562094156,96.90451236593248
365e4bce19bda0082c3d15d83fdb8bcd,796.4,98.61999999999999,6,7,6,113.77142857142857,12.383224510296333,132.73333333333332,113.77142857142857,0.005859482617249596,96.91037184854973
5a05a16bb50629ee31afab8a6d4c2674,794.3,281.18,14,15,5,52.95333333333333,35.399723026564274,56.73571428571428,52.95333333333333,0.005844031947364835,96.91621588049709
e3a386fc36e22064434e1fa256f6a9fa,793.9,253.25,16,17,10,46.699999999999996,31.899483562161485,49.61875,46.699999999999996,0.00584108896262488,96.92205696945972
0d4c8269e7f0401201794deef160edd6,792.64,99.39,3,4,4,198.16,12.53910981025434,264.2133333333333,198.16,0.005831818560694024,96.92788878802041
52956b80ae65fda598f06f6b9943e7a9,792.0,66.85,3,3,1,264.0,8.440656565656566,264.0,264.0,0.005827109785110096,96.93371589780553
5962468f885ea01a1b6a97a218797b0a,791.0,137.04,8,9,4,87.88888888888889,17.32490518331226,98.875,87.88888888888889,0.00581975232326021,96.93953565012879
3d5d0dc7073a299e31fa718ce1bc00b6,790.7,387.43,23,24,8,32.94583333333333,48.998355887188566,34.37826086956522,32.94583333333333,0.005817545084705245,96.9453531952135
134b867a0f7f8bbe6abf10f91874891e,789.89,132.95,1,1,1,789.89,16.831457544721413,789.89,789.89,0.0058115855406068355,96.95116478075411
f9eedec3129e8cc6b6429c42d0808c5b,789.8,43.35,2,2,2,394.9,5.488731324385921,394.9,394.9,0.005810923369040346,96.95697570412315
ac6417315ae5da8f9a38ee11de6f7780,788.9,182.53,8,8,7,98.6125,23.137279756623148,98.6125,98.6125,0.005804301653375448,96.96278000577652
2305ab43e846518f58dd9d59f3f54e96,788.89,42.370000000000005,3,3,3,262.9633333333333,5.370837505862668,262.9633333333333,262.9633333333333,0.005804228078756949,96.96858423385528
4c61e37f664c3c88aff092aa5ac779d7,788.3100000000001,119.86,7,8,3,98.53875000000001,15.204678362573098,112.61571428571429,98.53875000000001,0.005799960750884015,96.97438419460616
3492e68f37fd1df87f4f2f2ea247f445,787.86,169.4,8,9,5,87.54,21.501281953646586,98.4825,87.54,0.005796649893051566,96.98018084449922
da03c298e3999e9d828591fc2179d109,787.7,54.78,4,5,2,157.54000000000002,6.954424273200457,196.925,157.54000000000002,0.005795472699155584,96.98597631719838
1cbd50a8c52e6cf8e315c5709fab386f,785.97,220.69,9,9,7,87.33,28.07867984783134,87.33,87.33,0.005782744290155281,96.99175906148854
9d681c7e12db302cb261e721040dde65,785.6,273.08,13,14,8,56.114285714285714,34.76069246435845,60.43076923076923,56.114285714285714,0.005780022029270823,96.99753908351781
9535a841eecebed61a9fb1ac1cbb5597,784.9,33.43,2,2,2,392.45,4.259141291884316,392.45,392.45,0.005774871805975902,97.00331395532379
de09d00cfc265b8804c7df34075a68fa,784.0,43.97,3,3,3,261.3333333333333,5.608418367346939,261.3333333333333,261.3333333333333,0.005768250090311004,97.0090822054141
5f06030071324cc52bf0304014ac7234,783.96,100.35000000000001,4,4,1,195.99,12.80039797948875,195.99,195.99,0.005767955791837009,97.01485016120594
d4f117125b59ce73c3302f88ee40c458,783.29,215.32,17,17,8,46.07588235294117,27.48918025252461,46.07588235294117,46.07588235294117,0.0057630262923975845,97.02061318749834
ef30892870c278497523264be1be2241,783.2,109.33999999999999,9,9,5,87.02222222222223,13.960674157303368,87.02222222222223,87.02222222222223,0.005762364120831096,97.02637555161917
52a52b9f656520e99716f5bc40f661c8,783.1,148.12,7,8,6,97.8875,18.914570297535434,111.87142857142858,97.8875,0.005761628374646106,97.03213717999381
41c2bad7229b0c25e6becf179ebf63ff,782.0,189.92,20,23,4,34.0,24.286445012787723,39.1,34.0,0.0057535351666112315,97.03789071516042
11742f81550ac064cc9a40f67151d9ad,781.9,49.11,2,2,2,390.95,6.280854329198108,390.95,390.95,0.005752799420426243,97.04364351458084
70bf57d811208f8923b41bbd499a67a4,780.8000000000001,88.93,7,7,3,111.54285714285716,11.389600409836065,111.54285714285716,111.54285714285716,0.005744706212391368,97.04938822079323
e560e4022d8f7aebf155db95946c5c0f,780.0,90.21000000000001,2,2,1,390.0,11.565384615384616,390.0,390.0,0.005738820242911458,97.05512704103614
cb6c9f5888a7a090c75beaf615925792,779.8900000000001,229.08,11,11,9,70.89909090909092,29.37337316801087,70.89909090909092,70.89909090909092,0.0057380109221079716,97.06086505195825
6524b847b982cd56bb5d4b02b776ee42,779.8,55.14,1,2,1,389.9,7.071043857399334,779.8,389.9,0.005737348750541481,97.06660240070879
4deebb3199eeafb282ae33229144f94b,779.7,141.79,4,5,3,155.94,18.18519943568039,194.925,155.94,0.005736613004356492,97.07233901371315
5a413ade68e8f8d93071a7f52a64cb9e,778.9,153.77,14,14,4,55.635714285714286,19.74194376685069,55.635714285714286,55.635714285714286,0.005730727034876583,97.07806974074802
d66c11a9572221d92fbb8c4897db5f9b,776.56,387.82,16,16,9,48.535,49.940764396827035,48.535,48.535,0.005713510574147849,97.08378325132217
71271995e85f5b8530be99ed54a91b89,776.0,120.83,8,8,1,97.0,15.570876288659793,97.0,97.0,0.005709390395511912,97.08949264171768
74636e24f01da9268b0ed88dacd8513e,776.0,272.61,4,4,2,194.0,35.13015463917526,194.0,194.0,0.005709390395511912,97.09520203211319
5c3460cd3e8a984382ae254e7dd20d9f,775.76,198.54,9,10,5,77.576,25.592966896978446,86.19555555555556,77.576,0.0057076246046679395,97.10090965671786
d9442042130b7fe579d1295f9f4a248f,772.16,338.88,19,22,8,35.098181818181814,43.88727724823871,40.64,35.098181818181814,0.005681137742008348,97.10659079445986
25be943a321c8938947bdaabca979a90,769.0,138.55,5,5,2,153.8,18.016905071521457,153.8,153.8,0.005657888162562707,97.11224868262242
0ff83046c3fa22efee8ecf291888b191,768.9000000000001,254.48000000000002,10,11,6,69.9,33.09663155156717,76.89000000000001,69.9,0.005657152416377719,97.1179058350388
4a1917ef994878940e1fb03eeb787ad7,768.0,78.62,2,3,2,256.0,10.236979166666666,384.0,256.0,0.00565053070071282,97.1235563657395
562f8cfc51f265411f487d07e9c40e7f,766.9200000000001,199.32999999999998,13,13,4,58.99384615384616,25.99097689459135,58.99384615384616,58.99384615384616,0.005642584641914944,97.12919895038142
80f2cf9abf6b5a0e5c612b5eea6646e6,766.08,288.7,7,7,7,109.44000000000001,37.68535923141186,109.44000000000001,109.44000000000001,0.005636404373961039,97.13483535475538
6f83d9e4da896daae20b9b6b2d3ff8d2,765.19,219.85,11,11,5,69.56272727272727,28.73142618173264,69.56272727272727,69.56272727272727,0.00562985623291464,97.1404652109883
0b36063d5818f81ccb94b54adfaebbf5,765.0,18.0,1,15,1,51.0,2.3529411764705883,765.0,51.0,0.005628458315163161,97.14609366930345
5acd070dd3fe441bbb2ec1f1ede515ee,764.17,122.2,7,8,5,95.52125,15.991206145229468,109.16714285714285,95.52125,0.005622351621827755,97.15171602092528
2063dd1b9f568df1c16741ea7d3e6adb,763.1,57.17,3,3,3,254.36666666666667,7.491809723496265,254.36666666666667,254.36666666666667,0.005614479137648377,97.15733050006293
39c763cca83e654764b7a4a650fb9b7c,761.0,223.21,11,11,4,69.18181818181819,29.3311432325887,69.18181818181819,69.18181818181819,0.005599028467763615,97.1629295285307
a56e351445e5863fc8960640ba9190c7,760.9200000000001,65.06,3,4,2,190.23000000000002,8.550176102612626,253.64000000000001,190.23000000000002,0.005598439870815625,97.1685279684015
ca77545ca4d2dfd1431bf61334e2fa3c,760.0,213.71,6,10,2,76.0,28.119736842105265,126.66666666666667,76.0,0.005591671005913729,97.17411963940742
ac51cac5e20d69ff485a54746488ef48,759.9,73.87,4,4,4,189.975,9.721015923147784,189.975,189.975,0.005590935259728739,97.17971057466715
7c51de0ab286204ce75ff42bf7c10d92,759.0,149.64,4,4,3,189.75,19.715415019762844,189.75,189.75,0.005584313544063842,97.18529488821122
458c6fa920810ce2492da71bc26d9eec,756.76,105.61,2,2,1,378.38,13.955547333368571,378.38,378.38,0.005567832829520097,97.19086272104073
312ba1d77e9c332ef21f9598b7f64cd7,756.0,132.05,9,10,4,75.6,17.46693121693122,84.0,75.6,0.005562241158514183,97.19642496219925
cf654707ed6a99f112c7ec3d6f314b8b,756.0,33.54,3,4,4,189.0,4.436507936507937,252.0,189.0,0.005562241158514183,97.20198720335776
21c62b998a043ebe31161d38f84929fc,750.49,90.84,4,4,2,187.6225,12.104091993231089,187.6225,187.6225,0.005521701543721308,97.20750890490149
61c36f0fc4a47f9532e5512b66668e62,750.0,17.69,1,1,1,750.0,2.3586666666666667,750.0,750.0,0.005518096387414864,97.2130270012889
9dc79dd988ac42f4d56c340d7048420a,749.6,94.33,4,4,3,187.4,12.584044823906082,187.4,187.4,0.005515153402674909,97.21854215469158
87d3c3aeb3ead335511b3ce315eb341e,749.3499999999999,213.71,15,15,11,49.95666666666666,28.519383465670252,49.95666666666666,49.95666666666666,0.005513314037212436,97.22405546872879
fd435faa3c0422b60440ea3480d0e77c,749.0,133.87,1,1,1,749.0,17.87316421895861,749.0,749.0,0.005510738925564977,97.22956620765436
191d55f7edb8524d525ed01b20fe32e8,747.0,65.8,3,3,3,249.0,8.808567603748326,249.0,249.0,0.005496024001865205,97.23506223165623
8d46553a36e68f95350a200c12f8f2e2,746.6,223.0,13,16,9,46.6625,29.868738280203587,57.43076923076923,46.6625,0.0054930810171252495,97.24055531267335
c89cf7c468a48af70aada384e722f9e2,745.0,226.01,14,14,7,53.214285714285715,30.336912751677854,53.214285714285715,53.214285714285715,0.005481309078165432,97.24603662175151
ba6ce6de456f6c11d08c17701ba5c26f,744.35,130.16,6,7,3,106.33571428571429,17.486397528044602,124.05833333333334,106.33571428571429,0.005476526727963006,97.25151314847948
e8a85b5f3df47be0984c55fd4064dbb4,743.0,222.99,8,14,6,53.07142857142857,30.0121130551817,92.875,53.07142857142857,0.005466594154465658,97.25697974263394
6e864f5c4669eff3d98140a07cc50202,740.59,191.77,13,13,5,56.96846153846154,25.89421947366289,56.96846153846154,56.96846153846154,0.005448862671407433,97.26242860530535
2ba91c7ad80ff88b23b7db823b43c233,740.4,99.93,6,6,4,123.39999999999999,13.496758508914104,123.39999999999999,123.39999999999999,0.005447464753655954,97.267876070059
5bba18b40e8c973b0f32e748004775b0,739.98,44.82,1,1,1,739.98,6.056920457309658,739.98,739.98,0.005444374619679002,97.27332044467869
c522be04e020c1e7b79f3acff36513d5,739.9300000000001,98.37,7,7,4,105.70428571428572,13.294500831159702,105.70428571428572,105.70428571428572,0.005444006746586507,97.27876445142527
8a40ae794fa3f9892cee24bd5af0488b,739.85,206.41,6,6,4,123.30833333333334,27.89889842535649,123.30833333333334,123.30833333333334,0.005443418149638516,97.28420786957491
ba6b68b55fe8704377a7d43c8e5c0185,739.77,92.44999999999999,5,5,3,147.954,12.497127485569838,147.954,147.954,0.005442829552690525,97.2896506991276
6bb62a4912377c7bfe7cb17b406bc7e6,739.52,105.87,4,6,5,123.25333333333333,14.316042838598012,184.88,123.25333333333333,0.005440990187228053,97.29509168931483
8c91bfea4263b8fba54081460693e2a1,739.0,46.75,2,2,2,369.5,6.326116373477672,369.5,369.5,0.0054371643070661125,97.3005288536219
e73bf2cea7fe4b0b4d287a7568ed1099,737.6999999999999,100.13000000000001,4,5,4,147.54,13.573268266232889,184.42499999999998,147.54,0.005427599606661259,97.30595645322856
89dda63a3c907c468ec88c310ed91213,734.99,42.14,2,2,2,367.495,5.733411338929781,367.495,367.495,0.005407660885048068,97.31136411411362
56db5c0782e8f7ddc9343f9576ff6d16,734.8,57.15,2,2,2,367.4,7.777626565051715,367.4,367.4,0.0054062629672965885,97.31677037708091
4200ddf1967c5e41e48db62bc6d4b5ac,734.8,487.93,22,42,25,17.495238095238093,66.40310288513882,33.4,17.495238095238093,0.0054062629672965885,97.32217664004821
6e1862e15f33d9994bc25922a85e1efc,732.49,147.47,8,14,7,52.32071428571429,20.132698057311362,91.56125,52.32071428571429,0.005389267230423352,97.32756590727864
808d4348b916efa08e766ebad39f61eb,731.1,283.82,21,21,11,34.81428571428572,38.820954725755705,34.81428571428572,34.81428571428572,0.00537904035845201,97.33294494763709
33cbbec1e7e1044aaf11d152172c776f,730.67,398.83,15,16,9,45.666875,54.58414879494163,48.71133333333333,45.666875,0.005375876649856557,97.33832082428694
da4d149c0ddbac90557103ac0a0ec356,730.0,45.98,1,1,1,730.0,6.298630136986301,730.0,730.0,0.0053709471504171345,97.34369177143735
014d9a685fd57276679edd00e07089e5,729.88,146.93,11,12,3,60.82333333333333,20.13070641749329,66.35272727272728,60.82333333333333,0.005370064254995147,97.34906183569234
7210cd29727d674c00741e5e387b3ccd,729.0899999999999,145.09,9,13,7,56.083846153846146,19.900149501433294,81.00999999999999,56.083846153846146,0.005364251860133737,97.35442608755247
da6a60cc8cc724fe51be021ff8be779c,728.79,255.79,12,13,9,56.060769230769225,35.097902001948434,60.732499999999995,56.060769230769225,0.005362044621578771,97.35978813217405
aac51c486b672a9850d59f3e84b1cf88,728.28,131.29,10,13,6,56.02153846153846,18.027407041247873,72.828,56.02153846153846,0.00535829231603533,97.36514642449008
8132b9bd16876e1b0f8808d43825dd48,727.9,41.04,2,3,2,242.63333333333333,5.638137106745432,363.95,242.63333333333333,0.005355496480532372,97.37050192097061
f19516b9ff26bfeb091b30108db4ddbd,727.6,141.84,5,5,5,145.52,19.494227597581087,145.52,145.52,0.005353289241977407,97.37585521021259
d29ba1220fb8634fa3a107e54497b8a4,724.94,182.92000000000002,9,9,7,80.5488888888889,25.232433028940328,80.5488888888889,80.5488888888889,0.0053337183934567085,97.38118892860605
fe1bbc5feda5c8979a8a1b3b2512d5a6,724.72,137.53,9,10,7,72.47200000000001,18.97698421459322,80.52444444444444,72.47200000000001,0.005332099751849734,97.3865210283579
6d22a1fcebb6dd08c9cd90b92a93e8d0,723.7,222.73,12,13,9,55.66923076923077,30.776564874948182,60.30833333333334,55.66923076923077,0.00532459514076285,97.39184562349867
d9e7e7778b32987280a6f2cb9a39c57d,722.5,263.89,11,13,7,55.57692307692308,36.52456747404844,65.68181818181819,55.57692307692308,0.0053157661865429855,97.39716138968521
07d75e33f2750d97d467fb57e4dfdd8a,722.4,37.19,2,2,2,361.2,5.14811738648948,361.2,361.2,0.005315030440357997,97.40247642012557
c8cc60ffd415254af5d9b9f34f32c369,722.2,194.03,8,9,7,80.24444444444445,26.866518969814457,90.275,80.24444444444445,0.00531355894798802,97.40778997907356
b16d3dadc47d4eb18be3d88bad0775ce,722.1,178.44,10,11,10,65.64545454545454,24.711258828417115,72.21000000000001,65.64545454545454,0.005312823201803031,97.41310280227536
94231344608e603693b0a8891143f65d,722.0,102.17999999999999,3,3,3,240.66666666666666,14.152354570637119,240.66666666666666,240.66666666666666,0.0053120874556180425,97.41841488973098
d79e8478eed9999493990b44955fb22e,721.89,80.72,5,5,3,144.378,11.18175899375251,144.378,144.378,0.005311278134814555,97.4237261678658
68ca56ce86830f3d31b1b7ec6a54da3e,719.59,143.37,6,6,5,119.93166666666667,19.923845523145122,119.93166666666667,119.93166666666667,0.005294355972559816,97.42902052383836
07de60b03d150fb3ea09eab5da5e4c8b,719.1,169.9,9,9,4,79.9,23.626755666805728,79.9,79.9,0.005290750816253372,97.43431127465462
75a4764c108403a7a0575140cb22287c,716.9,210.15,5,9,3,79.65555555555555,29.313711814757987,143.38,79.65555555555555,0.005274564400183621,97.4395858390548
d558ebe531605a1285ab2b1bc3256dfb,709.0,73.23,3,3,2,236.33333333333334,10.328631875881523,236.33333333333334,236.33333333333334,0.005216440451569518,97.44480227950638
024b564ae893ce8e9bfa02c10a401ece,706.4000000000001,212.0,2,8,2,88.30000000000001,30.01132502831257,353.20000000000005,88.30000000000001,0.005197311050759814,97.44999959055714
e21a1e8be4715b0fcfd5385643bc49c4,703.5999999999999,472.28999999999996,21,24,14,29.316666666666663,67.1247868106879,33.5047619047619,29.316666666666663,0.0051767101575801305,97.45517630071473
18e694e0e48ed6f7aa3f24aade5fd697,701.54,504.23,31,34,4,20.633529411764705,71.87473273084927,22.63032258064516,20.633529411764705,0.005161553786169365,97.46033785450089
39d61be7a92eb77b7da367bd4845bc0e,700.59,209.03,7,14,6,50.042142857142856,29.836280848998697,100.08428571428571,50.042142857142856,0.0051545641974119726,97.4654924186983
3ef37b7ca6dd2b80bd8af81a62504996,700.0,40.97,2,2,2,350.0,5.852857142857143,350.0,350.0,0.00515022329492054,97.47064264199322
328acb143b4a73aad6bee8e734f5d20d,699.98,34.769999999999996,2,2,2,349.99,4.967284779565129,349.99,349.99,0.0051500761456835424,97.4757927181389
1b4b28463457a256e9a784ebe2a8f630,699.42,15.92,1,1,1,699.42,2.27617168511052,699.42,699.42,0.005145955967047605,97.48093867410596
59cea8e446d3834393058e7e0666b6fb,696.6,204.54,10,10,5,69.66,29.362618432385872,69.66,69.66,0.005125207924630926,97.48606388203059
c7fdb77fdbff3c41981bc52f787e959e,696.32,175.56,10,12,8,58.02666666666667,25.212545955882355,69.632,58.02666666666667,0.005123147835312958,97.4911870298659
0d83f8e03188682112cc0d93523705cc,696.26,124.31,4,8,2,87.0325,17.853962600178093,174.065,87.0325,0.005122706387601964,97.4963097362535
1352e06ae67b410cdae0b2a22361167b,696.0,69.22,4,4,2,174.0,9.945402298850574,174.0,174.0,0.0051207934475209944,97.50143052970101
fac35d150712afb921ec59ac5f39bb11,696.0,104.64,5,6,2,116.0,15.03448275862069,139.2,116.0,0.0051207934475209944,97.50655132314853
83d7070a0b9a8b4625fa8682b819fabb,694.77,127.63,2,2,2,347.385,18.37010809332585,347.385,347.385,0.005111743769445633,97.51166306691798
73b8eb4a9a729d4019b24ed1be748cbf,692.41,105.57,8,8,7,86.55125,15.246746869629266,86.55125,86.55125,0.005094380159479901,97.51675744707745
b4b447d715f9ab302a188fb43d3e96b3,685.9300000000001,93.73,5,5,2,137.186,13.664659659148892,137.186,137.186,0.005046703806692637,97.52180415088415
b2c97074649f92197d9387d9033dda5f,684.71,279.37,10,11,9,62.24636363636364,40.80121511296753,68.471,62.24636363636364,0.005037727703235776,97.52684187858739
4e6015589b781adaa5ce7f1892d06bb1,684.0,56.5,3,3,1,228.0,8.260233918128655,228.0,228.0,0.005032503905322356,97.53187438249272
2fb25ab44bdbeae6a4d816e0d0c9d500,683.08,78.21000000000001,5,5,2,136.616,11.449610587339697,136.616,136.616,0.00502573504042046,97.53690011753314
9aa388272ee334b6ae07bc73706e254a,678.0,183.46,6,7,2,96.85714285714286,27.058997050147493,113.0,96.85714285714286,0.004988359134223037,97.54188847666735
d9cd369bffa979d1634f8e1318bf2f1b,678.0,66.81,3,3,3,226.0,9.853982300884956,226.0,226.0,0.004988359134223037,97.54687683580157
89a51f50b8095ea78d5768f34c13a76f,677.16,177.1,10,11,10,61.559999999999995,26.153346328784927,67.716,61.559999999999995,0.004982178866269132,97.55185901466784
a513150f33f99a06569e9cd5c4bb889b,677.0,34.25,2,2,2,338.5,5.059084194977843,338.5,338.5,0.00498100167237315,97.55684001634022
c6218512d16fcac0af02fe92691cf274,674.0,194.64,8,8,4,84.25,28.878338278931746,84.25,84.25,0.004958929286823491,97.56179894562705
6861de0f40cacb0602e473c51639f980,674.0,275.73,5,8,2,84.25,40.90949554896143,134.8,84.25,0.004958929286823491,97.56675787491388
8c0de775f52fe41590b376a3b7c50f68,672.7,135.32999999999998,9,9,6,74.74444444444445,20.117437193399727,74.74444444444445,74.74444444444445,0.004949364586418639,97.5717072395003
7354220fb240bde543b3c40c060d41e7,672.0,165.13,7,7,6,96.0,24.572916666666668,96.0,96.0,0.0049442143631237175,97.57665145386342
e4ebd3f87bf70440014f07ddda7fbe03,671.5,115.75999999999999,7,7,4,95.92857142857143,17.239017125837673,95.92857142857143,95.92857142857143,0.004940535632198775,97.58159198949562
0a85ebe4e328db81ac9109781205e2f7,667.9,137.75,12,12,8,55.65833333333333,20.624344961820633,55.65833333333333,55.65833333333333,0.004914048769539183,97.58650603826516
6824a69c9ea0313eba299dd4a2dba09a,666.9,117.18,6,7,6,95.27142857142857,17.57085020242915,111.14999999999999,95.27142857142857,0.004906691307689296,97.59141272957285
7bcd7c5f8631701474db233ccf1c094b,666.0,194.94,11,11,5,60.54545454545455,29.27027027027027,60.54545454545455,60.54545454545455,0.004900069592024399,97.59631279916488
5f7300535881cef3b625fd683cf7d145,665.98,170.85,10,11,7,60.54363636363637,25.65392354124748,66.598,60.54363636363637,0.0048999224427874015,97.60121272160767
55c26bcb609f480eb7868594245febb5,664.4000000000001,161.82999999999998,6,6,4,110.73333333333335,24.357314870559897,110.73333333333335,110.73333333333335,0.004888297653064581,97.60610101926073
bdae679a9b282249bc23b9b69dae9a99,663.15,188.82999999999998,6,12,7,55.262499999999996,28.474704063937267,110.52499999999999,55.262499999999996,0.004879100825752223,97.61098012008648
1430239a858e7682bbc43b20758af153,660.79,268.75,18,23,10,28.729999999999997,40.671014997200324,36.71055555555555,28.729999999999997,0.00486173721578649,97.61584185730227
49383af7ab774e4e8f3000f49c83dc4b,660.0,242.23,8,12,1,55.0,36.70151515151515,82.5,55.0,0.00485592482092508,97.6206977821232
299c89a525fee36c567f4fe72f038100,658.0,99.75,2,2,2,329.0,15.159574468085108,329.0,329.0,0.004841209897225307,97.62553899202042
525e75a6fb1454a2325ab1734bcec221,657.0699999999999,120.0,10,11,3,59.73363636363636,18.26289436437518,65.707,59.73363636363636,0.004834367457704912,97.63037335947813
b0398568231ba5e6734af1881671a317,656.77,113.35,4,4,3,164.1925,17.258705482893554,164.1925,164.1925,0.004832160219149947,97.63520551969728
c447f8dd3ed213f291d65ef074a268eb,655.0,122.22999999999999,7,8,4,81.875,18.661068702290073,93.57142857142857,81.875,0.004819137511675647,97.64002465720895
b7cc6c5e001441ae8cdd5c69a480cbe4,651.8,220.49999999999997,6,6,4,108.63333333333333,33.82939552009819,108.63333333333333,108.63333333333333,0.004795593633756011,97.64482025084271
cd3d09fbe6e3e9ff0c0ac0c300e93ae7,651.04,229.19,12,12,11,54.25333333333333,35.203674121405754,54.25333333333333,54.25333333333333,0.004790001962750097,97.64961025280546
5d043cd5512d4bd2f88e5ccdd5736c38,650.0,64.91,1,1,1,650.0,9.986153846153845,650.0,650.0,0.004782350202426215,97.65439260300789
43402bdf22aa2310e8f99e2f94f78628,649.95,187.15,4,5,3,129.99,28.79452265558889,162.4875,129.99,0.0047819823293337215,97.65917458533723
f435898e493ba0356019a0b1cb8b55b1,649.76,230.92000000000002,10,12,5,54.14666666666667,35.539276040384145,64.976,54.14666666666667,0.004780584411582243,97.6639551697488
236585a4ddb5fea9fa40233e2249ed91,649.53,188.14,11,11,3,59.04818181818182,28.965559712407433,59.04818181818182,59.04818181818182,0.004778892195356769,97.66873406194416
9cad4b68bb993ee401a3c5aaa2bc26dd,649.3000000000001,114.03,5,7,4,92.75714285714287,17.561989835207147,129.86,92.75714285714287,0.004777199979131295,97.6735112619233
54aa8463e87776b5612f4bdc4bd5d4de,649.3,123.53,7,7,4,92.75714285714285,19.025103958108733,92.75714285714285,92.75714285714285,0.0047771999791312945,97.67828846190243
95b293867b5862941c9cd74f756a3c68,648.1,98.12,9,9,5,72.01111111111112,15.139638944607315,72.01111111111112,72.01111111111112,0.004768371024911431,97.68305683292733
b26741d31a563d769b4af0465ab20c56,648.0,47.03,2,2,2,324.0,7.257716049382716,324.0,324.0,0.004767635278726442,97.68782446820606
72c38a04bd6a1c3dbc5298425a0db86d,647.3,113.35,4,5,4,129.45999999999998,17.511200370770894,161.825,129.45999999999998,0.004762485055431522,97.6925869532615
2aa3443d7bf9d9bb11133f420d75e083,647.0,134.12,10,10,7,64.7,20.729520865533228,64.7,64.7,0.004760277816876556,97.69734723107837
13f57c12a00ed4610db646b913a7f5c6,645.2,175.95,7,13,6,49.63076923076923,27.270613763174207,92.17142857142858,49.63076923076923,0.00474703438554676,97.70209426546391
ad273c9eb54ecb4532de4bf75bae9e4e,645.0,184.75,10,11,8,58.63636363636363,28.64341085271318,64.5,58.63636363636363,0.004745562893176783,97.70683982835709
8d899e15a5925f097cca50faa49b15e3,645.0,150.98000000000002,4,10,3,64.5,23.4077519379845,161.25,64.5,0.004745562893176783,97.71158539125027
f3295428338a40977a03f555246a70f4,644.98,124.4,7,7,7,92.14,19.287419764953952,92.14,92.14,0.004745415743939785,97.71633080699421
5882f40daf39bc2a465e0cb453ddc222,640.0,58.9,1,1,1,640.0,9.203125,640.0,640.0,0.00470877558392735,97.72103958257813
bd1d49a326abfa9b1036772e40445430,637.7,188.5,12,13,10,49.05384615384616,29.559353928179394,53.14166666666667,49.05384615384616,0.004691853421672612,97.7257314359998
bc503e244f187939d10c92a5c8e378ce,637.67,222.13,7,16,4,39.854375,34.83463233333856,91.09571428571428,39.854375,0.004691632697817114,97.73042306869762
7b98de631987e26dd6d803490c43a13c,634.2,144.43,8,8,5,79.275,22.773573005361083,79.275,79.275,0.004666102305198009,97.73508917100281
385799a1cddbd26dfeb9157356a42282,633.93,82.61,5,7,4,90.56142857142856,13.031407253166755,126.78599999999999,90.56142857142856,0.004664115790498539,97.73975328679332
be8e909810184b9b19e886129149d8e5,629.85,216.23,15,15,3,41.99,34.33039612606176,41.99,41.99,0.004634097346151003,97.74438738413947
c33a5c3c983090c8b78a28e65052a20d,629.1,145.06,9,9,3,69.9,23.058337307264345,69.9,69.9,0.004628579249763588,97.74901596338924
8759e7aedd644f487315e5860962f162,627.0,166.34,3,3,1,209.0,26.529505582137165,209.0,209.0,0.004613128579878827,97.75362909196912
685b870da5b52a710782c9c0fefbeb5b,627.0,43.98,2,2,2,313.5,7.0143540669856455,313.5,313.5,0.004613128579878827,97.758242220549
0570350b23eda5444f8d1d9544932058,626.9,124.86,6,11,3,56.99090909090909,19.917052161429254,104.48333333333333,56.99090909090909,0.004612392833693838,97.76285461338269
d8cf3b6a2151949f930d0252b180ec42,623.7,406.48,6,19,4,32.82631578947369,65.17235850569185,103.95,32.82631578947369,0.0045888489557742015,97.76744346233846
3969863bb8af7f72580b3b1ffd3a17b3,623.15,226.87,12,13,5,47.934615384615384,36.406964615261174,51.92916666666667,47.934615384615384,0.004584802351756763,97.77202826469022
26bad72add1f86e08a776ce4ffdaf1ca,622.0,123.92,7,7,5,88.85714285714286,19.92282958199357,88.85714285714286,88.85714285714286,0.004576341270629394,97.77660460596086
b5bb2b985208834bd5bd86c7a402bbad,621.06,38.66,2,2,1,310.53,6.224841400186778,310.53,310.53,0.0045694252564905,97.78117403121735
6b15924333bd1a741595fe981ea04822,614.3199999999999,240.14000000000001,21,21,5,29.25333333333333,39.090376351087386,29.25333333333333,29.25333333333333,0.004519835963622265,97.78569386718097
b0b346d3a89f5eb4c2968af3f083cd43,614.0,212.60000000000002,11,12,6,51.166666666666664,34.625407166123786,55.81818181818182,51.166666666666664,0.004517481575830302,97.7902113487568
1d29dfba02015238dfbe2449a5eaa361,612.8,177.12,12,12,3,51.06666666666666,28.903394255874677,51.06666666666666,51.06666666666666,0.004508652621610438,97.79472000137841
b44dbfbf62e52125f3c15d230569ea91,609.37,89.69000000000001,4,8,2,76.17125,14.71847974137224,152.3425,76.17125,0.004483416527465327,97.79920341790587
3d3ccf2b2f8134b10dce9dd446f0e075,608.6,141.93,3,3,3,202.86666666666667,23.32073611567532,202.86666666666667,202.86666666666667,0.0044777512818409155,97.80368116918771
c6a7539d424a8402232c2228d7a03c5e,607.5,393.82,10,15,1,40.5,64.82633744855967,60.75,40.5,0.00446965807380604,97.80815082726151
2059c39f76271d4ca3f15b5ffaccc8b8,604.9,186.39000000000001,12,12,2,50.40833333333333,30.813357579765256,50.40833333333333,50.40833333333333,0.0044505286729963345,97.8126013559345
aae5e7b457a3c72ee230a47d98fceda5,604.8,140.77,5,7,2,86.39999999999999,23.27546296296297,120.96,86.39999999999999,0.004449792926811346,97.81705114886131
5a6a02f419701fc8c605af71d4fc57a4,600.5,113.91,10,11,9,54.59090909090909,18.969192339716905,60.05,54.59090909090909,0.004418155840856835,97.82146930470216
6179a28a13a726c29b3bf54c070dccab,600.0,86.24000000000001,2,2,1,300.0,14.373333333333335,300.0,300.0,0.004414477109931891,97.8258837818121
1588ac4010787100dddef64568f0ae35,599.97,46.0,3,3,2,199.99,7.6670500191676245,199.99,199.99,0.004414256386076395,97.83029803819817
8e29d051f810eb22959ede205b462b9f,599.8,213.48000000000002,2,2,1,299.9,35.59186395465155,299.9,299.9,0.004413005617561913,97.83471104381573
ad8ada0ffa993cb1197d102d9ab21a3e,599.8,56.36,1,2,1,299.9,9.396465488496165,599.8,299.9,0.004413005617561913,97.8391240494333
3be5841cdcc46de4ed3f9116f104b2c5,599.6,88.35,4,4,4,149.9,14.734823215476982,149.9,149.9,0.004411534125191937,97.84353558355849
53336f97ddbe53e2a617d07b17447b95,599.5,75.33,1,1,1,599.5,12.565471226021685,599.5,599.5,0.004410798379006948,97.8479463819375
262237171f48e85819065498cac80d7b,599.0,150.0,4,10,1,59.9,25.041736227045075,149.75,59.9,0.004407119648082004,97.85235350158558
d94ba08b99bedd6a5f6c875ecc4a6fac,599.0,179.27,9,10,1,59.9,29.928213689482476,66.55555555555556,59.9,0.004407119648082004,97.85676062123366
d0d70d21e2234dd7cd3cf63fe414148a,598.4,366.59,8,9,6,66.48888888888888,61.26169786096256,74.8,66.48888888888888,0.004402705170972072,97.86116332640464
638cba8be1fb599bbb76fd6948351eb3,598.1999999999999,315.67,17,26,12,23.007692307692306,52.76997659645605,35.188235294117646,23.007692307692306,0.004401233678602095,97.86556456008324
8bd0e3abda539b9479c4b44a691be1ec,596.55,248.79000000000002,7,13,7,45.888461538461534,41.70480261503647,85.22142857142856,45.888461538461534,0.004389093866549783,97.86995365394979
791cfcfe22fe4a771ece27f90017da92,596.26,57.49,2,2,1,298.13,9.641767014389696,298.13,298.13,0.0043869602026133155,97.8743406141524
38e6dada03429a47197d5d584d793b41,596.14,206.91,7,12,8,49.678333333333335,34.70828999899352,85.16285714285713,49.678333333333335,0.004386077307191329,97.87872669145959
11938fcc75f6902fea1d0a6f72b54a57,594.98,142.16,2,2,2,297.49,23.893240108911222,297.49,297.49,0.004377542651445462,97.88310423411103
3d68c634a99a1ba46dbca3967a69c623,594.0,263.7,2,2,1,297.0,44.39393939393939,297.0,297.0,0.004370332338832572,97.88747456644987
eebb3372362aa9a46975164bed19a7e7,591.92,119.4,7,8,2,73.99,20.171644816867147,84.55999999999999,73.99,0.0043550288181848085,97.89182959526805
6e0908ef4d4efadbc3cc2b74ea477cb0,589.4499999999999,160.82999999999998,8,11,5,53.58636363636363,27.28475697684282,73.68124999999999,53.58636363636363,0.004336855887415588,97.89616645115547
768a86e36ad6aae3d03ee3c6433d61df,587.46,180.24,17,17,8,34.5564705882353,30.681237871514654,34.5564705882353,34.5564705882353,0.004322214538334315,97.9004886656938
6e4a902d1054e4e17aa6eab87fac1c75,586.57,109.13,7,8,4,73.32125,18.60477010416489,83.7957142857143,73.32125,0.004315666397287916,97.90480433209109
b274baf5bbd142410eb2958cf685d684,585.9,148.67000000000002,7,7,7,83.7,25.374637310121184,83.7,83.7,0.004310736897848492,97.90911506898894
bf961104a38e01b9062ee026bb657dee,585.56,79.9,4,4,1,146.39,13.645057722522033,146.39,146.39,0.00430823536081953,97.91342330434976
851773c885feb5e2da3b4f82bc2b17ce,585.3,251.82999999999998,10,10,8,58.529999999999994,43.0257987356911,58.529999999999994,58.529999999999994,0.004306322420738559,97.9177296267705
70b52a4cfc823994561b00bad161b4ed,585.0,100.35,8,10,1,58.5,17.153846153846153,73.125,58.5,0.004304115182183594,97.92203374195267
83353a83fd769dfafa4f21a72b15e3e5,579.5,94.83,5,5,5,115.9,16.364106988783433,115.9,115.9,0.004263649142009218,97.92629739109468
be3b4b0f050a6aa1b2d901c4b77e979f,578.1999999999999,155.52,3,8,3,72.27499999999999,26.897267381528888,192.73333333333332,72.27499999999999,0.004254084441604365,97.93055147553628
f524ad65d7e0f1daab730ef2d2e86196,578.0,31.5,1,2,1,289.0,5.449826989619377,578.0,289.0,0.004252612949234388,97.9348040884855
01c97ebb5cdac52891c0ed1c37ba0012,577.5,178.5,9,12,3,48.125,30.909090909090907,64.16666666666667,48.125,0.004248934218309445,97.93905302270382
5ef131ac72773e5b3f6c0d63cf424657,575.79,246.2,10,11,8,52.344545454545454,42.758644644748955,57.57899999999999,52.344545454545454,0.004236352958546139,97.94328937566236
ed8cb7b190ceb6067227478e48cf8dde,573.5,242.71,15,17,10,33.73529411764706,42.32083696599826,38.233333333333334,33.73529411764706,0.0042195043709099,97.94750888003327
26af45f5dfd967225a832838aa4e24a3,573.1,198.51,10,11,7,52.1,34.63793404292444,57.31,52.1,0.004216561386169945,97.95172544141944
4e326052e5dbba8adcd512f3450a307e,570.0,85.96,3,6,1,95.0,15.080701754385965,190.0,95.0,0.004193753254435296,97.95591919467388
9599519be538b98748162a2b48248960,570.0,60.06,1,3,1,190.0,10.536842105263158,570.0,190.0,0.004193753254435296,97.96011294792832
a35ef466c6fd6d052f5d241240d3c5e2,569.9,79.65,3,3,3,189.96666666666667,13.976136164239342,189.96666666666667,189.96666666666667,0.0041930175082503076,97.96430596543658
3f9be91358837bff69df67edfa3e42e8,569.7,132.36,7,7,4,81.38571428571429,23.23328067403897,81.38571428571429,81.38571428571429,0.004191546015880331,97.96849751145245
a254c682cc01e119f83530446f1df9a9,569.4,240.02,6,7,3,81.34285714285714,42.15314365999298,94.89999999999999,81.34285714285714,0.004189338777325365,97.97268685022978
cd2169d9f31ff6fbb9ca3373b0c9e354,569.0,56.33,1,1,1,569.0,9.89982425307557,569.0,569.0,0.00418639579258541,97.97687324602236
4170f6a9367e6b5d6401d03ce6d54569,568.78,93.03,4,5,3,113.756,16.356060339674393,142.195,113.756,0.004184777150978435,97.98105802317335
89ad3263c0931c47f976d7c5778e60f6,568.2,131.54,6,6,5,94.7,23.1502991904259,94.7,94.7,0.004180509823105501,97.98523853299645
f52c2422904463fdd7741f99045fecb6,567.79,177.01,12,13,10,43.676153846153845,31.175258458232797,47.31583333333333,43.676153846153845,0.004177493263747047,97.9894160262602
b7ed9fb14c8eadb37adb9c45d67ab0fb,566.0,221.75,7,11,5,51.45454545454545,39.17844522968198,80.85714285714286,51.45454545454545,0.004164323407035751,97.99358034966724
2f74af7a0ee5636f12c2336f9fffed47,560.6999999999999,163.76999999999998,13,13,12,43.130769230769225,29.20813269127876,43.130769230769225,43.130769230769225,0.004125328859231352,97.99770567852647
b12cfd255810394b60caef18ae163547,560.0,166.14999999999998,2,2,1,280.0,29.669642857142854,280.0,280.0,0.0041201786359364315,98.0018258571624
5f5a58930c3c35f3b5af264f34fb8c85,560.0,68.59,3,3,2,186.66666666666666,12.248214285714285,186.66666666666666,186.66666666666666,0.0041201786359364315,98.00594603579833
6dc9bec584588412a6a338830946a3e4,560.0,107.83,2,2,1,280.0,19.255357142857143,280.0,280.0,0.0041201786359364315,98.01006621443426
820c7c9eaf76d2b226b6c242bcf3f34d,559.0,18.0,1,1,1,559.0,3.2200357781753133,559.0,559.0,0.0041128211740865455,98.01417903560835
35b96509602ec4b7da831b5cd73ff2c2,558.9,47.55,2,2,2,279.45,8.507783145464305,279.45,279.45,0.004112085427901556,98.01829112103626
6eeed17989b0ae47c9f11ece6f38ea90,557.0,119.01,3,3,2,185.66666666666666,21.36624775583483,185.66666666666666,185.66666666666666,0.004098106250386772,98.02238922728664
48fb026ed7455a42f5d3e9390ed5088e,555.71,223.43,11,11,11,50.51909090909091,40.206222670097716,50.51909090909091,50.51909090909091,0.004088615124600419,98.02647784241124
8a207b6080964f3c1fc9d35bd6096ba4,553.7,176.34,2,3,2,184.5666666666667,31.847570886761783,276.85,184.5666666666667,0.004073826626282147,98.03055166903752
74871d19219c7d518d0090283e03c137,550.04,87.87,6,7,6,78.57714285714285,15.9752018035052,91.67333333333333,78.57714285714285,0.004046898315911562,98.03459856735343
eb9cd5b35d95206585e2185318cb5c61,550.0,61.55,2,3,1,183.33333333333334,11.19090909090909,275.0,183.33333333333334,0.004046604017437567,98.03864517137086
bb2afe2061d53c6968aa0cffa233a8ec,549.4,94.62,5,6,4,91.56666666666666,17.222424463050604,109.88,91.56666666666666,0.004042189540327635,98.04268736091119
e433f5fd4050e3352b5d83522b7fe24b,548.06,48.71,1,1,1,548.06,8.887713024121448,548.06,548.06,0.004032330541448787,98.04671969145264
0d33a55da925bbf1ff02af5f6059fc7f,547.3,385.61,22,24,8,22.804166666666664,70.45678786771424,24.877272727272725,22.804166666666664,0.004026738870442873,98.05074643032307
6c99c983ce3b6ba0ab813e6790e81691,546.75,205.76,9,9,5,60.75,37.63328760859625,60.75,60.75,0.004022692266425436,98.0547691225895
9c1c0c36cd23c20897e473901a8fb149,544.97,172.07,6,7,3,77.85285714285715,31.574215094408864,90.82833333333333,77.85285714285715,0.004009595984332638,98.05877871857383
af7cdac9d9897cddead9c6b08976c642,543.54,150.47,6,6,5,90.58999999999999,27.683335173124334,90.58999999999999,90.58999999999999,0.0039990748138873,98.06277779338772
4cc4fd4fdd406a85bbdc1f824b731bd7,539.98,31.24,1,2,1,269.99,5.785399459239231,539.98,269.99,0.003972882249701704,98.06675067563742
228e4c1a0be164f613d41c24345f9d2c,539.7,229.74,5,5,3,107.94000000000001,42.568093385214006,107.94000000000001,107.94000000000001,0.003970822160383736,98.0707214977978
6c17baf138731a4aaacc3210adf2037b,538.8,89.92,4,5,5,107.75999999999999,16.688938381588716,134.7,107.75999999999999,0.0039642004447188375,98.07468569824252
79ee721b6f766066a80264402548d359,538.0,30.36,2,2,1,269.0,5.643122676579926,269.0,269.0,0.003958314475238929,98.07864401271776
08d1c9478fb0d7d7fcac9c0da4e82fc7,538.0,67.57,1,1,1,538.0,12.559479553903344,538.0,538.0,0.003958314475238929,98.082602327193
ff314fa6033cc68ec451c47aee2d6ba4,537.9,32.44,2,2,2,268.95,6.030860754787136,268.95,268.95,0.00395757872905394,98.08655990592206
1fe61aa5494bd3ae92a2c13e067c810f,537.76,100.82,1,2,1,268.88,18.748140434394525,537.76,268.88,0.003956548684394956,98.09051645460646
cb9fb4ca75d7ba8437480e8dde64fe98,532.14,173.42000000000002,10,10,3,53.214,32.58916826399068,53.214,53.214,0.003915199748798594,98.09443165435526
1f7fd2a6fcd5a6fa5d8a4dabc72aaae0,531.8,100.88,3,3,2,177.26666666666665,18.969537420082737,177.26666666666665,177.26666666666665,0.003912698211769632,98.09834435256703
6650fcccd8cd2f7e55ffa524f30c4c59,529.7,166.0,3,3,2,176.5666666666667,31.338493486879365,176.5666666666667,176.5666666666667,0.0038972475418848716,98.10224160010891
2e7ea2aafec5835e781b21d6d1faf1f1,528.4,118.22,7,7,4,75.48571428571428,22.373202119606358,75.48571428571428,75.48571428571428,0.0038876828414800184,98.10612928295039
7402d13c03a7e91366337cd1de471144,528.38,131.19,4,4,2,132.095,24.828721753283624,132.095,132.095,0.0038875356922430213,98.11001681864263
6879c4d287a8dd06b11f54ea8f78e4da,527.67,149.46,6,6,3,87.945,28.32452100744784,87.945,87.945,0.003882311894329601,98.11389913053696
979e9f8b5b39dd243a2550c8b05aecf0,525.0,46.88,3,4,2,131.25,8.92952380952381,175.0,131.25,0.003862667471190405,98.11776179800816
3968920b9aa752ab98f7d5888c9252f2,523.3,157.71,8,10,8,52.33,30.137588381425573,65.4125,52.33,0.0038501597860455977,98.1216119577942
02b72cdeb9cfcc429f1af6f4e3f3b737,522.65,225.99,4,4,3,130.6625,43.23926145604133,130.6625,130.6625,0.003845377435843171,98.12545733523004
6e13dd869aa7185f601c941423abcc8f,522.0,76.08,5,6,2,87.0,14.574712643678161,104.4,87.0,0.0038405950856407454,98.12929793031567
c026ef0d72e9132d9fa112308090c8dc,520.0,37.72,1,1,1,520.0,7.253846153846154,520.0,520.0,0.0038258801619409726,98.13312381047761
fc59392d66ef99377e50356ee4f3b4e1,519.99,86.97,5,5,5,103.998,16.725321640800782,103.998,103.998,0.0038258065873224734,98.13694961706494
f9ec7093df3a7b346b7bcf7864069ca3,519.2,118.93,9,9,9,57.6888888888889,22.906394453004623,57.6888888888889,57.6888888888889,0.0038199941924610633,98.1407696112574
d197aa8fbc64087f61984deef05f6227,519.09,111.56,6,7,6,74.1557142857143,21.491456202200002,86.515,74.1557142857143,0.0038191848716575758,98.14458879612906
b6dc74ed30f124f95227bed4e43a3bed,518.9599999999999,228.63,11,13,6,39.919999999999995,44.05541852936643,47.17818181818181,39.919999999999995,0.00381822840161709,98.14840702453067
ff4e2d38692ce827b1a4f4b8196e680d,518.9,150.28,11,11,3,47.17272727272727,28.961264212757758,47.17272727272727,47.17272727272727,0.003817786953906097,98.15222481148457
a7dc4098e4da6e41b426269d12ae7e91,518.0,36.45,2,3,2,172.66666666666666,7.036679536679537,259.0,172.66666666666666,0.0038111652382411994,98.15603597672282
7e79d65b5c6f1f544b7daea036acf720,517.8,62.09,4,4,2,129.45,11.991116261104676,129.45,129.45,0.003809693745871222,98.15984567046868
3296662b1331dea51e744505065ae889,517.8,27.71,1,1,1,517.8,5.351487060641174,517.8,517.8,0.003809693745871222,98.16365536421455
9e6967d3cf386d284251784b18ccb485,517.67,137.23,9,11,3,47.060909090909085,26.509166071049123,57.51888888888888,47.060909090909085,0.0038087372758307363,98.16746410149038
64cc804291f90c81f02bfc2bb58ff55a,517.6,46.54,2,2,2,258.8,8.991499227202473,258.8,258.8,0.003808222253501245,98.17127232374388
1d503743d2526f03f0c2c89540ee008c,516.04,204.49,12,17,7,30.355294117647055,39.62677311836293,43.00333333333333,30.355294117647055,0.0037967446130154213,98.17506906835689
b87a7ea0c30fad2dd6781b74a0064859,515.4,122.35,9,9,8,57.266666666666666,23.73884361660846,57.266666666666666,57.266666666666666,0.003792035837431494,98.17886110419433
a06c8ff043abea0528ee44171e2140a2,514.5,92.42999999999999,8,8,6,64.3125,17.965014577259474,64.3125,64.3125,0.0037854141217665968,98.18264651831609
c157bdeedcbc9a8e3c8bf0d87ff24428,514.27,208.7,7,10,4,51.427,40.58179555486417,73.46714285714286,51.427,0.0037837219055411224,98.18643024022163
7e959205cebc10adefcb331f934238a4,513.9000000000001,32.65,2,2,2,256.95000000000005,6.353376143218524,256.95000000000005,256.95000000000005,0.0037809996446566655,98.19021123986629
4a82168aaef173cbb6e46ae88728f919,512.0,100.39,4,4,2,128.0,19.607421875,128.0,128.0,0.0037670204671418806,98.19397826033342
c84592044b180dec206770c38603814b,511.94000000000005,224.26,15,15,5,34.129333333333335,43.80591475563542,34.129333333333335,34.129333333333335,0.003766579019430888,98.19774483935285
2b2fed75b8e5ea3a052fc4c0825da485,510.9,59.93,3,4,3,127.725,11.73027989821883,170.29999999999998,127.725,0.0037589272591070054,98.20150376661196
c3aad7dc65449ae90a5e9c3c6c1e78e0,510.0,130.36,6,6,5,85.0,25.56078431372549,85.0,85.0,0.0037523055434421078,98.20525607215541
c53bcd3be457a342a97e39e5a9f0be22,509.5,186.09,5,5,3,101.9,36.524043179587835,101.9,101.9,0.0037486268125171644,98.20900469896793
270d3ef21830ad0ecf3a6c53d08a533a,509.0,234.67,6,18,3,28.27777777777778,46.1041257367387,84.83333333333333,28.27777777777778,0.0037449480815922205,98.21274964704952
4be6b962d83299498bae2190f95d6566,508.8,182.29,11,12,6,42.4,35.82743710691824,46.25454545454546,42.4,0.003743476589222244,98.21649312363874
f650a9708fa1bab22bdd8d3a818cc415,507.75,86.83,5,5,4,101.55,17.100935499753817,101.55,101.55,0.003735751254279863,98.22022887489302
33cbda8716511e27e556dff9d8418bf2,507.40000000000003,108.17,5,6,5,84.56666666666668,21.31848640126133,101.48,84.56666666666668,0.003733176142632403,98.22396205103566
5e49e3a44bdeb5aab2684258bbd4f525,507.0,52.769999999999996,3,3,2,169.0,10.408284023668639,169.0,169.0,0.0037302331578924477,98.22769228419355
3ea00e1dea2b0659dbaf654735929220,505.0,144.97,7,7,2,72.14285714285714,28.706930693069303,72.14285714285714,72.14285714285714,0.003715518234192675,98.23140780242774
e627629ba868740e287800f1a9be81c2,504.5,139.05,13,13,13,38.80769230769231,27.56194251734391,38.80769230769231,38.80769230769231,0.003711839503267732,98.235119641931
2493dc3f20131696a0ecdb9948051a8d,504.38,70.69,4,4,3,126.095,14.015226614853878,126.095,126.095,0.003710956607845745,98.23883059853885
20a7efa9721046319bdde5d60b6b5365,501.20000000000005,95.39,3,6,2,83.53333333333335,19.032322426177174,167.0666666666667,83.53333333333335,0.003687559879163107,98.24251815841802
39a5005f2605cbdb4f9ac14485cabfd1,501.07,232.59,3,8,3,62.63375,46.418664058913926,167.02333333333334,62.63375,0.003686603409122621,98.24620476182714
28fb0829fd777877cdc350d25cb5bd5b,499.6,69.66,4,4,2,124.9,13.943154523618894,124.9,124.9,0.0036757879402032883,98.24988054976735
97e995629983723d11830a829bc2b246,499.5,99.37,5,5,5,99.9,19.893893893893893,99.9,99.9,0.0036750521940182995,98.25355560196137
13c2ed7698b3ca92dad49e849219da59,498.61,154.68,8,9,7,55.40111111111111,31.02224183229378,62.32625,55.40111111111111,0.0036685040529719003,98.25722410601433
e59e489e2ea74bd409b798b5daf49de3,495.0,86.76,3,5,3,99.0,17.527272727272727,165.0,99.0,0.00364194361569381,98.26086604963002
265fdc289dffa9f1ad801c74f7d0de47,495.0,51.55,1,1,1,495.0,10.414141414141413,495.0,495.0,0.00364194361569381,98.26450799324572
ccbd753e6863fe7314dc6c0ca5a074e7,495.0,101.56,1,1,1,495.0,20.517171717171717,495.0,495.0,0.00364194361569381,98.2681499368614
c458e2045a8aa8964f8879af03fdcce6,494.91,196.79,4,9,4,54.99,39.762785152856075,123.7275,54.99,0.003641281444127321,98.27179121830554
fcba71d4d5db057f43249145e4eb1e27,494.55,53.72,3,3,3,164.85,10.862400161763217,164.85,164.85,0.0036386327578613615,98.2754298510634
c286ec035ee04ba81c97508f0b5df544,493.0,72.9,2,2,2,246.5,14.787018255578094,246.5,246.5,0.003627228691994037,98.27905707975539
0951a6e282947e09cd47969f4ed0b47f,492.3,88.02,7,7,2,70.32857142857144,17.879341864716636,70.32857142857144,70.32857142857144,0.0036220784686991168,98.28267915822408
e601b04acf48b4576e73ddca9481f0dc,491.94,211.0,15,16,11,30.74625,42.89140952148636,32.796,30.74625,0.0036194297824331577,98.28629858800652
b9c0ffa92f3ff9a5a3d45ef7213c0842,490.0,82.17,3,3,2,163.33333333333334,16.76938775510204,163.33333333333334,163.33333333333334,0.0036051563064443777,98.28990374431297
64b87978a11c1ea7501a89eabe8c2c1a,489.92999999999995,101.9,7,7,2,69.99,20.798889637295126,69.99,69.99,0.0036046412841148853,98.29350838559708
7816cd9c5b1238e320545f5bf7eb80e8,489.0,22.76,1,1,1,489.0,4.65439672801636,489.0,489.0,0.003597798844594491,98.29710618444167
f88adb15807168d3c43d71021090ce4a,488.8,52.26,3,3,2,162.93333333333334,10.691489361702127,162.93333333333334,162.93333333333334,0.0035963273522245137,98.3007025117939
d65f31d2413268e671989503f6cf9993,488.8,71.15,2,3,3,162.93333333333334,14.556055646481179,244.4,162.93333333333334,0.0035963273522245137,98.30429883914613
09bad886111255c5b5030314fc7f1a4a,487.5,72.86,5,5,1,97.5,14.945641025641027,97.5,97.5,0.003586762651819662,98.30788560179795
6219ba2359cfb97f2e38fd4c321eb309,487.5,103.05,6,6,4,81.25,21.138461538461538,81.25,81.25,0.003586762651819662,98.31147236444977
83a75eea11694e36e56dd0cb2240229a,487.0,42.47,3,3,1,162.33333333333334,8.720739219712526,162.33333333333334,162.33333333333334,0.003583083920894718,98.31505544837067
b3f19518fcec265b2e97af287725f981,486.91,137.57,9,9,4,54.101111111111116,28.25368137848884,54.101111111111116,54.101111111111116,0.003582421749328229,98.31863787012
6ee85be3693ed79a8e80718743d80655,484.5,170.82,9,13,4,37.26923076923077,35.256965944272444,53.833333333333336,37.26923076923077,0.0035646902662700023,98.32220256038627
c7a0a13cbcf29d5ce51c8f80afdc0b89,483.08,174.72,8,9,4,53.675555555555555,36.167922497308936,60.385,53.675555555555555,0.003554242670443163,98.32575680305672
70c4eedec9cb4a85cda2f3f9673557b4,479.8,32.75,2,2,1,239.9,6.825760733639016,239.9,239.9,0.0035301101955755353,98.32928691325229
c1f12f926d0ba950578b4fa41115cbb6,479.6,76.96,2,4,2,119.9,16.04670558798999,239.8,119.9,0.003528638703205558,98.33281555195549
0c7f30ae9b147eca07affbef92832a6a,479.5,87.61,5,5,4,95.9,18.271115745568302,95.9,95.9,0.00352790295702057,98.33634345491251
32fdd5d44ecb43dfd6a24b9369eca144,479.2,138.68,8,8,5,59.9,28.939899833055094,59.9,59.9,0.0035256957184656035,98.33986915063097
bac692d6c0ed08467878018e6cc9c26c,477.0,82.23,1,3,1,159.0,17.238993710691826,477.0,159.0,0.003509509302395853,98.34337865993336
f1198c871e0171278b63f40d112caeec,475.8,82.27,2,2,2,237.9,17.290878520386716,237.9,237.9,0.0035006803481759897,98.34687934028155
29e6e05b65f93bc224c644319dc52ecf,475.6,83.32,4,4,3,118.9,17.518923465096716,118.9,118.9,0.003499208855806012,98.35037854913735
768de2a4fc06aacecb9a586ccc30746a,475.59999999999997,237.93,14,14,2,33.97142857142857,50.0273338940286,33.97142857142857,33.97142857142857,0.003499208855806012,98.35387775799315
e1b12447a7563944843191754aeb5562,472.46000000000004,126.67,9,10,6,47.246,26.810735300342888,52.49555555555556,47.246,0.003476106425597369,98.35735386441874
e3dd723429d1b23614b7fa85e2c7a853,471.05,126.57,7,8,4,58.88125,26.869759048933233,67.29285714285714,58.88125,0.003465732404389029,98.36081959682313
2953ce3a88f5e3c3b696d77fc9e4c8eb,470.0,161.32,14,15,7,31.333333333333332,34.32340425531915,33.57142857142857,31.333333333333332,0.003458007069446648,98.36427760389257
8fec2e460530482132c436cfb5439925,468.46,80.15,3,5,3,93.692,17.10925159031721,156.15333333333334,93.692,0.0034466765781978226,98.36772428047077
038b75b729c8a9a04b0d07cba7eabe86,467.0,90.85,2,2,1,233.5,19.453961456102782,233.5,233.5,0.0034359346838969884,98.37116021515466
c42fd8e4d47dfb18ce5222f2dd7752f9,466.99,161.64000000000001,7,11,9,42.45363636363636,34.61316088138933,66.71285714285715,42.45363636363636,0.00343586110927849,98.37459607626394
9fc70243fb26800cba56e8f014797004,466.6,104.7,6,7,2,66.65714285714286,22.43891984569224,77.76666666666667,66.65714285714286,0.003432991699157034,98.3780290679631
feb793c88d836c3a75efa4b5a3465d70,466.0,64.17,1,1,1,466.0,13.77038626609442,466.0,466.0,0.003428577222047102,98.38145764518515
2c3d56f92f360fb89d849b84e8f50eae,465.6,124.84,8,8,5,58.2,26.8127147766323,58.2,58.2,0.0034256342373071473,98.38488327942245
ee2fbacc2fc3794e656cc4d933d59ce7,464.97,53.73,2,3,2,154.99,11.555584231240724,232.485,154.99,0.0034209990363417197,98.38830427845879
651fe66032c9520ee5587f694908040d,464.0,128.73,7,7,6,66.28571428571429,27.74353448275862,66.28571428571429,66.28571428571429,0.003413862298347329,98.39171814075713
40536e7ca18e1bce252828e5876466cc,463.96,499.04,2,4,1,115.99,107.56099663764118,231.98,115.99,0.0034135679998733336,98.395131708757
0a82f5fb06a4fe4ac2cf7cb412ec71b8,462.0,22.799999999999997,2,2,2,231.0,4.9350649350649345,231.0,231.0,0.003399147374647556,98.39853085613166
cb0b3bcf14e0a709df412a99424a59d7,460.0,47.43,2,2,2,230.0,10.310869565217391,230.0,230.0,0.003384432450947783,98.4019152885826
aec99834ab5d38ead22766ada8497e87,459.0,17.51,1,1,1,459.0,3.8148148148148153,459.0,459.0,0.0033770749890978968,98.4052923635717
8b2d4ab22f42c5cfc338b846decfda60,458.0,185.32,6,9,3,50.888888888888886,40.46288209606987,76.33333333333333,50.888888888888886,0.0033697175272480104,98.40866208109895
dd88d13bea9e4c2bf47daf224f8141e5,458.0,29.38,1,1,1,458.0,6.414847161572053,458.0,458.0,0.0033697175272480104,98.4120317986262
c7dcd301ecfe5ab7f778ac172cf74be7,457.69,62.14,4,4,3,114.4225,13.576875177521904,114.4225,114.4225,0.0033674367140745453,98.41539923534027
38102b031c2a15e54623d711bfc753d3,457.0,352.41,9,11,5,41.54545454545455,77.11378555798689,50.77777777777778,41.54545454545455,0.0033623600653981236,98.41876159540567
e546117ed9cafbc40239c0c78635c584,456.0,28.34,2,2,1,228.0,6.214912280701754,228.0,228.0,0.003355002603548237,98.42211659800921
35857757f553273b1056c1cabdace7fb,454.6,118.74000000000001,6,6,6,75.76666666666667,26.119665640123184,75.76666666666667,75.76666666666667,0.003344702156958396,98.42546130016616
117cfc326c6d50da67ca858ff5c0c852,454.6,81.47999999999999,5,5,2,90.92,17.923449186097663,90.92,90.92,0.003344702156958396,98.42880600232311
b248792ac0b60ec3f93d80af1b4fae47,454.5,153.85,7,9,6,50.5,33.85038503850385,64.92857142857143,50.5,0.0033439664107734073,98.43214996873388
55029529919c0123526150bd26ca8f20,453.95,134.88,7,7,6,64.85,29.71252340566142,64.85,64.85,0.00333991980675597,98.43548988854064
fc4751cfe3b279c419615b9b00c1abb4,453.7,17.35,1,1,1,453.7,3.824112849900816,453.7,453.7,0.003338080441293498,98.43882796898194
7994b065a7ffb14e71c6312cf87b9de2,453.0,144.34,5,7,5,64.71428571428571,31.863134657836646,90.6,64.71428571428571,0.003332930217998578,98.44216089919993
e5899683388855d3dabe8913bbe365de,452.88,80.98,3,3,3,150.96,17.881116410528175,150.96,150.96,0.003332047322576591,98.4454929465225
777a0c55737f34ffeb78010f7542ab41,452.5,75.83,6,6,3,75.41666666666667,16.758011049723756,75.41666666666667,75.41666666666667,0.003329251487073634,98.44882219800958
eb5b6204dde3a6e03b5f1bb8479f055b,452.2,275.13,19,21,8,21.53333333333333,60.84254754533392,23.8,21.53333333333333,0.0033270442485186687,98.4521492422581
08f5819815f3d06545011850bd70f0a8,452.0,70.83,3,3,3,150.66666666666666,15.670353982300886,150.66666666666666,150.66666666666666,0.0033255727561486916,98.45547481501426
4de6e4ba574aa9dfdc824bc44dc47fdd,451.1,253.32,14,14,12,32.221428571428575,56.15606295721569,32.221428571428575,32.221428571428575,0.003318951040483794,98.45879376605474
b98b715fe9e276204e2a3464f48cd796,450.58000000000004,67.03999999999999,6,6,4,75.09666666666668,14.87860091437702,75.09666666666668,75.09666666666668,0.0033151251603218525,98.46210889121507
101a3a003516bc11253298b2fad3cb65,450.0,74.0,5,6,2,75.0,16.444444444444446,90.0,75.0,0.0033108578324489183,98.46541974904751
d90fe2229fee1a5da999ccd0c06c1667,450.0,66.91,3,3,2,150.0,14.868888888888886,150.0,150.0,0.0033108578324489183,98.46873060687996
968ee78631915a63fef426d6733d7422,450.0,71.67,2,2,1,225.0,15.926666666666666,225.0,225.0,0.0033108578324489183,98.4720414647124
bbaff50f3b708fda865918715276cd87,449.7,202.07,12,16,11,28.10625,44.9344007115855,37.475,28.10625,0.003308650593893952,98.4753501153063
a11a0e0ca67423425691db355cff69b0,448.9,28.080000000000002,2,2,2,224.45,6.255290710625975,224.45,224.45,0.0033027646244140427,98.4786528799307
3d0cd21d41671c46f82cd11176bf7277,447.8,174.57999999999998,9,11,6,40.70909090909091,38.986154533273776,49.75555555555556,40.70909090909091,0.003294671416379168,98.48194755134709
5e106d93b717c2682b9383da480364a1,445.9,21.71,1,1,1,445.9,4.868804664723032,445.9,445.9,0.0032806922388643836,98.48522824358595
a5bff0f43eb51f0cad7c37fac7244c8a,445.0,96.27000000000001,4,5,2,89.0,21.633707865168542,111.25,89.0,0.003274070523199486,98.48850231410916
6c1b6d0c604b776f844125f911eb7377,443.06,81.44,5,5,3,88.612,18.381257617478443,88.612,88.612,0.003259797047210706,98.49176211115636
d4e4b5192cba4e0e66eb12a9d347239d,441.8,210.29,12,12,11,36.81666666666667,47.598460842009956,36.81666666666667,36.81666666666667,0.003250526645279849,98.49501263780164
f22a247b79dd22ecd91dc8e3b2a1b07c,439.94,134.9,8,8,5,54.9925,30.663272264399694,54.9925,54.9925,0.00323684176623906,98.49824947956787
64c9a1db4e73e19aaafd3286dc448c96,439.0,43.6,1,1,1,439.0,9.931662870159453,439.0,439.0,0.003229925752100167,98.50147940531997
c3251e13f1bbda6c74e37c160f991e19,437.79999999999995,75.28,2,2,2,218.89999999999998,17.195066240292373,218.89999999999998,218.89999999999998,0.0032210967978803027,98.50470050211786
b29d3380981c51df13fc6fbe87e1763d,435.3,98.58,6,7,5,62.18571428571429,22.64645072363887,72.55,62.18571428571429,0.003202703143255587,98.50790320526112
98115075dd26cb8835946fc6086f5d30,434.96000000000004,56.24,4,4,3,108.74000000000001,12.929924590766968,108.74000000000001,108.74000000000001,0.003200201606226626,98.51110340686735
26d6bbee02420494d471c9f6436929c0,434.51,247.19,12,13,10,33.423846153846156,56.889369634761,36.20916666666667,33.423846153846156,0.003196890748394177,98.51430029761575
c0e6839516f5398edc34adf5f1d53d1a,432.92,87.92,3,3,2,144.30666666666667,20.308602051187286,144.30666666666667,144.30666666666667,0.003185192384052857,98.5174854899998
4e480be820e37de1444325ff358c9296,430.3,143.44,1,2,1,215.15,33.33488264001859,430.3,215.15,0.0031659158340061546,98.5206514058338
f7df46c1e0ec44eed5c6726478da4a17,429.70000000000005,57.739999999999995,3,3,2,143.23333333333335,13.437281824528737,143.23333333333335,143.23333333333335,0.0031615013568962232,98.5238129071907
939e6227d6964a11a70aa91243e418f2,425.0,63.25,4,4,2,106.25,14.882352941176471,106.25,106.25,0.0031269212862017563,98.5269398284769
a45314082d50d578a4721c9787ce09ab,424.9,29.020000000000003,2,2,2,212.45,6.829842315839022,212.45,212.45,0.0031261855400167675,98.53006601401691
dc50afafdfa325eadc890c7fa42a8f4e,424.2,57.28,4,4,3,106.05,13.503064592173503,106.05,106.05,0.0031210353167218465,98.53318704933363
b080809eaacb49e5ca07290981472431,424.0,143.4,11,11,6,38.54545454545455,33.820754716981135,38.54545454545455,38.54545454545455,0.00311956382435187,98.53630661315799
acf974e4d5950ad143a247471b831eb9,423.8,329.82,5,12,3,35.31666666666667,77.82444549315714,84.76,35.31666666666667,0.0031180923319818928,98.53942470548998
41e0fa5761c886a630994a55c12087e7,423.6,68.31,5,5,2,84.72,16.126062322946176,84.72,84.72,0.0031166208396119152,98.54254132632958
7c1fea10b5b006671d608b1d7c446ec4,423.59999999999997,224.15,14,14,13,30.257142857142856,52.91548630783759,30.257142857142856,30.257142857142856,0.003116620839611915,98.54565794716919
5dc203c7b84a0e71e878a179de05fb9a,421.9,128.15,5,5,3,84.38,30.374496326143642,84.38,84.38,0.003104113154467108,98.54876206032365
c714262700f93defc16bf17a51a4cb23,421.8,69.53,4,4,4,105.45,16.48411569464201,105.45,105.45,0.00310337740828212,98.55186543773193
9d5604a1f112324ad6b2aa552122e0fb,421.5,340.48,13,17,3,24.794117647058822,80.77817319098457,32.42307692307692,24.794117647058822,0.0031011701697271537,98.55496660790166
cc80e2f693fa6e2408f47ccf62413fc1,420.0,88.63,2,2,1,210.0,21.10238095238095,210.0,210.0,0.0030901339769523243,98.55805674187862
189ca3538ce9f920cacf0f982cbe223b,419.0,62.67,4,5,4,83.8,14.957040572792362,104.75,83.8,0.0030827765151024374,98.56113951839372
6d7f8d9d594e28796b6b3205b00f459c,417.9,59.11,3,3,2,139.29999999999998,14.14453218473319,139.29999999999998,139.29999999999998,0.0030746833070675623,98.56421420170078
7b7f91e98f8c6def45a1407923304402,417.47,203.01999999999998,11,14,9,29.819285714285716,48.63103935612139,37.95181818181818,29.819285714285716,0.0030715195984721113,98.56728572129926
b64d51f0435e884e8de603b1655155ae,416.18,357.36,17,23,15,18.094782608695652,85.86669229660244,24.481176470588235,18.094782608695652,0.0030620284726857573,98.57034774977194
a53f60f05f822b5c621a50ff6a5cb362,415.40000000000003,129.13,4,6,4,69.23333333333333,31.085700529610012,103.85000000000001,69.23333333333333,0.0030562896524428465,98.57340403942439
34a557286ead8fe75c989e0afcf7d98c,414.9,58.56,4,4,2,103.725,14.114244396240059,103.725,103.725,0.0030526109215179027,98.5764566503459
35fb511489d9ee3ee27a76debce9df06,414.5,172.29000000000002,7,7,4,59.214285714285715,41.56574185765984,59.214285714285715,59.214285714285715,0.003049667936777948,98.57950631828268
ff1e15b778c700abdd4d239b81ac466d,414.3,114.86,7,7,2,59.18571428571429,27.7238715906348,59.18571428571429,59.18571428571429,0.003048196444407971,98.5825545147271
bd149ed516d4c5d418d5781f8e18919f,414.0,141.94,8,9,3,46.0,34.28502415458937,51.75,46.0,0.003045989205853005,98.58560050393295
acb6c2ca5c82411c1fdb88d5fd5eb95e,413.88,161.61,10,11,5,37.625454545454545,39.047550014496956,41.388,37.625454545454545,0.0030451063104310187,98.58864561024339
042573af89b6d931f672efaf789d8358,413.48,65.09,3,3,3,137.82666666666668,15.741994776047207,137.82666666666668,137.82666666666668,0.003042163325691064,98.59168777356908
ead2bab70821ea148476ae9bc08548ac,412.1,116.2,9,9,4,45.78888888888889,28.197039553506432,45.78888888888889,45.78888888888889,0.0030320100283382206,98.59471978359741
a35124e2d763d7ca3fbe3b97d143200f,411.5,78.89,4,7,2,58.785714285714285,19.171324422843256,102.875,58.785714285714285,0.003027595551228289,98.59774737914864
86ff3eaef0267069cc891a2ed9d10a17,409.75,140.61,7,7,7,58.535714285714285,34.31604636973765,58.535714285714285,58.535714285714285,0.003014719992990987,98.60076209914163
f4ce8ca9fa7157e3b33f536ac9a4487d,409.6,97.53,4,4,3,102.4,23.81103515625,102.4,102.4,0.0030136163737135044,98.60377571551534
5275ca25d0358ca73864e0ae41be1320,409.6,69.22,4,4,3,102.4,16.8994140625,102.4,102.4,0.0030136163737135044,98.60678933188905
c3f5668699a1b04c0fa61ecea1e2bff6,407.81,107.12,3,3,3,135.93666666666667,26.26713420465413,135.93666666666667,135.93666666666667,0.0030004465170022075,98.60978977840605
20a8b0dc55da94fe74d112082427c84f,407.4,123.98,7,7,3,58.199999999999996,30.43200785468827,58.199999999999996,58.199999999999996,0.0029974299576437536,98.6127872083637
89bc797e2e29667aa035d4368f9b7f92,407.3,252.15,17,20,12,20.365000000000002,61.907684753253136,23.958823529411767,20.365000000000002,0.0029966942114587657,98.61578390257516
6b803197e03abd5056b4313306b4f29d,407.0,123.62,7,12,5,33.916666666666664,30.373464373464376,58.142857142857146,33.916666666666664,0.0029944869729037994,98.61877838954807
4a23adac87cf538689fa600d976f78b2,405.0,35.41,3,3,1,135.0,8.74320987654321,135.0,135.0,0.0029797720492040266,98.62175816159727
179d859f51292aac5c10806a356f7af9,404.46999999999997,395.8,18,19,8,21.287894736842105,97.85645412515144,22.470555555555553,21.287894736842105,0.0029758725944235864,98.62473403419169
ed9eef5be0992d413d251fadba1a410d,404.09999999999997,143.24,3,9,5,44.9,35.44667161593665,134.7,44.9,0.0029731503335391285,98.62770718452524
5563732abe64c3036cb97ad924128dd1,404.0,37.6,2,3,3,134.66666666666666,9.306930693069306,202.0,134.66666666666666,0.00297241458735414,98.63067959911258
0ddefe3c7a032b91f4e25b9c3a08fca1,402.9,150.0,9,10,7,40.29,37.230081906180196,44.766666666666666,40.29,0.0029643213793192646,98.6336439204919
3d01d1c414c44b5943a09619ff3853cb,402.6,82.33999999999999,5,5,2,80.52000000000001,20.45206159960258,80.52000000000001,80.52000000000001,0.002962114140764299,98.63660603463266
29fe9f200d3fa0c668d2aa1ec7e08dfb,400.0,114.16,5,5,4,80.0,28.54,80.0,80.0,0.002942984739954594,98.63954901937262
ceb7b4fb9401cd378de7886317ad1b47,399.9,16.55,1,1,1,399.9,4.1385346336584155,399.9,399.9,0.0029422489937696054,98.6424912683664
d7485b33791774c36108f8c69602d48d,399.82,219.32,10,10,8,39.982,54.85468460807363,39.982,39.982,0.0029416603968216147,98.64543292876323
62d977e2b2aee830de3e039a28490d12,399.8,32.32,2,2,1,199.9,8.084042021010506,199.9,199.9,0.002941513247584617,98.6483744420108
63ffcb71394dd8ea3872ed9ffda17c74,399.0,264.72,17,17,5,23.470588235294116,66.34586466165415,23.470588235294116,23.470588235294116,0.0029356272781047078,98.65131006928891
d263fa444c1504a75cbca5cc465f592a,399.0,45.07,1,1,1,399.0,11.295739348370928,399.0,399.0,0.0029356272781047078,98.65424569656702
fadb07c842a2aef5d5a676b85f220e71,398.75,171.62,7,7,6,56.964285714285715,43.03949843260188,56.964285714285715,56.964285714285715,0.002933787912642236,98.65717948447966
73da1880b39c71de2b262bc7720c1494,398.0,46.99,2,2,1,199.0,11.806532663316585,199.0,199.0,0.0029282698162548214,98.66010775429591
c52c644cc0dc85121207a27013efc6af,397.8,283.16,1,2,1,198.9,71.18149824032177,397.8,198.9,0.002926798323884844,98.66303455261979
48e954b2da4f6a750c844173b347ed40,397.79999999999995,159.01,2,6,2,66.3,39.97234791352439,198.89999999999998,66.3,0.0029267983238848434,98.66596135094368
62760d278921b5f352461620d68a9cee,397.0,53.1,3,3,2,132.33333333333334,13.375314861460957,132.33333333333334,132.33333333333334,0.0029209123544049346,98.66888226329807
12a8eb0f8d1cd3270695bf2a99f55966,397.0,39.67,2,2,2,198.5,9.992443324937028,198.5,198.5,0.0029209123544049346,98.67180317565247
41b14765bd56c8ad10971074380f9c0c,395.5,119.13,8,10,2,39.55,30.121365360303415,49.4375,39.55,0.002909876161630105,98.6747130518141
9b76ad3d04236f76bc71c59470305e13,394.70000000000005,61.93,2,3,2,131.5666666666667,15.690397770458574,197.35000000000002,131.5666666666667,0.0029039901921501963,98.67761704200625
0249d282d911d23cb8b869ab49c99f53,393.0,138.88,11,11,4,35.72727272727273,35.338422391857506,35.72727272727273,35.72727272727273,0.0028914825070053885,98.68050852451326
a2fa0bdc798ee84cdb08281337cf4fb6,392.75,218.27,10,13,7,30.21153846153846,55.57479312539784,39.275,30.21153846153846,0.002889643141542917,98.6833981676548
bc30de0d71bd6260b936a026b5cf7200,392.37,90.47999999999999,3,3,2,130.79,23.059866962305982,130.79,130.79,0.00288684730603996,98.68628501496084
59cd88080b93f3c18508673122d26169,392.33,175.38,10,12,10,32.69416666666667,44.70216399459639,39.233,32.69416666666667,0.0028865530075659644,98.68917156796842
fe4cd9461203cee790d36792420b310f,391.15,54.379999999999995,3,3,2,130.38333333333333,13.902594912437682,130.38333333333333,130.38333333333333,0.0028778712025830985,98.692049439171
c13ef0cfbe42f190780f621ce81f2234,390.0,61.28,1,1,1,390.0,15.712820512820514,390.0,390.0,0.002869410121455729,98.69491884929246
8936ba0de1073ee888cb3185ae5dc661,389.99,22.22,1,1,1,389.99,5.697581989281776,389.99,389.99,0.0028693365468372306,98.6977881858393
4049512728d969bec69f84088b012416,389.84,160.43,7,9,7,43.315555555555555,41.15278062794993,55.69142857142857,43.315555555555555,0.002868232927559747,98.70065641876685
ea00f977a203ff88adf7057cb7806998,389.71999999999997,183.68,19,19,5,20.51157894736842,47.13127373498923,20.51157894736842,20.51157894736842,0.0028673500321377606,98.70352376879899
0fe2d9733ed841eb064503920015a8c0,389.64,108.71000000000001,3,3,3,129.88,27.900112924751053,129.88,129.88,0.0028667614351897703,98.70639053023417
a7ecf689b40a44361e259b28939023e4,389.0,21.91,1,1,1,389.0,5.632390745501286,389.0,389.0,0.0028620526596058425,98.70925258289378
c1849d4d32d7a6cecd5aa471809d3135,388.98,41.730000000000004,3,3,3,129.66,10.728057997840507,129.66,129.66,0.0028619055103688454,98.71211448840415
2009a095de2a2a41626f6c6d7722678d,388.89,193.54,8,12,4,32.4075,49.767286379181776,48.61125,32.4075,0.002861243338802355,98.71497573174295
78ef7e885d17f35e2382a47aae8b8cce,388.0,65.44,3,3,3,129.33333333333334,16.8659793814433,129.33333333333334,129.33333333333334,0.002854695197755956,98.71783042694071
e4fc40017a6d22c46a14ac2e17f87c3e,387.0,275.05,3,3,2,129.0,71.07235142118863,129.0,129.0,0.0028473377359060697,98.72067776467661
94d76e96eedd976258cd3278ce56d5f2,385.61,68.56,1,1,1,385.61,17.779621897772362,385.61,385.61,0.002837110863934728,98.72351487554054
559d56f3b8f0bc2e5a9a62fe2ce2a39f,385.0,48.72,2,2,2,192.5,12.654545454545454,192.5,192.5,0.0028326228122062965,98.72634749835275
a21c11ec5c3f03e7cc9f9203bff9e1c6,385.0,90.88,3,4,2,96.25,23.605194805194802,128.33333333333334,96.25,0.0028326228122062965,98.72918012116496
79565f7d5603b24ddf07ade262547f2f,385.0,109.07000000000001,8,8,5,48.125,28.329870129870134,48.125,48.125,0.0028326228122062965,98.73201274397717
a080fc8a850289b27500f6b49cca2553,383.0,52.57,4,4,4,95.75,13.725848563968668,95.75,95.75,0.0028179078885065237,98.73483065186568
ab27bbbad5239bc31a34709275a70db4,382.9,102.15,3,11,3,34.809090909090905,26.677983807782713,127.63333333333333,34.809090909090905,0.002817172142321535,98.737647824008
933446e9a59dece7ae9175103820ca8f,381.39,57.459999999999994,2,3,2,127.13,15.065942997981068,190.695,127.13,0.0028060623749282063,98.74045388638292
9853a239ab7b7ebbdc3a21248d5b8e1f,381.0,90.00999999999999,5,5,5,76.2,23.624671916010495,76.2,76.2,0.002803192964806751,98.74325707934773
1967a9e2ad6f51802b093147d861df58,380.0,45.760000000000005,2,2,1,190.0,12.042105263157895,190.0,190.0,0.0027958355029568645,98.74605291485068
f7315bb81aea4ddca2d39e249a801c98,379.8,50.28,2,2,1,189.9,13.238546603475513,189.9,189.9,0.002794364010586887,98.74884727886126
f5b44895715ddfe3087dc414f30268f3,378.8,275.64,19,19,17,19.936842105263157,72.76663146779303,19.936842105263157,19.936842105263157,0.0027870065487370006,98.75163428541
b7ba853e9551f4558440881fd3e5c815,376.8,37.989999999999995,2,2,2,188.4,10.082271762208066,188.4,188.4,0.0027722916250372273,98.75440657703504
bd15ee794d5e640d9dd71b665b2ab15b,374.79999999999995,219.32999999999998,12,12,4,31.23333333333333,58.51921024546425,31.23333333333333,31.23333333333333,0.002757576701337454,98.75716415373638
c24173065483e421f9e5e7f599de101d,373.91,117.3,9,9,4,41.54555555555556,31.371185579417503,41.54555555555556,41.54555555555556,0.002751028560291056,98.75991518229668
404e1ba01358af4cd63f679b2c4d1fa1,373.9,177.82999999999998,8,12,7,31.15833333333333,47.5608451457609,46.7375,31.15833333333333,0.002750954985672557,98.76266613728235
101921376b577a4540dc30e9009133ca,373.0,21.49,1,1,1,373.0,5.761394101876675,373.0,373.0,0.002744333270007659,98.76541047055235
08084d990eb3f53af056ccbc1730c8a7,372.5,234.29,12,12,3,31.041666666666668,62.896644295302,31.041666666666668,31.041666666666668,0.002740654539082716,98.76815112509144
6d988d6174a2c27441597174f8905515,371.73,365.47,19,23,6,16.16217391304348,98.31598202996798,19.564736842105265,16.16217391304348,0.0027349892934583034,98.7708861143849
0bfd0b434243adc5c2e1aa6baf19c6aa,371.20000000000005,65.78999999999999,6,6,6,61.866666666666674,17.723599137931032,61.866666666666674,61.866666666666674,0.0027310898386778636,98.77361720422357
70125af26c2d6d4ef401a1d02ae7701f,371.2,258.42,5,8,3,46.4,69.61745689655173,74.24,46.4,0.002731089838677863,98.77634829406225
0f0c984a4a955310903b6b6008660bad,369.81,111.57,4,4,4,92.4525,30.169546523890645,92.4525,92.4525,0.002720862966706521,98.77906915702896
131fcb0a0c9a47bba4474aacff0f14b7,369.8,36.61,4,4,2,92.45,9.899945916711737,92.45,92.45,0.002720789392088022,98.78178994642104
916748bc99315c2d202898ae58b1617e,369.40000000000003,377.11,25,32,5,11.543750000000001,102.08716838115863,14.776000000000002,11.543750000000001,0.002717846407348068,98.78450779282839
d73cbd89533ce8b041a9190241453ac8,368.6,65.02,4,4,4,92.15,17.639717851329355,92.15,92.15,0.0027119604378681586,98.78721975326626
63191ead8d3b2f937cd1996fdcbbad20,367.0,53.29,1,1,1,367.0,14.520435967302452,367.0,367.0,0.00270018849890834,98.78991994176516
ce616e1913288884e7742faac9d981db,365.1,274.93,15,24,9,15.2125,75.30265680635442,24.34,15.2125,0.0026862093213935556,98.79260615108656
499ec63c58e51296c9cf57edcfe1c8a8,365.0,47.93,5,5,1,73.0,13.13150684931507,73.0,73.0,0.0026854735752085673,98.79529162466177
f12d3c2a14729ae461b920c11fe20fdc,364.45,94.87,9,11,4,33.13181818181818,26.031005624914254,40.49444444444444,33.13181818181818,0.0026814269711911295,98.79797305163297
4e85b538b0dad58852641540686d0e14,361.97999999999996,74.36,4,4,4,90.49499999999999,20.542571412785236,90.49499999999999,90.49499999999999,0.0026632540404219096,98.8006363056734
35ef5aa32949680f627efec3c23e705c,361.59999999999997,156.81,4,5,3,72.32,43.36559734513275,90.39999999999999,72.32,0.0026604582049189526,98.80329676387831
a435b009cd956ea60748b5cfbddf2e24,361.18,45.209999999999994,3,3,2,120.39333333333333,12.517304391162298,120.39333333333333,120.39333333333333,0.0026573680709420008,98.80595413194925
76de363de16dacc923eec8daf91df504,360.0,50.42,2,2,2,180.0,14.005555555555556,180.0,180.0,0.002648686265959135,98.8086028182152
b56828a9f9027f3c918c04ca720d9e3c,360.0,111.61000000000001,3,3,2,120.0,31.00277777777778,120.0,120.0,0.002648686265959135,98.81125150448116
fa14641f57b655e933124a9ea49cd7a5,359.92999999999995,83.06,7,7,6,51.41857142857142,23.076709360153366,51.41857142857142,51.41857142857142,0.0026481712436296424,98.8138996757248
184725737946a1a938bbbd1a9e978103,359.70000000000005,43.870000000000005,3,3,2,119.90000000000002,12.196274673338893,119.90000000000002,119.90000000000002,0.002646479027404169,98.8165461547522
03bd479e1d9484cdb14104d3023f7321,359.70000000000005,57.72,3,3,3,119.90000000000002,16.04670558798999,119.90000000000002,119.90000000000002,0.002646479027404169,98.81919263377961
1e8c6a4c538f286aee9573239740a4b4,359.7,87.12,5,5,5,71.94,24.220183486238533,71.94,71.94,0.002646479027404169,98.82183911280701
51209b446b2073894bdc0face6c73ffc,359.6,79.28,2,4,1,89.9,22.046718576195772,179.8,89.9,0.00264574328121918,98.82448485608823
3076499bbc033a927bf4a8a41bcf7fd4,359.33,124.3,7,9,7,39.925555555555555,34.592157626694124,51.332857142857144,39.925555555555555,0.0026437567665197107,98.82712861285475
173d56ffbd4c56cb80fc3615487d712b,358.0,39.61,2,2,1,179.0,11.064245810055866,179.0,179.0,0.0026339713422593616,98.82976258419701
f44bdc12aa39f5271f0b95f66cd4c289,357.5,74.57,5,7,4,51.07142857142857,20.858741258741258,71.5,51.07142857142857,0.0026302926113344186,98.83239287680834
9dd59e43f0c9f0553244e8f9c2fb247e,356.3,151.82,10,10,8,35.63,42.610159977547006,35.63,35.63,0.0026214636571145547,98.83501434046546
24c1de8d9551c0b4fbc53317d53efda8,355.0,57.12,1,1,1,355.0,16.090140845070422,355.0,355.0,0.0026118989567097024,98.83762623942218
761681a821d8275bc79f552116d06869,354.92,159.98000000000002,3,3,3,118.30666666666667,45.07494646680942,118.30666666666667,118.30666666666667,0.0026113103597617112,98.84023754978195
9b00cad94ef3078faf6fba2e792c158f,354.9,18.92,1,1,1,354.9,5.331079177233025,354.9,354.9,0.0026111632105247132,98.84284871299248
8fd3b4468f6425810648177996c14cbd,354.9,21.67,1,1,1,354.9,6.105945336714568,354.9,354.9,0.0026111632105247132,98.84545987620301
b88e7c57cb2d8b973b7dd4a2bfa14b36,353.9,65.77,4,4,3,88.475,18.584345860412547,88.475,88.475,0.002603805748674827,98.84806368195169
de66a66f2dd06bb9ec37aa96987466a3,353.32,115.66,7,8,2,44.165,32.7351975546247,50.47428571428571,44.165,0.002599538420801893,98.85066322037248
b67d6c666e8dce1d078c882825e12704,352.84,104.19,7,8,6,44.105,29.528964969958054,50.40571428571428,44.105,0.0025960068391139473,98.8532592272116
cbbd5ae8f53de5f5097cd8217b529e24,351.8,70.44999999999999,2,2,1,175.9,20.025582717453094,175.9,175.9,0.0025883550787900657,98.85584758229038
52092ddbd3a58c450a4459bf051b2287,351.7,75.35,6,6,4,58.61666666666667,21.42450952516349,58.61666666666667,58.61666666666667,0.0025876193326050765,98.85843520162298
e53d5b9b29d1218281f4a907ada18626,350.67,133.25,4,5,4,70.134,37.99868822539709,87.6675,70.134,0.002580041146899694,98.86101524276988
97e4a63591ca439a2b8b7efd20e6e19e,349.95,78.55,5,5,2,69.99,22.446063723389056,69.99,69.99,0.0025747437743677756,98.86358998654426
ad87df7699e83b8a91822a4a0b765c3a,349.9,88.72,6,7,5,49.98571428571428,25.355815947413546,58.31666666666666,49.98571428571428,0.002574375901275281,98.86616436244553
52bb00821bcdd358a5a5a27e1f6be5a1,349.8,38.629999999999995,2,2,2,174.9,11.043453401943966,174.9,174.9,0.0025736401550902925,98.86873800260062
079d295dcbf06ee8bb1b65ba964eb2b6,349.3,190.79,5,10,3,34.93,54.62066991125107,69.86,34.93,0.0025699614241653495,98.8713079640248
27a56ff04b34c2ba34ce6ba4d3b9d616,349.28999999999996,102.98,8,8,7,43.661249999999995,29.482664834378312,43.661249999999995,43.661249999999995,0.0025698878495468503,98.87387785187434
5c603ffb38cbbf25a0e0698941324143,348.8,44.81,2,2,2,174.4,12.846903669724771,174.4,174.4,0.002566282693240406,98.87644413456758
249f0e9905a6e06ad6c6bea7547ab9f6,347.95,39.04,3,3,3,115.98333333333333,11.220002873976147,115.98333333333333,115.98333333333333,0.0025600288506680024,98.87900416341824
0747d5bb69f0586cc869d8af4c50f93e,346.59999999999997,208.89,14,15,10,23.106666666666666,60.26832083092902,24.757142857142856,23.106666666666666,0.0025500962771706557,98.88155425969542
918717417d88a9f9ae9735567e6c7682,345.70000000000005,43.52,4,4,3,86.42500000000001,12.588949956609778,86.42500000000001,86.42500000000001,0.002543474561505758,98.88409773425693
48efc9d94a9834137efd9ea76b065a38,345.6,320.40000000000003,33,34,17,10.164705882352942,92.70833333333334,10.472727272727273,10.164705882352942,0.0025427388153207693,98.88664047307225
38af8acfd46ac4a7bf754e8ca6736664,345.0,52.94,5,5,2,69.0,15.344927536231884,69.0,69.0,0.002538324338210837,98.88917879741045
a37c340b91cb0169e8b029db6440fba2,345.0,94.95,5,5,1,69.0,27.521739130434785,69.0,69.0,0.002538324338210837,98.89171712174866
26b482dccfa29bd2e40703ba45523702,344.78,67.63,3,4,3,86.195,19.61540692615581,114.92666666666666,86.195,0.0025367056966038625,98.89425382744525
3985a3c45be355a4c57fde108bfabd1c,344.2,172.0,7,8,5,43.025,49.97094712376525,49.17142857142857,43.025,0.002532438368730928,98.89678626581399
7957cac1a02f45d0a4a7e45626382ec2,343.0,21.64,1,1,1,343.0,6.309037900874635,343.0,343.0,0.0025236094145110644,98.8993098752285
2a73cba571d90c694b7caca072ccf6ce,342.78,38.7,1,2,1,171.39,11.29004025905829,342.78,171.39,0.0025219907729040893,98.9018318660014
b9ec22de23f18567de0e09d776ca0309,341.98,40.49,2,2,2,170.99,11.839873676823206,170.99,170.99,0.0025161048034241804,98.90434797080482
89de2d6f23e9746ff309705b23581faa,340.0,160.08,8,8,4,42.5,47.082352941176474,42.5,42.5,0.0025015370289614047,98.90684950783378
ae8bfdbf1c2a2a2dee92d799db0a31c6,339.92,146.22,8,8,6,42.49,43.016003765591904,42.49,42.49,0.002500948432013414,98.9093504562658
5ca5d579b5857ee8709479b1047cecc3,339.89,23.990000000000002,2,2,2,169.945,7.058165877195564,169.945,169.945,0.002500727708157917,98.91185118397395
a2e85714b56b1cb6bb24a9a6e6cad36f,339.70000000000005,40.74,2,3,3,113.23333333333335,11.992934942596408,169.85000000000002,113.23333333333335,0.0024993297904064393,98.91435051376436
8fff28c4263ddec387f28d237fb42773,339.4,82.28,4,6,4,56.56666666666666,24.24278137890395,84.85,56.56666666666666,0.002497122551851473,98.91684763631622
2f4b0d3b9634b647d4edee577d7ebb7e,337.9,84.41,10,11,3,30.718181818181815,24.980763539508732,33.79,30.718181818181815,0.002486086359076643,98.91933372267529
0743a0239d764b9a0f959a57d07e36ab,336.96,66.26,4,4,2,84.24,19.664055080721752,84.24,84.24,0.0024791703449377495,98.92181289302023
4e42581f08e8cfc7c090f930bac4552a,336.0,117.8,3,4,3,84.0,35.05952380952381,112.0,84.0,0.0024721071815618587,98.92428500020179
a64e44665225d19dfc0277eeeaaccc57,335.0,91.76,6,6,3,55.833333333333336,27.391044776119404,55.833333333333336,55.833333333333336,0.0024647497197119723,98.9267497499215
333c4210e76a1aa2ab817b99437e3ff1,335.0,67.43,2,2,2,167.5,20.128358208955227,167.5,167.5,0.0024647497197119723,98.9292144996412
c8660dcf9ba70575f45d80fe28c27713,335.0,103.99,4,7,2,47.857142857142854,31.04179104477612,83.75,47.857142857142854,0.0024647497197119723,98.93167924936091
2c538755f1ca9540af144f266e70df6c,334.99,24.92,1,1,1,334.99,7.439028030687483,334.99,334.99,0.0024646761450934735,98.934143925506
3a3e46d10f74d8a6ca76e2b538f106a0,334.9,75.08,3,6,3,55.81666666666666,22.418632427590328,111.63333333333333,55.81666666666666,0.002464013973526984,98.93660793947953
61b18775be84fb700a6b2d0ba097bf66,334.5,101.51,4,5,4,66.9,30.34678624813154,83.625,66.9,0.0024610709887870293,98.93906901046832
7c4618c82226628831613e95e9c22f44,333.92999999999995,165.54,13,13,5,25.686923076923073,49.573263857694734,25.686923076923073,25.686923076923073,0.0024568772355325935,98.94152588770385
c113b8df1fc375bc3d73d29c1b1144d1,333.0,67.87,3,5,2,66.6,20.381381381381384,111.0,66.6,0.0024500347960121995,98.94397592249986
76d336555bb25f3165d2f0d6da719c40,330.0,23.63,2,2,1,165.0,7.16060606060606,165.0,165.0,0.00242796241046254,98.94640388491032
d7b2377bae6ace1b11fc69a11900ac36,329.6,51.96,4,4,4,82.4,15.764563106796114,82.4,82.4,0.0024250194257225857,98.94882890433605
09883d9ab71c8fe8a9bfc7fc3075b07e,329.5,76.67,5,5,5,65.9,23.268588770864948,65.9,65.9,0.002424283679537597,98.95125318801558
d36b07fd3c5088e477a72d1fccfe29d4,328.9,10.96,1,1,1,328.9,3.332319854058985,328.9,328.9,0.0024198692024276647,98.95367305721801
f18112da765e0971ca5d510dec322bdd,327.8,82.95,2,2,2,163.9,25.305064063453326,163.9,163.9,0.00241177599439279,98.9560848332124
4b98b0428fc1932cc2514ef9ce2505e6,327.63,35.8,2,2,2,163.815,10.926960290571682,163.815,163.815,0.002410525225878309,98.95849535843828
08d0949a9a17c027262db1f3c450c26c,324.8,233.04000000000002,12,12,9,27.066666666666666,71.7487684729064,27.066666666666666,27.066666666666666,0.0023897036088431304,98.96088506204713
6bd503a8230299c9316fb0f726933927,324.28999999999996,129.6,4,5,5,64.85799999999999,39.96422954762713,81.07249999999999,64.85799999999999,0.002385951303299688,98.96327101335042
7dea6f73af847b42cc3985bd620f994d,324.0,56.17,2,2,2,162.0,17.33641975308642,162.0,162.0,0.002383817639363221,98.96565483098979
c79151301b9d90985d1fa52879213105,322.3,130.81,4,8,3,40.2875,40.58641017685386,80.575,40.2875,0.002371309954218414,98.968026140944
92d14edfb62ee5ae7fdff70b0f4e7233,322.0,165.65,8,13,5,24.76923076923077,51.444099378881994,40.25,24.76923076923077,0.0023691027156634483,98.97039524365967
a81466620e46a6970b22ef40379fdfc9,321.8,32.98,2,2,1,160.9,10.248601615910502,160.9,160.9,0.0023676312232934708,98.97276287488296
7b7ed56ae755e2880f2b69632e839c1e,321.5,135.1,5,5,4,64.3,42.02177293934681,64.3,64.3,0.002365423984738505,98.9751282988677
d149de2f383552baea37a7198c2296ce,320.70000000000005,33.67,3,3,2,106.90000000000002,10.498908637355783,106.90000000000002,106.90000000000002,0.002359538015258596,98.97748783688296
d2f3e277560ed4c6361284429b00f037,320.55,134.11,7,7,7,45.792857142857144,41.83746685384496,45.792857142857144,45.792857142857144,0.002358434395981113,98.97984627127894
4f40d2ed38d1cc945364a7cd202a82c7,319.9,16.99,1,1,1,319.9,5.311034698343232,319.9,319.9,0.0023536520457786863,98.98219992332473
eb9267cccc90f1b49c8d2f9887c7dd97,319.9,26.37,1,1,1,319.9,8.243201000312599,319.9,319.9,0.0023536520457786863,98.98455357537051
883dd81e82754ac2c65e9790a7db8c9a,319.5,74.96000000000001,5,5,4,63.9,23.461658841940537,63.9,63.9,0.002350709061038732,98.98690428443155
c611f4ce9ce875bcc063fa97fd4d7d12,319.0,13.25,1,1,1,319.0,4.153605015673981,319.0,319.0,0.0023470303301137887,98.98925131476166
ea1776927851da2532aa70d6a32c095a,318.8,53.519999999999996,3,3,3,106.26666666666667,16.787954830614805,106.26666666666667,106.26666666666667,0.0023455588377438116,98.9915968735994
1e9d5a33694bddb76316fd1f54734d20,318.0,150.94,2,2,2,159.0,47.465408805031444,159.0,159.0,0.0023396728682639023,98.99393654646767
57d2ba47f7a3209aa347532ae75c1165,318.0,140.24,2,2,2,159.0,44.100628930817614,159.0,159.0,0.0023396728682639023,98.99627621933593
2d22fc3089eb907b29ebff50581fb472,317.70000000000005,59.69,3,3,1,105.90000000000002,18.788164935473713,105.90000000000002,105.90000000000002,0.002337465629708937,98.99861368496563
ea4e9ce63a2134743b4a92777437fcdd,316.6,65.7,3,4,3,79.15,20.751737207833227,105.53333333333335,79.15,0.0023293724216740612,99.0009430573873
9cf787a239c1aa29dbd76f153dc13f9a,316.0,52.400000000000006,4,4,2,79.0,16.58227848101266,79.0,79.0,0.0023249579445641295,99.00326801533187
cf1313c6e2c01c2f4b014f97db4bcd2b,315.70000000000005,81.3,5,5,3,63.14000000000001,25.752296484003796,63.14000000000001,63.14000000000001,0.0023227507060091636,99.00559076603788
3b18f9856c6eb2413eafedb58e9eecd9,315.0,20.09,1,1,1,315.0,6.377777777777778,315.0,315.0,0.002317600482714243,99.0079083665206
da20530872245d6cd9d2f5725613c430,314.96000000000004,79.25999999999999,2,3,2,104.98666666666668,25.16510033020066,157.48000000000002,104.98666666666668,0.0023173061842402475,99.01022567270483
12c2ed9cded6138cf0c75f525f565fc7,314.96,51.05,4,4,4,78.74,16.208407416814836,78.74,78.74,0.002317306184240247,99.01254297888907
9ac4f14370b1e24ddc58be041b7f99df,314.51,122.14,5,5,5,62.902,38.83501319512893,62.902,62.902,0.0023139953264077985,99.01485697421548
8c9348f33ae3dada25c99c99ade2af78,312.99,51.94,2,2,2,156.495,16.594779385922873,156.495,156.495,0.002302811984395971,99.01715978619987
5f0057b677eb963672bf05dfa3f16c34,312.88,67.01,5,5,5,62.576,21.417156737407314,62.576,62.576,0.002302002663592483,99.01946178886347
3afc536624bc2e65bddfb5db33cc01f3,312.0,107.07000000000001,6,6,1,52.0,34.31730769230769,52.0,52.0,0.0022955280971645835,99.02175731696063
1acde099eb406aa220b1169b188b42da,311.1,147.4,9,10,9,31.110000000000003,47.38026358084217,34.56666666666667,31.110000000000003,0.0022889063814996854,99.02404622334213
df47da4ae86fa4db890d05aaf24e21d8,310.5,77.18,5,5,2,62.1,24.856682769726252,62.1,62.1,0.0022844919043897537,99.02633071524652
ba89796db68db180bd389de96b2ff3b6,309.8,43.46,2,2,2,154.9,14.028405422853455,154.9,154.9,0.002279341681094833,99.0286100569276
0cab2da43793a6f3c5ed8514c5f54627,309.70000000000005,57.2,3,3,2,103.23333333333335,18.46948659993542,103.23333333333335,103.23333333333335,0.002278605934909845,99.03088866286251
ebd1417732defaf66c50b5a800eb293e,309.0,16.33,1,1,1,309.0,5.284789644012944,309.0,309.0,0.002273455711614924,99.03316211857413
152ee17e4c8aaf53dac99f3462e4999b,308.96000000000004,95.97,6,6,3,51.49333333333334,31.062273433454163,51.49333333333334,51.49333333333334,0.0022731614131409287,99.03543527998727
1b45169b635ef59425637e9a33eb5fb3,308.9,110.45,7,8,6,38.6125,35.755908060861124,44.128571428571426,38.6125,0.002272719965429935,99.0377079999527
dbbcfe2c8d026742134ac3e28ccde274,308.59000000000003,54.379999999999995,4,4,4,77.14750000000001,17.622087559545026,77.14750000000001,77.14750000000001,0.0022704391522564704,99.03997843910496
b127efdabeffb5d559349c7b172eb75d,308.5,112.77,10,10,10,30.85,36.55429497568882,30.85,30.85,0.002269776980689981,99.04224821608565
85cc55e048b6bcc90c75afe7f0e72f72,308.28,193.48,9,9,6,34.25333333333333,62.76112624886467,34.25333333333333,34.25333333333333,0.0022681583390830053,99.04451637442473
a7a9b880c49781da66651ccf4ba9ac38,307.6,65.47,3,4,4,76.9,21.28413524057217,102.53333333333335,76.9,0.002263155265025083,99.04677952968976
9c3c24eca51c52b91c1de727d2a2ae06,307.5,113.66,6,6,3,51.25,36.96260162601626,51.25,51.25,0.0022624195188400945,99.0490419492086
48bad451945f5227341793478d6353ea,307.0,77.49000000000001,3,3,2,102.33333333333333,25.241042345276878,102.33333333333333,102.33333333333333,0.002258740787915151,99.05130068999651
e94b64dc6979b302a5a5be1662c83bb6,306.89,31.740000000000002,2,2,2,153.445,10.342467985271597,153.445,153.445,0.002257931467111663,99.05355862146362
bc39d8938f90a3a2b98193723ed59774,306.8,22.31,2,2,1,153.4,7.271838331160365,153.4,153.4,0.002257269295545174,99.05581589075916
6d2f2e3b539480db1e0842b3a4e32e6e,305.96,168.3,3,6,2,50.99333333333333,55.007190482416014,101.98666666666666,50.99333333333333,0.002251089027591269,99.05806697978676
085f6f7e049c996695fb2074fe38d45e,305.4,130.56,6,8,6,38.175,42.750491159135564,50.9,38.175,0.0022469688489553325,99.06031394863571
c76d418370990614e89e956c7a7567d9,305.24,64.53,2,2,1,152.62,21.140741711440178,152.62,152.62,0.0022457916550593505,99.06255974029077
51f108f62cb87d61918159902c8f8583,303.73,75.03,3,3,2,101.24333333333334,24.702861093734565,101.24333333333334,101.24333333333334,0.0022346818876660224,99.06479442217844
25debeafbce801fdd479539350185eee,302.84000000000003,100.01,6,7,3,43.26285714285715,33.024039096552634,50.473333333333336,43.26285714285715,0.0022281337466196235,99.06702255592505
ad75519a07f039025e83795a4418470f,302.1,115.82000000000001,3,9,3,33.56666666666667,38.33829857663025,100.7,33.56666666666667,0.0022226892248507074,99.0692452451499
a3082f442524a1be452e3189e003b361,301.6,97.65,3,4,3,75.4,32.37732095490716,100.53333333333335,75.4,0.002219010493925764,99.07146425564383
2b3b9ce054da76a7428df143a567b156,301.0,62.28,5,6,3,50.166666666666664,20.691029900332225,60.2,50.166666666666664,0.002214596016815832,99.07367885166065
3dc69bf2c42f0568a5c4791ec3fd3745,300.0,34.43,2,2,1,150.0,11.476666666666667,150.0,150.0,0.0022072385549659454,99.0758860902156
2b402d5dc42554061f8ea98d1916f148,299.89,63.9,1,1,1,299.89,21.307812864717064,299.89,299.89,0.002206429234162458,99.07809251944977
69a43819c758c65a5befb0b471c954d7,299.85,100.91,2,3,3,99.95,33.65349341337335,149.925,99.95,0.0022061349356884627,99.08029865438546
3606774ec64634822d78dc2db6d37045,299.8,45.400000000000006,2,2,2,149.9,15.143428952635091,149.9,149.9,0.0022057670625959683,99.08250442144805
ea3ebea5317b0efbc663ecc8ce5e9bc2,299.70000000000005,57.65,3,3,3,99.90000000000002,19.2359025692359,99.90000000000002,99.90000000000002,0.00220503131641098,99.08470945276446
6d1b9c9579132c87d2703ec38c30f2c5,299.69,67.7,4,4,3,74.9225,22.59000967666589,74.9225,74.9225,0.0022049577417924808,99.08691441050625
7fe21dd00d2f4943ae09525efa2fd674,299.6,57.36,4,4,4,74.9,19.145527369826436,74.9,74.9,0.002204295570225991,99.08911870607648
71593c7413973a1e160057b80d4958f6,299.5,45.85,2,5,2,59.9,15.308848080133556,149.75,59.9,0.002203559824041002,99.09132226590052
b76f4d90e85657a240495c876313adc5,299.0,19.3,1,1,1,299.0,6.45484949832776,299.0,299.0,0.002199881093116059,99.09352214699364
f00f5b35d0abcacbdd863672f4bb2c1a,299.0,14.43,1,1,1,299.0,4.826086956521739,299.0,299.0,0.002199881093116059,99.09572202808675
a8739afb32aaa45e01815ca76f76f54b,298.83,264.73,13,15,8,19.922,88.58882976943414,22.986923076923077,19.922,0.0021986303246015783,99.09792065841135
9d489893ff6af05029671b785f54b998,298.7,102.53999999999999,5,6,5,49.78333333333333,34.328757951121524,59.739999999999995,49.78333333333333,0.002197673854561093,99.10011833226592
b76a1f8356322f12529c37b67d5c96c2,298.5,56.39,5,5,5,59.7,18.89112227805695,59.7,59.7,0.0021962023621911156,99.1023145346281
666658b8da8370f30e1f89893b1de5e6,298.0,23.34,1,2,1,149.0,7.832214765100671,298.0,149.0,0.0021925236312661726,99.10450705825937
e603cf3fec55f8697c9059638d6c8eb5,297.0,185.47,8,11,1,27.0,62.44781144781145,37.125,27.0,0.002185166169416286,99.10669222442878
c5ebe6598748b0aeaa61cfb820478b92,297.0,40.17,3,3,3,99.0,13.525252525252526,99.0,99.0,0.002185166169416286,99.1088773905982
0ec28cec4046a4a199b6de9b4c891d97,296.6,56.04,3,4,2,74.15,18.89413351314902,98.86666666666667,74.15,0.0021822231846763316,99.11105961378287
508808d438fe2ff972ed13bb8f4a82e2,294.83,122.64,10,11,10,26.80272727272727,41.596852423430455,29.482999999999997,26.80272727272727,0.0021692004772020323,99.11322881426007
55c96925041a14097b6a7825554f4ad5,294.8,188.57,6,10,6,29.48,63.96540027137042,49.13333333333333,29.48,0.002168979753346536,99.11539779401342
a806a4bb063ea7ca6d374eafa50a6058,294.4,110.87,5,6,5,49.06666666666666,37.65964673913044,58.879999999999995,49.06666666666666,0.0021660367686065812,99.11756383078202
9b1ab052f5fca308ba743ac789ebb2e1,294.09000000000003,31.99,2,2,2,147.04500000000002,10.87762249651467,147.04500000000002,147.04500000000002,0.0021637559554331166,99.11972758673745
2bf28e311bba65237358230cabac3f15,294.0,183.88,7,8,6,36.75,62.544217687074834,42.0,36.75,0.0021630937838666266,99.12189068052132
2f4b9d112bfa44a214bc6cef085d17c8,293.99,119.27000000000001,5,6,3,48.998333333333335,40.569407122691246,58.798,48.998333333333335,0.002163020209248128,99.12405370073057
9d39404483343dd55c7ae254494d8388,293.2,141.07999999999998,10,10,4,29.32,48.11732605729877,29.32,29.32,0.0021572078143867173,99.12621090854496
5dc4bdaf869e8c77c648078cbe8d59c2,292.99,34.5,1,1,1,292.99,11.775145909416704,292.99,292.99,0.0021556627473982414,99.12836657129236
48b6c3f4c6a93171da04b75313f2130f,290.26,37.8,2,2,2,145.13,13.022807138427616,145.13,145.13,0.0021355768765480513,99.13050214816892
ede2977fbaf3738583170735ca403f6c,289.9,37.35,1,1,1,289.9,12.883753018282167,289.9,289.9,0.002132928190282092,99.1326350763592
aadfe0417e61315688b6bd7043361e25,289.9,14.28,1,1,1,289.9,4.925836495343222,289.9,289.9,0.002132928190282092,99.13476800454947
f410c8873029fcc3809b9df6d0b28914,289.8,37.3,2,2,2,144.9,12.87094547964113,144.9,144.9,0.0021321924440971035,99.13690019699357
4dc646b9b9e8e411ef48ba000ea3ac6f,289.7,63.56,4,5,4,57.94,21.93993786675872,72.425,57.94,0.0021314566979121147,99.13903165369148
aded58c8142dedc5494a81f948431fab,289.5,89.98,4,5,4,57.9,31.08117443868739,72.375,57.9,0.002129985205542137,99.14116163889702
adbe70ab2c97442046d393988c8d1d27,289.5,65.15,5,5,2,57.9,22.504317789291882,57.9,57.9,0.002129985205542137,99.14329162410256
04ee0ec01589969663ba5967c0e0bdc0,289.49,24.83,1,1,1,289.49,8.577152924107914,289.49,289.49,0.0021299116309236384,99.14542153573348
d1e2fe627180431ffda076abb303c56f,289.0,9.05,1,1,1,289.0,3.1314878892733566,289.0,289.0,0.002126306474617194,99.1475478422081
392353362d22cc2c236e1ee81ff19890,288.7,191.97,5,10,3,28.869999999999997,66.49463110495324,57.739999999999995,28.869999999999997,0.0021240992360622283,99.14967194144415
bbe87dce25ba8b38bb61cc7210a3f10b,287.0,68.39,2,2,2,143.5,23.829268292682926,143.5,143.5,0.0021115915509174214,99.15178353299507
ce20a2ec1514c25e16f2b5b39bc818f0,287.0,209.03,4,7,3,41.0,72.83275261324042,71.75,41.0,0.0021115915509174214,99.15389512454598
615005a3ef192c00c6f0e977cee3d2bc,286.5,155.64,10,11,2,26.045454545454547,54.32460732984292,28.65,26.045454545454547,0.002107912819992478,99.15600303736598
e83e93b71371817b11d78a63ff156aee,286.0,87.38000000000001,2,3,2,95.33333333333333,30.552447552447553,143.0,95.33333333333333,0.0021042340890675346,99.15810727145505
a9ae440659f48b7849df83e82734150b,285.0,27.02,1,1,1,285.0,9.480701754385965,285.0,285.0,0.002096876627217648,99.16020414808227
e628d4a53c109f09ca88098338b3a3f5,285.0,58.9,1,1,1,285.0,20.666666666666668,285.0,285.0,0.002096876627217648,99.16230102470949
10264f60a8f0a4d2f30810f5c661c673,284.6,41.86,4,4,2,71.15,14.70836261419536,71.15,71.15,0.002093933642477694,99.16439495835198
86bf77bdb52e615674772d5817c6212f,281.8,97.58,4,5,3,56.36,34.627395315826824,70.45,56.36,0.0020733327492980114,99.16646829110128
83c465a786b06574376909b35ef6752a,281.4,49.06,3,3,2,93.8,17.434257285003557,93.8,93.8,0.002070389764558057,99.16853868086584
b8a0adc91af209270c2c725168eb00fd,281.4,107.09,6,6,6,46.9,38.05614783226724,46.9,46.9,0.002070389764558057,99.17060907063039
d5c530f4884a75ae0dba9c148718d278,280.88,164.05,6,9,6,31.20888888888889,58.40572486471092,46.81333333333333,31.20888888888889,0.002066563884396116,99.17267563451479
579891617139df7d8671d373f0669622,280.3,128.2,8,8,7,35.0375,45.73671066714235,35.0375,35.0375,0.0020622965565231816,99.1747379310713
4e0d109ccfba9a1151c103049880c857,279.89,67.84,2,2,2,139.945,24.238093536746582,139.945,139.945,0.002059279997164728,99.17679721106848
58e4b302b54937e55a678c4d15111da4,279.79,49.06,3,3,3,93.26333333333334,17.534579506058115,93.26333333333334,93.26333333333334,0.00205854425097974,99.17885575531946
19a7c9f66ffa6452ff4b4c0cca71da27,279.0,59.74,1,1,1,279.0,21.412186379928315,279.0,279.0,0.0020527318561183294,99.18090848717559
d2572f31e9023e9850ef986a636ff9bf,279.0,26.69,1,1,1,279.0,9.5663082437276,279.0,279.0,0.0020527318561183294,99.18296121903171
debe6615cd90cc0c2eac2b8988e1f628,278.5,95.53,5,5,3,55.7,34.3016157989228,55.7,55.7,0.002049053125193386,99.1850102721569
4d6fb82c629c7a5028bfd973c07b05e0,278.0,49.43,2,2,1,139.0,17.780575539568343,139.0,139.0,0.002045374394268443,99.18705564655117
fb8904a8ea99f8831b64ce27db2c1765,278.0,24.36,2,2,2,139.0,8.762589928057555,139.0,139.0,0.002045374394268443,99.18910102094544
94c49f20a123aeb9360dbf80ff912bf6,277.75,61.540000000000006,3,3,2,92.58333333333333,22.15661566156616,92.58333333333333,92.58333333333333,0.002043535028805971,99.19114455597425
ab9db4cf53b08b828b64dccaafc2d9f0,277.67,125.76,5,5,4,55.534000000000006,45.29117297511434,55.534000000000006,55.534000000000006,0.0020429464318579803,99.1931875024061
e46bc031f2c5bae4ccb40bb90712e9b4,277.3,50.09,1,1,1,277.3,18.063469166967185,277.3,277.3,0.0020402241709735224,99.19522772657707
32f1bb9dfa65bc7df5c0d9d95a616be4,276.39,55.78,5,6,5,46.065,20.181627410543072,55.278,46.065,0.0020335288806901256,99.19726125545776
15ead3a5037a918ddb520dfe39a3d2b9,275.5,158.45,7,8,8,34.4375,57.51361161524501,39.357142857142854,34.4375,0.0020269807396437267,99.1992882361974
2ee0a0689f2f6a72f35a7cb6033f6e7e,272.0,52.84,4,4,2,68.0,19.426470588235293,68.0,68.0,0.002001229623169124,99.20128946582058
f682e0f848abafc6f41e0d4e868c66ef,269.98,34.02,2,2,2,134.99,12.600933402474258,134.99,134.99,0.0019863675502323533,99.20327583337081
bab0a8cd684e41ba6e2637dca0979d3b,269.9,19.14,1,1,1,269.9,7.09151537606521,269.9,269.9,0.001985778953284362,99.2052616123241
9a208dee8f95cfdf00760c4d627828ec,269.9,26.09,1,1,1,269.9,9.666543164134865,269.9,269.9,0.001985778953284362,99.20724739127738
87d73636a3acf123e842bb890a4db036,269.9,43.71,1,1,1,269.9,16.194886995183403,269.9,269.9,0.001985778953284362,99.20923317023066
dcf3755cefcdc158ad0b7bdde51e871b,269.70000000000005,89.33,3,3,3,89.90000000000002,33.12198739340006,89.90000000000002,89.90000000000002,0.0019843074609143855,99.21121747769158
6bb66d9870c2e01c05655c7ed0e7ee13,269.0,52.02,3,3,1,89.66666666666667,19.338289962825282,89.66666666666667,89.66666666666667,0.0019791572376194645,99.21319663492919
58c851d1a3c7cd3da329eb59453fed44,268.99,24.270000000000003,2,2,1,134.495,9.022640246849326,134.495,134.495,0.0019790836630009657,99.21517571859219
184a67a8f9f63234d3a92340bbdb727f,268.66,208.34,8,11,7,24.423636363636366,77.54782997096702,33.5825,24.423636363636366,0.0019766557005905035,99.21715237429278
830379336fad8c6f3b15a4a3ddb5c66e,268.0,170.38,2,4,2,67.0,63.57462686567163,134.0,67.0,0.001971799775769578,99.21912417406855
f9bbdd976532d50b7816d285a22bd01e,268.0,30.369999999999997,2,2,2,134.0,11.332089552238806,134.0,134.0,0.001971799775769578,99.22109597384433
4be2e7f96b4fd749d52dff41f80e39dd,267.0,32.84,1,1,1,267.0,12.299625468164797,267.0,267.0,0.0019644423139196917,99.22306041615825
65a7c0788e4d632ccb5e1b594b87f0bb,266.7,117.42,3,9,6,29.633333333333333,44.02699662542183,88.89999999999999,29.633333333333333,0.001962235075364726,99.22502265123362
5236605f4d4b0b3e4df85b850393fca0,265.3,82.18,5,5,4,53.06,30.976253298153033,53.06,53.06,0.0019519346287748846,99.2269745858624
483ca627d131e18f988349b1655c0acd,264.0,19.73,1,1,1,264.0,7.473484848484849,264.0,264.0,0.001942369928370032,99.22891695579077
5c853bb56f70f4d14218944bae111d7a,263.13,251.06,23,24,12,10.96375,95.4129137688595,11.440434782608696,10.96375,0.0019359689365606308,99.23085292472733
f8d5c7085db9a4ad2b8c1ffbeb2798c8,263.0,100.41,6,6,5,43.833333333333336,38.1787072243346,43.833333333333336,43.833333333333336,0.0019350124665201457,99.23278793719385
53088c75f948b48a7ece173ac17f0c12,261.70000000000005,54.53,3,3,2,87.23333333333335,20.83683607183798,87.23333333333335,87.23333333333335,0.0019254477661152937,99.23471338495996
252e76235acb79183cfca6e34f13337d,261.2,60.57,3,4,4,65.3,23.189127105666156,87.06666666666666,65.3,0.0019217690351903498,99.23663515399515
6da1992f915d77be95d7fa48b36904af,261.0,122.66,7,9,1,29.0,46.996168582375475,37.285714285714285,29.0,0.0019202975428203727,99.23855545153798
aa762680c40618316a896838866140ea,261.0,62.46,3,3,1,87.0,23.93103448275862,87.0,87.0,0.0019202975428203727,99.2404757490808
21d59342ba150175ca2aa4f8faddeca6,259.9,74.39,2,2,2,129.95,28.622547133512892,129.95,129.95,0.0019122043347854973,99.24238795341559
92c8bc6e8f925792247656fed09aad65,259.7,39.870000000000005,3,3,3,86.56666666666666,15.352329611089722,86.56666666666666,86.56666666666666,0.00191073284241552,99.244298686258
984c273121e743dd14767befe6cb17f5,259.6,21.31,1,1,1,259.6,8.208782742681047,259.6,259.6,0.0019099970962305317,99.24620868335424
800214c63934acd05d47e84214db8ba8,259.6,61.74,4,4,4,64.9,23.782742681047765,64.9,64.9,0.0019099970962305317,99.24811868045047
bdb3edbaee43a761e2d4f258dc08f348,259.5,68.86,5,5,3,51.9,26.53564547206166,51.9,51.9,0.001909261350045543,99.25002794180052
c9e5ad1f6647f5dbd1172adf6ae3cada,259.03,60.95,4,4,3,64.7575,23.530093039416286,64.7575,64.7575,0.001905803342976096,99.2519337451435
5e25c632f9db6cfb8bc100421c2737b6,259.0,19.91,1,1,1,259.0,7.687258687258687,259.0,259.0,0.0019055826191205997,99.25383932776262
1e26c56af8d48424e1df0140a2401f83,258.9,33.49,2,2,2,129.45,12.93549633062959,129.45,129.45,0.001904846872935611,99.25574417463555
a0e19590a0923cdd0614ea9427713ced,258.3,139.12,2,7,1,36.9,53.85985288424313,129.15,36.9,0.0019004323958256792,99.25764460703138
f543ba3c973276f519d89d59bd46cead,258.0,164.04000000000002,2,2,1,129.0,63.58139534883722,129.0,129.0,0.0018982251572707133,99.25954283218866
0af977692321d895349eded183341d28,257.75,19.47,2,2,2,128.875,7.553831231813772,128.875,128.875,0.0018963857918082416,99.26143921798047
7d294cf9a6a69dc6a0c3e540fff0e039,257.25,194.13,5,5,1,51.45,75.46355685131195,51.45,51.45,0.0018927070608832984,99.26333192504136
31eec405c9bb71dec8e2629a92e764fa,256.89,170.24,5,5,5,51.378,66.2696095605123,51.378,51.378,0.0018900583746173391,99.26522198341597
6f1a1263039c76e68f40a8e536b1da6a,256.39,100.45,4,7,1,36.62714285714286,39.178595109013614,64.0975,36.62714285714286,0.0018863796436923957,99.26710836305966
ebef8d8c92b4fd3226e5d407bbff21ac,253.70000000000002,48.36,3,3,3,84.56666666666668,19.061884115096568,84.56666666666668,84.56666666666668,0.0018665880713162014,99.26897495113099
88ef59b51bdaa941d10a853429f2b6ce,252.9,41.8,2,2,2,126.45,16.528272044286275,126.45,126.45,0.0018607021018362923,99.27083565323282
446cc09cdbb130904da114e807dbec40,252.8,54.17,3,3,3,84.26666666666667,21.428006329113924,84.26666666666667,84.26666666666667,0.0018599663556513036,99.27269561958848
7f35f9daf223da737b78738fbae4d977,252.0,101.01,5,5,2,50.4,40.083333333333336,50.4,50.4,0.001854080386171394,99.27454969997464
e88c9b79e592e370d6bd852eeefbf057,251.87,142.10999999999999,8,9,7,27.985555555555557,56.42196371143844,31.48375,27.985555555555557,0.001853123916130909,99.27640282389078
ae45ad30c2d2e5913094769690a239d2,251.8,31.26,1,2,1,125.9,12.414614773629864,251.8,125.9,0.0018526088938014172,99.27825543278458
e88f7a2995ba184710d339c5c4bf2e30,251.6,35.91,2,2,1,125.8,14.272655007949126,125.8,125.8,0.0018511374014314396,99.280106570186
85ecf03781da592876b7844acc1b729f,251.0,43.9,2,2,2,125.5,17.49003984063745,125.5,125.5,0.0018467229243215076,99.28195329311033
46ef1a25845fc051c2998d878354810c,250.41,98.04,5,5,4,50.082,39.151791062657246,50.082,50.082,0.0018423820218300747,99.28379567513217
8ccf3cf69651cc1d8a02c8bfaf3b8568,250.0,38.629999999999995,2,2,1,125.0,15.451999999999998,125.0,125.0,0.0018393654624716213,99.28563504059464
b2bdc5e7940a7d7ca8c4a37953b27a42,250.0,62.49,1,1,1,250.0,24.996000000000002,250.0,250.0,0.0018393654624716213,99.28747440605711
001e6ad469a905060d959994f1b41e4f,250.0,17.94,1,1,1,250.0,7.176,250.0,250.0,0.0018393654624716213,99.28931377151959
13d95f0f6f73943d4ceffad0fc2cd32c,249.99,59.33,1,1,1,249.99,23.732949317972718,249.99,249.99,0.0018392918878531222,99.29115306340744
1703bc09972dab9782e7a9194943b69f,249.9,106.21,1,1,1,249.9,42.50100040016006,249.9,249.9,0.001838629716286633,99.29299169312372
5d505d2298ad549e4e4e835562fa0c1e,249.8,28.339999999999996,2,2,1,124.9,11.345076060848678,124.9,124.9,0.0018378939701016441,99.29482958709383
c0f783394e37cd9c9d7f5f81141450fa,249.39999999999998,87.35,6,6,5,41.56666666666666,35.02405773857257,41.56666666666666,41.56666666666666,0.0018349509853616893,99.29666453807918
880eda903e719a5f179f7e9fceb3a69d,249.0,42.72,1,1,1,249.0,17.156626506024093,249.0,249.0,0.0018320080006217346,99.2984965460798
4b90495391ac0bd181a80a459df1e718,248.0,18.11,1,1,1,248.0,7.30241935483871,248.0,248.0,0.0018246505387718482,99.30032119661857
42b6488f5b8246d9141712abd4b1b693,247.99,41.81,2,2,2,123.995,16.85955078833824,123.995,123.995,0.0018245769641533495,99.30214577358272
ec21206b7894c503788a684a7bc822a6,247.8,48.61,3,3,3,82.60000000000001,19.616626311541566,82.60000000000001,82.60000000000001,0.0018231790464018714,99.30396895262912
baa49d93c8c8841e27400a300f5d74b2,246.39999999999998,88.02,6,6,3,41.06666666666666,35.7224025974026,41.06666666666666,41.06666666666666,0.0018128785998120299,99.30578183122893
88ae906ea2acf6971f26c3e8b7cb4357,246.0,42.01,3,3,1,82.0,17.077235772357724,82.0,82.0,0.0018099356150720752,99.307591766844
5721089ba9214e80074f27d5a03fc0eb,245.92999999999998,66.64,5,7,4,35.13285714285714,27.09714146301793,49.18599999999999,35.13285714285714,0.001809420592742583,99.30940118743673
5194c22ed1f616ec0c0f33c571542879,245.6,80.85,4,4,3,61.4,32.91938110749186,61.4,61.4,0.0018069926303321206,99.31120818006707
c3fe93ba3085f92855c97e57f38c8c05,245.0,113.97,7,7,5,35.0,46.518367346938774,35.0,35.0,0.0018025781532221888,99.31301075822029
28405831a29823802aa22c084cfd0649,245.0,88.18,7,7,1,35.0,35.991836734693884,35.0,35.0,0.0018025781532221888,99.3148133363735
d6cd01c59123df02fc226eadbadb5f89,244.9,31.21,2,3,2,81.63333333333334,12.743977133523888,122.45,81.63333333333334,0.0018018424070372,99.31661517878054
14f2b3587172b9db894c9bad8dab520b,244.0,86.06,2,2,1,122.0,35.270491803278695,122.0,122.0,0.0017952206913723022,99.31841039947192
5733d806668f8712c24b9abaefbfa642,243.8,85.88,2,2,2,121.9,35.22559474979491,121.9,121.9,0.0017937491990023253,99.32020414867091
77714512e8d4dda9c234da8e3faf16e4,243.39999999999998,105.58,4,6,5,40.56666666666666,43.377156943303206,60.849999999999994,40.56666666666666,0.0017908062142623705,99.32199495488517
c70a353f02429c00775a46a75fb787da,242.0,94.94,6,6,4,40.333333333333336,39.231404958677686,40.333333333333336,40.333333333333336,0.0017805057676725294,99.32377546065284
31be790e64fc99f8ff48ec2bd18a3104,241.39999999999998,72.28,6,6,3,40.23333333333333,29.94200497100249,40.23333333333333,40.23333333333333,0.0017760912905625975,99.3255515519434
0761743cbffb25d7148189e9f1a5f03a,241.2,86.2,3,7,3,34.457142857142856,35.73797678275291,80.39999999999999,34.457142857142856,0.0017746197981926201,99.3273261717416
85044848b1b767db2a4a58526adef4b4,240.60000000000002,64.91,4,4,3,60.150000000000006,26.978387364921026,60.150000000000006,60.150000000000006,0.0017702053210826886,99.32909637706268
5e9f5bd34e0830569f05c9d4f56e04a8,239.98,34.88,2,2,1,119.99,14.534544545378782,119.99,119.99,0.0017656436947357586,99.33086202075742
422be4cc81a457fdb46f47edeb968ae5,239.9,77.47,1,1,1,239.9,32.292621925802415,239.9,239.9,0.0017650550977877676,99.33262707585521
2d9e8987a2ea5cf88dce330249043ff1,239.8,104.37,2,2,2,119.9,43.523769808173476,119.9,119.9,0.001764319351602779,99.33439139520682
70f7e8018e3d46c748c92f026aa2585a,239.8,37.88,1,2,2,119.9,15.796497080900751,239.8,119.9,0.001764319351602779,99.33615571455843
ec8463980a4e0ea9f8517aea1ed0c419,239.2,118.75999999999999,2,8,1,29.9,49.64882943143812,119.6,29.9,0.0017599048744928471,99.33791561943292
d1a5cc844736958c11b8efab9a2b4c87,237.6,16.41,1,1,1,237.6,6.906565656565657,237.6,237.6,0.0017481329355330288,99.33966375236845
e83c76265fc54bf41eac728805e4da77,237.29999999999998,99.19,8,8,3,29.662499999999998,41.79941002949853,29.662499999999998,29.662499999999998,0.0017459256969780629,99.34140967806543
2e0dba2da448400b1c11d7b4b22f32a4,235.87,171.83,7,13,5,18.143846153846155,72.84945096875398,33.69571428571429,18.143846153846155,0.0017354045265327253,99.34314508259196
534a01cc6df1e034e05c32028a291fa2,235.59,59.86,5,5,4,47.118,25.40854874994694,47.118,47.118,0.001733344437214757,99.34487842702917
578460d8319c51dab351cd9db95eadfe,235.0,35.45,1,1,1,235.0,15.085106382978724,235.0,235.0,0.001729003534723324,99.34660743056389
a663d9c3797e90eac99ff60939416a56,235.0,14.08,1,1,1,235.0,5.991489361702127,235.0,235.0,0.001729003534723324,99.34833643409861
94b9108d4b637ba65bb4f1e53cfcf8d8,234.95999999999998,99.13,7,8,3,29.369999999999997,42.19016002723868,33.565714285714286,29.369999999999997,0.0017287092362493284,99.35006514333486
1e47defeeadeca0e9a18fa5a9311e735,234.12,57.5,3,3,3,78.04,24.56005467281736,78.04,78.04,0.0017225289682954237,99.35178767230316
cb32766839f443db85c82a43c4a6c19e,234.0,31.51,2,2,2,117.0,13.465811965811966,117.0,117.0,0.0017216460728734376,99.35350931837604
d9cb0052a666de5308b32f32ad5f1b1c,231.89999999999998,38.59,3,3,3,77.3,16.640793445450626,77.3,77.3,0.0017061954029886758,99.35521551377903
e64882b4ef12aee8d0faca4db5b681f4,230.0,43.22,1,2,1,115.0,18.791304347826088,230.0,115.0,0.0016922162254738916,99.35690773000451
1746c1ae87ac63d530c7c943d0ac42e2,229.9,22.45,1,1,1,229.9,9.76511526750761,229.9,229.9,0.001691480479288903,99.3585992104838
740205fedfe4e90ca6857bc77db0f2b4,229.9,21.93,1,1,1,229.9,9.53892996955198,229.9,229.9,0.001691480479288903,99.3602906909631
72431a818f97fe6ab9c81eee3e297e54,229.9,19.49,1,1,1,229.9,8.477598956067855,229.9,229.9,0.001691480479288903,99.36198217144239
9539213aa8e023c01937bef95dc006da,229.1,89.94,9,9,2,25.455555555555556,39.257965953732,25.455555555555556,25.455555555555556,0.0016855945098089937,99.3636677659522
615c3462099ffa940d37b17dfda19594,229.0,32.05,2,2,2,114.5,13.995633187772924,114.5,114.5,0.0016848587636240052,99.36535262471583
75745ef7bc7d4f3ea3380f6f5303f514,228.4,48.92,3,3,3,76.13333333333334,21.41856392294221,76.13333333333334,76.13333333333334,0.0016804442865140732,99.36703306900235
4ce6e5f6c52515177e18c1c9361d8677,226.6,25.67,1,1,1,226.6,11.328331862312446,226.6,226.6,0.0016672008551842775,99.36870026985753
8dfbc5ff27df12f6cef751d3b9554222,226.0,90.12,4,4,4,56.5,39.87610619469027,56.5,56.5,0.0016627863780743458,99.3703630562356
b05b432bf68945d4d9783f9e3ca29ee8,224.8,26.09,2,2,2,112.4,11.605871886120996,112.4,112.4,0.0016539574238544818,99.37201701365946
8a8835a43bda99fd37310ad76c457510,224.34,34.2,2,3,2,74.78,15.244717838994385,112.17,74.78,0.001650572991403534,99.37366758665087
94ca168e8bcb407ab85c5da308863027,224.3,87.36,5,5,4,44.86,38.94783771734284,44.86,44.86,0.0016502786929295386,99.3753178653438
6c6e3d67f969468f3bfd33f827a31222,224.0,92.41,5,6,4,37.333333333333336,41.254464285714285,44.8,37.333333333333336,0.0016480714543745728,99.37696593679817
81ed90f07c0bacb7594940ba2ef676aa,223.9,33.56,2,2,2,111.95,14.988834301027246,111.95,111.95,0.001647335708189584,99.37861327250636
0e44d110fa6a54e121cb2c095a77762f,223.32,70.06,6,6,5,37.22,31.372022210281216,37.22,37.22,0.0016430683803166498,99.38025634088667
08ad4ac1388e4420ca531c3edfc46198,221.61999999999998,89.05,6,7,5,31.659999999999997,40.181391571157846,36.93666666666666,31.659999999999997,0.0016305606951718425,99.38188690158185
f419677537694f0462a91990df6ca44f,220.5,78.78,6,6,6,36.75,35.72789115646259,36.75,36.75,0.0016223203378999702,99.38350922191975
7e3dde9ffba72d5340f9aaf09b4424be,220.0,22.03,1,1,1,220.0,10.013636363636365,220.0,220.0,0.0016186416069750268,99.38512786352673
edf3fabebcc20f7463cc9c53da932ea8,219.9,24.12,1,1,1,219.9,10.96862210095498,219.9,219.9,0.0016179058607900382,99.38674576938752
bec568278124768c474ee90971ca94d1,219.9,29.16,2,2,2,109.95,13.260572987721691,109.95,109.95,0.0016179058607900382,99.3883636752483
e0a3c37054ade6478d923a6efc10f308,219.8,35.18,2,2,2,109.9,16.005459508644222,109.9,109.9,0.0016171701146050494,99.3899808453629
20611af7866c6068fd5ae1f9dbe15c92,219.8,114.5,2,2,2,109.9,52.09281164695177,109.9,109.9,0.0016171701146050494,99.3915980154775
f8e2c1b59cd4225a3e4fd0d013a76b93,219.8,44.63,2,3,2,73.26666666666667,20.304822565969065,109.9,73.26666666666667,0.0016171701146050494,99.3932151855921
a5dd1946fb63ada8bcaa0c9cd8f11e22,219.62,206.71,6,7,6,31.374285714285715,94.12166469356161,36.60333333333333,31.374285714285715,0.00161584577147207,99.39483103136357
6e2d3e2dc84fb30f6078f39dd3bddd6f,219.0,16.28,1,1,1,219.0,7.433789954337901,219.0,219.0,0.0016112841451251404,99.3964423155087
3442f8959a84dea7ee197c632cb2df15,218.70000000000002,27.9,3,3,3,72.9,12.757201646090532,72.9,72.9,0.0016090769065701745,99.39805139241527
751e274377499a8503fd6243ad9c56f6,218.0,17.84,1,2,1,109.0,8.18348623853211,218.0,109.0,0.001603926683275254,99.39965531909854
6548c2550b6e2d8f18053216e1c7b6f3,217.7,69.85000000000001,3,5,3,43.54,32.08543867707856,72.56666666666666,43.54,0.0016017194447202877,99.40125703854326
d594982fd877af63ace38ea1fca27c76,217.04,92.66,7,7,2,31.005714285714284,42.69259122742351,31.005714285714284,31.005714285714284,0.0015968635198993627,99.40285390206316
3d49bfdd1b43a7fe169b3740067acc61,215.0,61.82,3,3,2,71.66666666666667,28.753488372093024,71.66666666666667,71.66666666666667,0.0015818542977255943,99.40443575636088
a4b8d97cd5d3674eeff96abc99d8ed67,214.08,19.3,1,1,1,214.08,9.015321375186845,214.08,214.08,0.001575085432823699,99.4060108417937
33ab10be054370c254ddfcf0a6253422,213.2,52.33,4,4,2,53.3,24.545028142589118,53.3,53.3,0.0015686108663957984,99.4075794526601
4ea2f12dbe91deeacd2c1e74f069a6e6,210.2,70.07,4,6,4,35.03333333333333,33.3349191246432,52.55,35.03333333333333,0.001546538480846139,99.40912599114095
a9415cf907dfa12f9ed18693244f5329,210.0,175.42,1,2,1,105.0,83.53333333333333,210.0,105.0,0.0015450669884761621,99.41067105812942
d9d43faf741ceaa8da52fdbb81d9e0e3,210.0,211.25,6,8,8,26.25,100.59523809523809,35.0,26.25,0.0015450669884761621,99.4122161251179
fec6912baad85d41729669edd6b4d3b8,210.0,51.97,1,1,1,210.0,24.747619047619047,210.0,210.0,0.0015450669884761621,99.41376119210636
661ad5fcc28cdfb8bcadb12bb2272475,209.92999999999998,119.78,4,7,1,29.99,57.057114276187306,52.482499999999995,29.99,0.0015445519661466695,99.41530574407251
269c5fc9fcadee614364c3620c30a1f9,209.6,45.12,3,6,2,34.93333333333333,21.526717557251906,69.86666666666666,34.93333333333333,0.001542124003736207,99.41684786807625
3fadb4cba4c35bce6a7eaf9872d5623a,209.5,68.02000000000001,3,5,1,41.9,32.46778042959428,69.83333333333333,41.9,0.0015413882575512187,99.4183892563338
929f342384a6607afe143d789ade1316,209.4,63.36,4,4,4,52.35,30.25787965616046,52.35,52.35,0.0015406525113662302,99.41992990884516
3fefda3299e6dfaea3466ef346a3571a,209.0,16.21,1,1,1,209.0,7.755980861244019,209.0,209.0,0.0015377095266262755,99.42146761837179
10cdd491d1dbea8fb4ead97b19c334ce,208.9,78.86,3,3,2,69.63333333333334,37.7501196744854,69.63333333333334,69.63333333333334,0.001536973780441287,99.42300459215224
1de62b6f2fd96227629786db492433db,208.8,28.73,2,2,2,104.4,13.759578544061302,104.4,104.4,0.0015362380342562982,99.4245408301865
ad8b531ae67582f096925cff5630d0d1,208.35000000000002,67.56,3,3,3,69.45,32.426205903527716,69.45,69.45,0.0015329271764238492,99.42607375736293
353e21e8bf8de2722b4fae1636664b76,208.0,91.89,4,4,2,52.0,44.17788461538461,52.0,52.0,0.0015303520647763887,99.4276041094277
5a9c0859cb00fd8aa4db443837f0a700,208.0,47.59,2,2,2,104.0,22.879807692307693,104.0,104.0,0.0015303520647763887,99.42913446149248
90b36c5aeb728d5504a39f435bef0c5f,207.85999999999999,132.37,5,7,3,29.694285714285712,63.68228615414222,41.571999999999996,29.694285714285712,0.0015293220201174048,99.4306637835126
90b57083da5d803237da74daec6dcb2b,206.9,34.31,2,2,2,103.45,16.582890285161913,103.45,103.45,0.0015222588567415137,99.43218604236934
762fafdaa57a532ee0119731697579dd,206.7,54.17,5,5,4,41.339999999999996,26.2070633768747,41.339999999999996,41.339999999999996,0.0015207873643715364,99.43370682973371
3bfad056cf05c00dabe2f895925d83b1,206.64999999999998,46.7,1,5,1,41.33,22.598596661021052,206.64999999999998,41.33,0.001520419491279042,99.435227249225
e5d4b2b0c3bca22085f7a19a28de0c42,205.8,63.76,4,4,4,51.45,30.98153547133139,51.45,51.45,0.0015141656487066386,99.4367414148737
dd8a29ce82d5c705ba932d81494600a5,205.75,27.5,2,2,2,102.875,13.365735115431349,102.875,102.875,0.0015137977756141444,99.43825521264931
643c01d7c56a724bec0454f4780e8a3e,205.55,41.1,2,2,2,102.775,19.99513500364875,102.775,102.775,0.001512326283244167,99.43976753893256
37ceb404da208418c9032f0674e57804,204.93,69.17999999999999,1,3,1,68.31,33.75786854047723,204.93,68.31,0.0015077646568972375,99.44127530358945
efb628aa07c8ca93d7db0d85b91a4f5a,204.0,58.1,1,1,1,204.0,28.480392156862745,204.0,204.0,0.001500922217376843,99.44277622580682
e819bcfade7b5d88a27325eb6cfd62c5,202.89999999999998,135.35,5,11,4,18.44545454545454,66.70773780187285,40.58,18.44545454545454,0.0014928290093419677,99.44426905481616
f26d70155c2b6326fcfa1780c8c684e4,202.89,16.17,1,1,1,202.89,7.969835871654593,202.89,202.89,0.001492755434723469,99.44576181025089
bcc9dd23e2a8bd8267cf92b19304a1b9,202.79000000000002,43.43,3,3,2,67.59666666666668,21.416243404507124,67.59666666666668,67.59666666666668,0.0014920196885384804,99.44725382993943
19484c79cef6c062cb177aa4ef2fcc3c,201.9,10.16,1,1,1,201.9,5.032194155522536,201.9,201.9,0.0014854715474920813,99.44873930148692
28c7d8743fbc8679f484868cc0fcaefb,201.5,68.86,3,3,2,67.16666666666667,34.173697270471465,67.16666666666667,67.16666666666667,0.001482528562752127,99.45022183004967
72146da5774cabf2632faedcae097a76,200.94,110.49,4,6,4,33.49,54.98656315318006,50.235,33.49,0.0014784083841161903,99.45170023843379
c990d6cf976a5718aaedc539f383ab88,200.9,141.09,10,11,5,18.263636363636365,70.22896963663514,20.09,18.263636363636365,0.001478114085642195,99.45317835251943
3f84fefc07dc159b268d4a77d3e8c425,200.6,51.32,3,3,3,66.86666666666666,25.58325024925224,66.86666666666666,66.86666666666666,0.0014759068470872288,99.45465425936652
5db42a6cd9bf1bf0d3aab9582767f168,200.0,19.33,1,1,1,200.0,9.665,200.0,200.0,0.001471492369977297,99.4561257517365
dbc51f5e45d654ecc16cb68e6817ecea,199.99,18.14,1,1,1,199.99,9.070453522676134,199.99,199.99,0.0014714187953587983,99.45759717053186
3289d8c3eef4873f91ce0b1343c0dd58,199.99,19.28,1,1,1,199.99,9.640482024101205,199.99,199.99,0.0014714187953587983,99.45906858932722
dda37071807e404c5bb2a1590c66326f,199.99,19.28,1,1,1,199.99,9.640482024101205,199.99,199.99,0.0014714187953587983,99.46054000812258
3fe7120d6257285ac6a3ce7cb071ccec,199.98,28.28,2,2,1,99.99,14.141414141414144,99.99,99.99,0.0014713452207402993,99.46201135334331
e59e575a175fadcadf8479e191770425,199.9,50.98,1,1,1,199.9,25.502751375687843,199.9,199.9,0.0014707566237923085,99.4634821099671
651530bf5c607240ccdd89a30c9c9712,199.9,24.55,1,1,1,199.9,12.281140570285142,199.9,199.9,0.0014707566237923085,99.46495286659089
2cb4700db635baa1c0d4f90ed27b6669,199.8,28.92,2,2,2,99.9,14.474474474474475,99.9,99.9,0.0014700208776073198,99.4664228874685
4f0d637c1197fd65405ebd755ac9f86b,199.8,32.67,2,2,2,99.9,16.35135135135135,99.9,99.9,0.0014700208776073198,99.4678929083461
2a50b7ee5aebecc6fd0ff9784a4747d6,199.8,64.44,1,2,1,99.9,32.25225225225225,199.8,99.9,0.0014700208776073198,99.4693629292237
ec5c1d94df153d473b37f880977ae58e,199.67000000000002,84.07,2,3,2,66.55666666666667,42.10447237942604,99.83500000000001,66.55666666666667,0.0014690644075668346,99.47083199363128
4e2627090e6e5b9fabba883a37897683,199.5,68.12,2,5,2,39.9,34.145363408521305,99.75,39.9,0.0014678136390523539,99.47229980727033
8060d731897e33b5c5ae575ce1e209e1,199.5,91.45,5,5,1,39.9,45.83959899749374,39.9,39.9,0.0014678136390523539,99.47376762090938
e9874ae10b2d60d43917b6bbfa13a599,199.0,23.1,1,1,1,199.0,11.608040201005025,199.0,199.0,0.0014641349081274107,99.47523175581752
4ce8b55b4bfa4659184e7becc1fba3f2,199.0,59.870000000000005,2,2,2,99.5,30.085427135678394,99.5,99.5,0.0014641349081274107,99.47669589072565
52f6f9f13ba19504c02781132a049e75,199.0,23.13,1,1,1,199.0,11.623115577889447,199.0,199.0,0.0014641349081274107,99.47816002563378
4450bd8327d471c4a11a83d1445b1b62,199.0,15.56,1,1,1,199.0,7.819095477386935,199.0,199.0,0.0014641349081274107,99.47962416054192
e1bed63d68ac36fe1f3061befe196af5,199.0,18.0,1,1,1,199.0,9.045226130653267,199.0,199.0,0.0014641349081274107,99.48108829545005
3d290fe363c60a77498c1126fd3fb8d3,198.98,35.06,3,3,2,66.32666666666667,17.619861292592223,66.32666666666667,66.32666666666667,0.0014639877588904127,99.48255228320895
e503f22be6a4f456d9851920a5d9c670,198.9,32.44,2,2,2,99.45,16.309703368526897,99.45,99.45,0.001463399161942422,99.4840156823709
b57e8460909fa137df7951b4a3b5ea84,198.0,84.14,1,2,2,99.0,42.494949494949495,198.0,99.0,0.001456777446277524,99.48547245981717
586a871d4f1221763fddb6ceefdeb95e,198.0,41.48,1,2,1,99.0,20.949494949494948,198.0,99.0,0.001456777446277524,99.48692923726345
d8dd176509baa37f359644d082bf7f7b,198.0,31.9,2,2,1,99.0,16.11111111111111,99.0,99.0,0.001456777446277524,99.48838601470973
6f835fd4be26989b1b064399da346143,197.8,31.450000000000003,2,2,1,98.9,15.89989888776542,98.9,98.9,0.0014553059539075468,99.48984132066364
9da15f4a4ea758d9eeb49000dbe57e22,196.9,37.71,1,1,1,196.9,19.15185373285932,196.9,196.9,0.001448684238242649,99.49129000490188
fe8055980a4ff7f64ed889c2b5926929,196.70000000000002,53.28,3,3,2,65.56666666666668,27.08693441789527,65.56666666666668,65.56666666666668,0.0014472127458726718,99.49273721764776
809413606dbfe5deefd2db646693ef67,196.68,50.37,3,5,3,39.336,25.610128126906652,65.56,39.336,0.0014470655966356738,99.4941842832444
8def3db7f272735afb2ecd03aeca09a7,196.0,33.64,2,2,1,98.0,17.16326530612245,98.0,98.0,0.001442062522577751,99.49562634576696
0f7eea709efdf942b5f95c7516dbacd7,195.74,44.32,3,3,2,65.24666666666667,22.642280576274647,65.24666666666667,65.24666666666667,0.0014401495824967808,99.49706649534946
f356c348fbc8df6a882823e21f5ce8b7,195.18,30.47,2,2,1,97.59,15.611230658878982,97.59,97.59,0.0014360294038608442,99.49850252475332
9c54608f0996c32ae4743089d915f845,194.8,109.92,3,3,3,64.93333333333334,56.427104722792606,64.93333333333334,64.93333333333334,0.0014332335683578873,99.49993575832168
b5f49fe968dff6b112861e6cd8e192ef,194.70000000000002,42.97,1,2,2,97.35000000000001,22.0698510529019,194.70000000000002,97.35000000000001,0.0014324978221728988,99.50136825614386
7d948535954aaf8c5d39db007f74372e,194.0,43.8,4,4,3,48.5,22.577319587628864,48.5,48.5,0.001427347598877978,99.50279560374274
f626e15b7314c267e4429010866f70e9,193.54999999999998,125.47,5,7,3,27.65,64.82562645311289,38.709999999999994,27.65,0.0014240367410455292,99.50421964048378
05e107217c7266362fd44b75b2cd4cc4,193.38,82.00999999999999,5,8,3,24.1725,42.408728927500256,38.676,24.1725,0.0014227859725310485,99.50564242645632
747c1cdcd1737dcfbd1547f6eb6f2cf3,193.1,29.27,2,2,2,96.55,15.157949249093733,96.55,96.55,0.0014207258832130802,99.50706315233953
4d9fea3499bdc22aa4da4e339365f215,192.54000000000002,30.2,2,2,1,96.27000000000001,15.685052456632388,96.27000000000001,96.27000000000001,0.001416605704577144,99.5084797580441
78ba5933c21686d1c2f64669c8c459e7,191.8,20.770000000000003,2,2,2,95.9,10.828988529718456,95.9,95.9,0.001411161182808228,99.5098909192269
f5403d3f50089112c4eed37928b7f622,190.8,32.4,2,2,2,95.4,16.9811320754717,95.4,95.4,0.0014038037209583415,99.51129472294787
f307937c1bb287c3efc2a514b94b0d1d,189.99,26.61,1,1,1,189.99,14.006000315806094,189.99,189.99,0.0013978441768599332,99.51269256712473
778323240ce2830d68aab11794e00bfb,189.98000000000002,52.45,3,3,2,63.326666666666675,27.608169280976945,63.326666666666675,63.326666666666675,0.0013977706022414347,99.51409033772697
43a1d4bab73b816e44ef4e4facd9f9b5,189.9,15.5,1,1,1,189.9,8.162190626645604,189.9,189.9,0.0013971820052934435,99.51548751973226
7cf4ea70955b00d6b3c22542598e2715,189.9,14.91,1,1,1,189.9,7.851500789889415,189.9,189.9,0.0013971820052934435,99.51688470173755
119c7f1a00ef43fad0e57604e76a747c,189.8,17.02,2,2,2,94.9,8.967334035827186,94.9,94.9,0.001396446259108455,99.51828114799666
213fafb0ca06fb3d5886579c2565791b,189.70000000000002,27.16,3,3,3,63.23333333333334,14.317343173431732,63.23333333333334,63.23333333333334,0.0013957105129234664,99.51967685850958
e0482f2c769468c3bbcd8a01e09d98c5,189.0,45.4,1,1,1,189.0,24.021164021164022,189.0,189.0,0.0013905602896285456,99.5210674187992
b00af24704019bd2e1b335e70ad11f7c,189.0,18.25,1,1,1,189.0,9.656084656084655,189.0,189.0,0.0013905602896285456,99.52245797908883
686886775c8f6b1191c7b953fb52708c,189.0,13.62,1,1,1,189.0,7.2063492063492065,189.0,189.0,0.0013905602896285456,99.52384853937845
c360e4787614ed31ac7a2f95d3b22dc6,188.9,30.05,1,1,1,188.9,15.90788777130757,188.9,188.9,0.001389824543443557,99.52523836392189
c0aff2da32c17759d30b22fb0af6649d,188.8,83.53,4,5,3,37.760000000000005,44.242584745762706,47.2,37.760000000000005,0.0013890887972585685,99.52662745271914
4c1c7281388a33dd06daac44f9fadbd1,188.32,81.59,5,5,5,37.664,43.325191163976214,37.664,37.664,0.0013855572155706227,99.52801300993471
74c7dec0a384d8a05950e629bd23bde9,187.68,61.199999999999996,5,5,3,37.536,32.60869565217391,37.536,37.536,0.0013808484399866956,99.5293938583747
a3b0df0065e264a91b7bbf5f844af5cd,186.69,32.06,2,2,2,93.345,17.172853393325834,93.345,93.345,0.001373564552755308,99.53076742292745
3a79f35a2344ede41af21267f61d5ec6,186.0,31.71,1,1,1,186.0,17.048387096774196,186.0,186.0,0.0013684879040788862,99.53213591083153
c32fc744b9160ac853450488e3cfea93,185.70000000000002,37.82,3,3,3,61.900000000000006,20.366182014001076,61.900000000000006,61.900000000000006,0.0013662806655239204,99.53350219149705
eec3469d83e142f9a104886655338c37,185.7,54.74,4,4,4,46.425,29.4776521270867,46.425,46.425,0.0013662806655239204,99.53486847216257
f9eda05b67bef472deaddbba84aca289,185.0,51.79,1,1,1,185.0,27.994594594594595,185.0,185.0,0.0013611304422289998,99.5362296026048
9e7c5f4d7770eab65738cca38f9efccf,184.8,38.08,2,2,2,92.4,20.606060606060602,92.4,92.4,0.0013596589498590225,99.53758926155467
2075d8cd4dd63ff12df0749a5866bb06,184.70000000000002,57.53,3,3,2,61.56666666666667,31.147807255008118,61.56666666666667,61.56666666666667,0.001358923203674034,99.53894818475834
7d484ca289afaac6bf5fc6a1e96d2226,183.2,65.22,2,2,2,91.6,35.60043668122271,91.6,91.6,0.001347887010899204,99.54029607176923
23ca5f678e0b3ea6c630b30fa8bf51ea,183.0,96.39,6,7,4,26.142857142857142,52.67213114754098,30.5,26.142857142857142,0.0013464155185292268,99.54164248728776
1c56ffe0e9dea2657fc6e95b53f40b13,183.0,84.39,3,3,2,61.0,46.114754098360656,61.0,61.0,0.0013464155185292268,99.54298890280629
3dfd3dc96f7f8598eca74e9ac8a2fa31,183.0,75.7,6,6,6,30.5,41.36612021857924,30.5,30.5,0.0013464155185292268,99.54433531832481
478bfe564db21eeb44386606aa30b650,182.70000000000002,48.1,3,3,3,60.900000000000006,26.327312534209085,60.900000000000006,60.900000000000006,0.001344208279974261,99.54567952660479
5659d77e8d90378e39b960ad5956f64e,182.48000000000002,30.65,2,2,2,91.24000000000001,16.79636124506795,91.24000000000001,91.24000000000001,0.0013425896383672858,99.54702211624316
31e60bf8d103ce47932a85f5562deb16,181.0,58.04,1,1,1,181.0,32.06629834254144,181.0,181.0,0.0013317005948294538,99.54835381683799
8ca5b19e0263150d2c57afdde2b3d011,180.60000000000002,44.08,3,4,2,45.150000000000006,24.407530454042078,60.20000000000001,45.150000000000006,0.0013287576100894994,99.54968257444808
9dd459b29a14bf89d47183cf2cd0e4c7,180.0,18.82,2,2,2,90.0,10.455555555555556,90.0,90.0,0.0013243431329795674,99.55100691758106
7ad41305e96a6cab8294cd65891e9a86,180.0,57.6,2,2,2,90.0,32.0,90.0,90.0,0.0013243431329795674,99.55233126071404
94165aea8a35c3c21499cbcae239b16c,180.0,16.11,1,1,1,180.0,8.95,180.0,180.0,0.0013243431329795674,99.55365560384702
9c57bc60cfad5ee62d35d3f1ce4593a1,180.0,15.43,1,1,1,180.0,8.572222222222223,180.0,180.0,0.0013243431329795674,99.55497994698
964ff64dc05b13811c6d0f41e0aa5f6b,180.0,24.06,1,1,1,180.0,13.366666666666665,180.0,180.0,0.0013243431329795674,99.55630429011298
88cd3681e0a2ba85e190f7d817629c4c,180.0,19.36,1,1,1,180.0,10.755555555555556,180.0,180.0,0.0013243431329795674,99.55762863324595
7f5e4d5efad7e44b91115dd1decb65f3,179.9,77.42,3,9,2,19.98888888888889,43.035019455252915,59.96666666666667,19.98888888888889,0.0013236073867945787,99.55895224063275
05ca864204d09595ae591b93ea9cf93d,179.9,8.52,1,1,1,179.9,4.735964424680378,179.9,179.9,0.0013236073867945787,99.56027584801954
50bf89f1349bc0409a268c3a49678009,179.9,102.57,1,1,1,179.9,57.01500833796553,179.9,179.9,0.0013236073867945787,99.56159945540634
762ed976527cddf02787edba70fffa2a,179.8,60.31999999999999,3,4,3,44.95,33.54838709677419,59.93333333333334,44.95,0.00132287164060959,99.56292232704695
2235cf78d3e2073a88146a9cb60f0dd0,178.99,25.77,1,1,1,178.99,14.397452371640874,178.99,178.99,0.001316912096511182,99.56423923914346
880ce4951cf857ab1d9e0b75c1d856f4,178.9,18.82,1,1,1,178.9,10.519843487982113,178.9,178.9,0.0013162499249446923,99.5655554890684
f3975e8a41157005d4bcbb358678cd9b,178.8,83.97999999999999,2,2,2,89.4,46.968680089485446,89.4,89.4,0.0013155141787597035,99.56687100324716
57fe6232e67823593374a2281d7a8af8,178.68,105.36,8,8,7,22.335,58.96574882471457,22.335,22.335,0.0013146312833377174,99.5681856345305
19e0f40a907ec568c34bfac15de4f4a1,178.0,41.620000000000005,4,4,1,44.5,23.382022471910116,44.5,44.5,0.0013096282092797944,99.56949526273978
2d2322d842118867781fc737e96d59a1,176.4,104.97,8,10,5,17.64,59.506802721088434,22.05,17.64,0.001297856270319976,99.5707931190101
a0a14e50070f3225b3eabba5b85da517,176.2,72.44,4,4,1,44.05,41.11237230419977,44.05,44.05,0.0012963847779499985,99.57208950378805
c353f8fc0ce8344999f17d578eb69a5e,175.98,36.59,2,2,1,87.99,20.79213546993977,87.99,87.99,0.0012947661363430236,99.57338426992439
485452467ff670447e84a8370c3fc898,175.7,139.74,3,3,3,58.56666666666666,79.53329538986911,58.56666666666666,58.56666666666666,0.0012927060470250553,99.57467697597141
b906dd0e57f282c7089171b6ed07982e,175.0,35.75,2,2,2,87.5,20.42857142857143,87.5,87.5,0.001287555823730135,99.57596453179515
4dc2e811a1760953cb7c6a590b498943,175.0,24.84,1,1,1,175.0,14.194285714285716,175.0,175.0,0.001287555823730135,99.57725208761889
f92d8c817434bd2d84d4e9c61322b7fa,174.84,50.769999999999996,5,5,3,34.968,29.037977579501256,34.968,34.968,0.001286378629834153,99.57853846624872
23ff42c4bf1f8f16cddb19d8b972974a,174.70000000000002,52.97,2,3,2,58.23333333333334,30.320549513451628,87.35000000000001,58.23333333333334,0.0012853485851751691,99.57982381483389
dd9661d3cda1e6feb237f0c4d8b26f2e,174.0,16.98,1,1,1,174.0,9.758620689655173,174.0,174.0,0.0012801983618802486,99.58110401319577
0692610d8abe24f287e9fae90ea0bbee,173.99,31.73,4,4,3,43.4975,18.236680268980976,43.4975,43.4975,0.0012801247872617496,99.58238413798303
99a25c39b28a74d1151c35c18d178292,173.94,44.76,1,6,1,28.99,25.7330113832356,173.94,28.99,0.0012797569141692552,99.5836638948972
aae5953b9edddf14749c0d65d60eb4b9,173.0,29.9,2,2,2,86.5,17.283236994219653,86.5,86.5,0.0012728409000303618,99.58493673579723
ccada0ef508e698917a6eab263375905,172.8,59.160000000000004,3,3,3,57.6,34.236111111111114,57.6,57.6,0.0012713694076603847,99.58620810520489
1e483cc5c76fef08d3ca05f9a8af7d01,171.99,123.08000000000001,10,11,3,15.635454545454547,71.56230013372871,17.199,15.635454545454547,0.0012654098635619768,99.58747351506845
50770d25768b0486d89be26afca3108f,171.76999999999998,76.08999999999999,6,6,5,28.62833333333333,44.297607265529486,28.62833333333333,28.62833333333333,0.0012637912219550015,99.58873730629041
cd52a8efd71af3336b14b5039b951cc1,170.8,59.74,3,3,1,56.93333333333334,34.976580796252925,56.93333333333334,56.93333333333334,0.0012566544839606119,99.58999396077438
3ea08c48e851106d2f584349daba335f,170.0,22.94,1,1,1,170.0,13.494117647058824,170.0,170.0,0.0012507685144807024,99.59124472928886
e1643dff33666ca629e3644c02738179,170.0,29.31,3,3,2,56.666666666666664,17.241176470588236,56.666666666666664,56.666666666666664,0.0012507685144807024,99.59249549780334
6e85dc5ecd97a61094b89b046a509d8e,169.9,12.69,1,1,1,169.9,7.469099470276633,169.9,169.9,0.001250032768295714,99.59374553057164
5444b12c82f21c923f2639ebc722c1ea,169.9,9.56,1,1,1,169.9,5.626839317245438,169.9,169.9,0.001250032768295714,99.59499556333994
695051e2981c8b19e77cafe450d5bdf3,169.76,12.69,1,1,1,169.76,7.475259189443921,169.76,169.76,0.0012490027236367297,99.59624456606358
b01c2b7b8599b325103ebcddc67413e1,169.45,72.67,4,4,1,42.3625,42.88580702272057,42.3625,42.3625,0.0012467219104632648,99.59749128797404
4bc3d93e4a5f88a598d3d8ce4ae510b3,169.0,19.28,1,1,1,169.0,11.40828402366864,169.0,169.0,0.001243411052630816,99.59873469902666
d9c349beabc06aa6ff1c6d68b5e9e22e,168.1,37.55,1,1,1,168.1,22.337894110648424,168.1,168.1,0.0012367893369659181,99.59997148836364
c7c7b2682c648339a0e9846bb1023a39,168.0,31.68,2,3,2,56.0,18.857142857142854,84.0,56.0,0.0012360535907809294,99.60120754195442
51a04a8a6bdcb23deccc82b0b80742cf,167.99,31.93,1,1,1,167.99,19.007083754985416,167.99,167.99,0.0012359800161624306,99.60244352197059
7178e1eaa97257d8b6d4b80efd77a025,167.9,16.81,1,1,1,167.9,10.01191185229303,167.9,167.9,0.0012353178445959408,99.60367883981517
89d9a386b0b6e5fc8403071b03f7206a,167.0,68.25,2,5,1,33.4,40.86826347305389,83.5,33.4,0.001228696128931043,99.60490753594411
1d1bbb8ac1581824986f582583fff01d,166.88,59.589999999999996,4,4,3,41.72,35.70829338446788,41.72,41.72,0.0012278132335090566,99.60613534917762
1cbdc7cf130a41fd13a3c2a7d2fcfda7,165.8,59.81,2,2,1,82.9,36.073582629674306,82.9,82.9,0.0012198671747111795,99.60735521635233
2ea0861cc19e94cad86438c984c52da4,165.6,62.449999999999996,6,6,5,27.599999999999998,37.71135265700483,27.599999999999998,27.599999999999998,0.001218395682341202,99.60857361203468
33d677f27a69b84051204ee4ae76eaca,165.0,173.49,9,10,5,16.5,105.14545454545454,18.333333333333332,16.5,0.00121398120523127,99.6097875932399
ace601496e211a664100321f038f50af,165.0,14.92,1,1,1,165.0,9.042424242424243,165.0,165.0,0.00121398120523127,99.61100157444513
bd4ff04377f974574f7f0bf9d6ce7dde,164.96,50.14,4,4,3,41.24,30.395247332686708,41.24,41.24,0.0012136869067572748,99.61221526135188
e45edf75f568ed2f93f78d060e246e25,164.29999999999998,113.92,6,7,6,23.471428571428568,69.33657942787585,27.38333333333333,23.471428571428568,0.0012088309819363492,99.61342409233382
fc5a0d7a310a7a41abf86a458585ff2b,162.8,27.36,2,2,2,81.4,16.805896805896804,81.4,81.4,0.0011977947891615198,99.61462188712298
98e164d549402270247f3c96a1a158ef,162.7,24.72,2,2,2,81.35,15.193607867240319,81.35,81.35,0.001197059042976531,99.61581894616596
fa5fdc4e4bb6bd1009ad0e4ac4096562,161.99,32.86,1,1,1,161.99,20.285202790295696,161.99,161.99,0.0011918352450631118,99.61701078141103
bff9deb0ec77d437f3305a79cf25529e,161.95,80.78999999999999,5,5,1,32.39,49.8857672121025,32.39,32.39,0.0011915409465891162,99.61820232235762
87f3e35268860433e13d577825aada95,161.7,41.78,3,3,3,53.9,25.837971552257272,53.9,53.9,0.0011897015811266445,99.61939202393874
3442033154be05bac582e173ef54fd12,161.0,8.39,1,1,1,161.0,5.211180124223603,161.0,161.0,0.0011845513578317242,99.62057657529658
d3e7d37c0df9aef383f3f2a15b0dddfb,161.0,40.34,1,1,1,161.0,25.055900621118017,161.0,161.0,0.0011845513578317242,99.62176112665442
fc6295add6f51a0936407ead70c1001d,160.0,70.52,1,4,4,40.0,44.074999999999996,160.0,40.0,0.0011771938959818375,99.6229383205504
aa2640d851ec322526f1295bbeb20092,159.98,22.36,1,2,1,79.99,13.976747093386674,159.98,79.99,0.0011770467467448397,99.62411536729715
533d46c1b06970e99f09523a61df4972,159.98,32.64,2,2,1,79.99,20.40255031878985,79.99,79.99,0.0011770467467448397,99.6252924140439
913fd0ebba70bb919f7254a02239173c,159.9,19.22,1,1,1,159.9,12.020012507817384,159.9,159.9,0.001176458149796849,99.6264688721937
fc0b214b59a83615fea981c6424a02ae,159.9,12.14,1,1,1,159.9,7.592245153220762,159.9,159.9,0.001176458149796849,99.6276453303435
2039c5e51785b5dde7cf93ccb3b7be2c,159.9,13.78,1,1,1,159.9,8.617886178861788,159.9,159.9,0.001176458149796849,99.6288217884933
4bde6149c15cf7e177b36fa060dd6de8,159.8,32.66,2,2,2,79.9,20.438047559449306,79.9,79.9,0.0011757224036118604,99.62999751089691
2ec6e37d992a95eaddb3369dcbcc76d9,159.8,24.14,2,2,1,79.9,15.106382978723405,79.9,79.9,0.0011757224036118604,99.63117323330053
6902157ee16728322d61a1321fa79e58,159.8,31.630000000000003,2,2,1,79.9,19.79349186483104,79.9,79.9,0.0011757224036118604,99.63234895570415
99cd94252748d2bdde08e17858233602,159.8,21.520000000000003,2,2,1,79.9,13.46683354192741,79.9,79.9,0.0011757224036118604,99.63352467810776
b7e1750c1157341d2abd0251e07c186b,159.6,60.96,3,4,4,39.9,38.195488721804516,53.199999999999996,39.9,0.0011742509112418831,99.63469892901901
0ade5cc4a305ed7093a23f68ca47519c,158.88,42.39,2,2,2,79.44,26.68051359516617,79.44,79.44,0.0011689535387099646,99.63586788255772
954e95f20808d7e5d11f0de292d078e0,158.78,119.17999999999999,3,4,2,39.695,75.05983121299911,52.92666666666667,39.695,0.0011682177925249762,99.63703610035024
c04d70d515d15a7e3db3a73320598566,158.2,56.62,3,4,3,39.55,35.79013906447535,52.73333333333333,39.55,0.0011639504646520419,99.6382000508149
f1ce5fdecd64935c28b9ff932751d0dc,158.0,22.53,2,2,2,79.0,14.259493670886075,79.0,79.0,0.0011624789722820647,99.63936252978718
98dddbc4601dd4443ca174359b237166,158.0,53.67,2,2,1,79.0,33.96835443037975,79.0,79.0,0.0011624789722820647,99.64052500875945
ce3ad9de960102d0677a81f5d0bb7b2d,158.0,16.21,1,1,1,158.0,10.259493670886076,158.0,158.0,0.0011624789722820647,99.64168748773173
902c99f1ac505c0d18778b61bcd636f7,157.96,100.16,4,4,4,39.49,63.40845783742719,39.49,39.49,0.0011621846738080692,99.64284967240553
dde698c6d0bd24834c586e5111c2bba7,155.9,19.19,1,1,1,155.9,12.30917254650417,155.9,155.9,0.0011470283023973032,99.64399670070793
d2df77822373f19934e87694d8640767,155.9,40.5,2,2,2,77.95,25.978191148171902,77.95,77.95,0.0011470283023973032,99.64514372901033
a4e634166243bbb3a13fa584463fa468,155.55,45.629999999999995,2,2,2,77.775,29.33461909353905,77.775,77.775,0.0011444531907498427,99.64628818220108
b9de031b671cd48b28fae9d828cbf2b4,155.32,43.37,1,1,1,155.32,27.922997682204482,155.32,155.32,0.0011427609745243688,99.6474309431756
3c88ed2e76a2247933a15daa7161eb1c,155.0,151.2,1,1,1,155.0,97.54838709677419,155.0,155.0,0.0011404065867324053,99.64857134976234
61f159ef6da2d441951d2c0efa719362,154.97,61.01,3,3,3,51.656666666666666,39.368910111634506,51.656666666666666,51.656666666666666,0.0011401858628769085,99.64971153562522
4dab98ca6cd6d3df586203cefd28a042,154.9,18.33,1,1,1,154.9,11.833440929632019,154.9,154.9,0.0011396708405474166,99.65085120646576
f664f98bfda2eaf266a23ff144e7a872,153.99,7.8100000000000005,2,2,2,76.995,5.071757906357556,76.995,76.995,0.00113297555026402,99.65198418201602
0b09101900100c0e9d312861fad5a1b9,153.75,14.61,1,1,1,153.75,9.502439024390243,153.75,153.75,0.0011312097594200472,99.65311539177544
6601ee6383e7f452be71929f8de48bbb,153.6,28.34,2,2,2,76.8,18.450520833333332,76.8,76.8,0.001130106140142564,99.65424549791558
d26aa40b90272d4843d63be7c1462c8d,152.9,24.52,2,2,2,76.45,16.03662524525834,76.45,76.45,0.0011249559168476436,99.65537045383243
78813699ffac347fe27dba345a5f1551,152.42,48.12,1,1,1,152.42,31.570660018370294,152.42,152.42,0.001121424335159698,99.65649187816759
4ddeb3e828550cddc8d45c8bc36ab2d1,152.0,12.45,1,1,1,152.0,8.190789473684209,152.0,152.0,0.0011183342011827457,99.65761021236877
56f413900b5166ab4d730e9ac0b12cb0,151.79,42.45,3,3,2,50.596666666666664,27.966269187693527,50.596666666666664,50.596666666666664,0.0011167891341942696,99.65872700150297
bd0a1b0aadca9a83d9304f7e8ff5fbd5,150.6,54.59,4,4,4,37.65,36.24833997343958,37.65,37.65,0.0011080337545929047,99.65983503525756
578fa3a9cb6b6dceab39231ad59cdaca,150.0,37.2,3,3,2,50.0,24.800000000000004,50.0,50.0,0.0011036192774829727,99.66093865453504
4867209cb29b56b92893d7bde3ce8012,150.0,19.15,1,1,1,150.0,12.766666666666666,150.0,150.0,0.0011036192774829727,99.66204227381253
2d34636518ba88f5349b732fcf8ba2e4,150.0,18.63,1,1,1,150.0,12.42,150.0,150.0,0.0011036192774829727,99.66314589309002
c398bc00a606d33758afd91f4e64fd15,150.0,15.5,2,2,1,75.0,10.333333333333334,75.0,75.0,0.0011036192774829727,99.6642495123675
49f8d2ea7b718d0ce587d34207caf2b4,149.9,15.36,1,1,1,149.9,10.246831220813874,149.9,149.9,0.0011028835312979842,99.66535239589881
1e47d8b6546eb3a77b1acddcc9406242,149.9,16.81,1,1,1,149.9,11.214142761841227,149.9,149.9,0.0011028835312979842,99.66645527943011
f266295f49a28eee21f413e0cbb0521d,149.8,28.14,2,2,2,74.9,18.78504672897196,74.9,74.9,0.0011021477851129956,99.66755742721523
6ba4733aa33f6386e9fb0c0fd3993b38,149.79,60.09,3,3,3,49.93,40.116162627678754,49.93,49.93,0.0011020742104944966,99.66865950142572
63272377184e969942f7fff221be858d,149.7,66.53,2,2,2,74.85,44.44221776887108,74.85,74.85,0.0011014120389280068,99.66976091346466
3d700782d7818f2c1e0d7a9e9d75fc00,149.7,85.41,3,3,1,49.9,57.054108216432866,49.9,49.9,0.0011014120389280068,99.67086232550359
7a188843479798ca813108fa7b959286,149.7,26.160000000000004,1,3,1,49.9,17.4749498997996,149.7,49.9,0.0011014120389280068,99.67196373754253
d8b8f2cf9ff6ba0389072541cb42498c,149.0,20.01,1,1,1,149.0,13.429530201342283,149.0,149.0,0.0010962618156330863,99.67305999935816
e00d85ce20ea50c1224c66ca5050527d,149.0,8.3,1,1,1,149.0,5.570469798657719,149.0,149.0,0.0010962618156330863,99.67415626117379
37303482a42fb700d8d127e70a9cd6c8,148.89,22.490000000000002,2,2,2,74.445,15.105111155886899,74.445,74.445,0.0010954524948295988,99.67525171366862
f35becee938e982bd615edf8ef12bcfb,148.59,78.22,6,6,5,24.765,52.64149673598493,24.765,24.765,0.0010932452562746329,99.67634495892489
8fbe2ee446b97e128471be4ce983dc0d,148.5,40.0,3,3,3,49.5,26.936026936026934,49.5,49.5,0.001092583084708143,99.6774375420096
538caafddff204241cecbf3a02e6b3cf,148.3,98.19,9,9,6,16.477777777777778,66.21038435603506,16.477777777777778,16.477777777777778,0.0010911115923381658,99.67852865360194
ca7c6bd577e559472af1c699de9e764e,148.0,70.82,6,8,1,18.5,47.85135135135135,24.666666666666668,18.5,0.0010889043537831997,99.67961755795572
7d7866a99a8656a42c7ff6352a433410,147.89,59.49,5,5,4,29.577999999999996,40.225843532355135,29.577999999999996,29.577999999999996,0.0010880950329797124,99.6807056529887
2a7c6c0b0d5efde2bf75ec1e1cec2d41,147.6,44.44,3,3,3,49.199999999999996,30.10840108401084,49.199999999999996,49.199999999999996,0.001085961369043245,99.68179161435775
9523fb39dd240aa958e040f8183d64f3,146.99,21.3,1,1,1,146.99,14.490781685828969,146.99,146.99,0.0010814733173148145,99.68287308767506
0b3f27369a4d8df98f7eb91077e438ac,146.51,24.88,2,2,2,73.255,16.98177598798717,73.255,73.255,0.001077941735626869,99.6839510294107
782f78b632a43875dd5b53e3e49c9564,146.01,41.56,2,3,1,48.669999999999995,28.463803849051438,73.005,48.669999999999995,0.0010742630047019257,99.68502529241539
4bcec44888b30ba9001234c534716d3f,146.0,63.23,5,5,2,29.2,43.30821917808219,29.2,29.2,0.0010741894300834267,99.68609948184547
398cb257329ef7af7f1943a8974a3cbc,145.9,15.47,1,1,1,145.9,10.603152844413982,145.9,145.9,0.0010734536838984384,99.68717293552938
f3041c2e75ec683697a6a5ea82192210,145.0,24.0,1,1,1,145.0,16.551724137931036,145.0,145.0,0.0010668319682335403,99.6882397674976
8e34331b7eedd03be4e5d965c1956225,145.0,65.44,5,5,5,29.0,45.13103448275862,29.0,29.0,0.0010668319682335403,99.68930659946584
0daf5180aa44356f60f8effa533b55a2,144.8,38.83,2,2,2,72.4,26.816298342541433,72.4,72.4,0.0010653604758635632,99.6903719599417
553a440137d6e0cf776aee0bb83ac9f5,144.8,30.34,2,2,2,72.4,20.95303867403315,72.4,72.4,0.0010653604758635632,99.69143732041756
15ac3c501e2599e4917316fde5c5669a,144.2,51.61,1,1,1,144.2,35.79056865464633,144.2,144.2,0.0010609459987536312,99.69249826641632
4a82c4af97ffc0fb2dc26bfdc03b1842,143.7,67.2,3,3,3,47.9,46.76409185803758,47.9,47.9,0.0010572672678286878,99.69355553368415
c8143b3069f6746a77421b5ce30a450c,142.47,43.41,1,1,1,142.47,30.469572541587702,142.47,142.47,0.0010482175897533275,99.6946037512739
2f9b7ce230a057a98a9f5df5893ee36c,141.82,30.03,2,2,2,70.91,21.174728529121424,70.91,70.91,0.0010434352395509011,99.69564718651345
d3891911c2feae53c52fea2bd14054e5,141.0,25.990000000000002,2,2,2,70.5,18.43262411347518,70.5,70.5,0.0010374021208339945,99.69668458863428
0e72c1a751b496722a6cb1f10653b62a,140.8,51.300000000000004,3,3,3,46.93333333333334,36.434659090909086,46.93333333333334,46.93333333333334,0.0010359306284640172,99.69772051926275
50a7e551a7b3f8d37cd6e32d8bfbe5ea,140.0,27.96,1,1,1,140.0,19.971428571428575,140.0,140.0,0.0010300446589841079,99.69875056392173
a89e143d5211473ae18db9577ee34b64,140.0,19.68,2,2,2,70.0,14.057142857142857,70.0,70.0,0.0010300446589841079,99.69978060858072
52a50b42accf164f9f019941e5759d9b,139.96,57.059999999999995,4,4,2,34.99,40.76879108316661,34.99,34.99,0.0010297503605101125,99.70081035894124
fa8d335d68129e464e60c1826a683e96,139.9,34.78,1,1,1,139.9,24.860614724803433,139.9,139.9,0.0010293089127991193,99.70183966785405
d8bf0fc082fd4a77fc2e5679b6c00133,139.9,9.14,1,1,1,139.9,6.53323802716226,139.9,139.9,0.0010293089127991193,99.70286897676685
19d62d484cba71963c93f0f00ab42013,139.9,22.69,1,1,1,139.9,16.218727662616157,139.9,139.9,0.0010293089127991193,99.70389828567966
3f8247d0f772ffa58560e5c682521ad5,139.9,18.55,1,1,1,139.9,13.259471050750534,139.9,139.9,0.0010293089127991193,99.70492759459246
e8ff5a6ceb895583033fc2a0f314e3c2,139.89,19.08,1,1,1,139.89,13.639288012009438,139.89,139.89,0.0010292353381806203,99.70595682993064
59bbc819b99a733f02f0d6b49d1c253d,139.8,22.950000000000003,2,2,1,69.9,16.416309012875537,69.9,69.9,0.0010285731666141308,99.70698540309725
a154d7316f158bb42e6fa18bbe3afd3a,139.8,50.33,2,2,1,69.9,36.001430615164516,69.9,69.9,0.0010285731666141308,99.70801397626386
1b0b0f4f95e962d6f32fe90c759d0479,139.8,23.37,2,2,2,69.9,16.716738197424892,69.9,69.9,0.0010285731666141308,99.70904254943046
6a53b90c3ad9e0b56d9fe5c69165fff5,139.78,55.0,2,4,2,34.945,39.34754614394048,69.89,34.945,0.001028426017377133,99.71007097544783
657969cca82e884d272385ec0ef06edd,139.70000000000002,51.86,3,3,3,46.56666666666667,37.12240515390121,46.56666666666667,46.56666666666667,0.0010278374204291422,99.71109881286826
63b9ae557efed31d1f7687917d248a8d,139.5,102.81,5,7,6,19.928571428571427,73.6989247311828,27.9,19.928571428571427,0.0010263659280591647,99.71212517879631
818d28f936e791926d33bcb6ee94ef79,139.5,77.2,5,5,5,27.9,55.340501792114694,27.9,27.9,0.0010263659280591647,99.71315154472437
26e2e5033827d2ba53929f43e03d8ffe,139.49,15.29,1,1,1,139.49,10.961359237221306,139.49,139.49,0.0010262923534406659,99.71417783707781
4a5b36211b1f51bf7eaa5c10a57fa483,139.19,16.07,1,1,1,139.19,11.545369638623464,139.19,139.19,0.0010240851148857,99.7152019221927
5a9b3bcab695173c820e53934574ae80,139.0,64.77,1,1,1,139.0,46.597122302158276,139.0,139.0,0.0010226871971342215,99.71622460938984
712efd3b68f9686dc856b84abd0f21ae,139.0,17.16,1,1,1,139.0,12.345323741007194,139.0,139.0,0.0010226871971342215,99.71724729658698
57a834594e1e9e9219603bfec184eadc,139.0,27.05,1,1,1,139.0,19.46043165467626,139.0,139.0,0.0010226871971342215,99.71826998378411
f114dca2828bf718548db175ebe2cfcd,139.0,13.99,1,1,1,139.0,10.06474820143885,139.0,139.0,0.0010226871971342215,99.71929267098125
c747d5b92c7648417faea95d36d763e8,139.0,85.75,1,1,1,139.0,61.69064748201439,139.0,139.0,0.0010226871971342215,99.72031535817838
f049a72cf58fd31b11f8919cade515e7,138.75,32.24,3,4,3,34.6875,23.236036036036037,46.25,34.6875,0.0010208478316717498,99.72133620601005
96f7c797de9ca20efbe14545bed63eec,138.60000000000002,38.37,1,3,1,46.20000000000001,27.683982683982677,138.60000000000002,46.20000000000001,0.001019744212394267,99.72235595022245
717b78b0950b51ed00b1471d858b0edc,138.6,81.15,5,5,2,27.72,58.549783549783555,27.72,27.72,0.0010197442123942668,99.72337569443485
8cb7c5ddf41f4d506eba76e9a4702a25,138.0,44.37,2,2,1,69.0,32.15217391304348,69.0,69.0,0.0010153297352843349,99.72439102417013
044668ccd5316b12a7cf0d54a156e3e9,137.8,53.55,3,4,1,34.45,38.860667634252536,45.93333333333334,34.45,0.0010138582429143578,99.72540488241305
0b64bcdb0784abc139af04077d49a20e,137.6,68.21000000000001,4,4,2,34.4,49.57122093023257,34.4,34.4,0.0010123867505443804,99.72641726916359
ea846a0e7ad98a741783e886d89dfa44,137.0,55.26,2,3,2,45.666666666666664,40.33576642335766,68.5,45.666666666666664,0.0010079722734344485,99.72742524143702
db6a4d4b5f1f5f98820ce6ce2619e2de,135.99,12.16,1,1,1,135.99,8.941833958379291,135.99,135.99,0.0010005412369660633,99.72842578267398
377bc18334c78dd2f1535ef22a3ad225,135.98,88.46,1,1,1,135.98,65.05368436534783,135.98,135.98,0.0010004676623475643,99.72942625033633
dd39ad39b5d3df33037e141c72497ba6,135.8,29.049999999999997,2,2,2,67.9,21.391752577319583,67.9,67.9,0.0009991433192145847,99.73042539365555
e3e290b38963293022cdcd6db8328103,135.7,46.34,3,3,2,45.23333333333333,34.14885777450258,45.23333333333333,45.23333333333333,0.000998407573029596,99.73142380122859
7c4adcc13272c0e26fa23aac642adb7b,135.0,30.630000000000003,2,2,2,67.5,22.68888888888889,67.5,67.5,0.0009932573497346755,99.73241705857832
59de1d4c8c057c2a53acd4ca66531af2,135.0,21.75,1,1,1,135.0,16.11111111111111,135.0,135.0,0.0009932573497346755,99.73341031592805
83c8aafbefb034674a70de0eac5b8954,134.9,50.97,2,2,2,67.45,37.78354336545589,67.45,67.45,0.000992521603549687,99.7344028375316
5def4c3732941a971cba8fdee992ede1,134.8,66.24,5,6,5,22.46666666666667,49.13946587537092,26.96,22.46666666666667,0.0009917858573646981,99.73539462338897
c5e60e39c0f42b8e827daa13cff74afa,134.0,89.10000000000001,6,8,4,16.75,66.49253731343285,22.333333333333332,16.75,0.000985899887884789,99.73638052327685
8e4f041ff58e7845456d3482524014b3,133.8,48.59,2,2,2,66.9,36.31539611360239,66.9,66.9,0.0009844283955148117,99.73736495167236
062c325cd6a2b87845fab56b4ec2eeae,133.22,23.86,2,2,2,66.61,17.910223690136615,66.61,66.61,0.0009801610676418776,99.73834511274
c87abc38c8ed3240861729e1aeadf221,133.0,15.68,1,1,1,133.0,11.789473684210526,133.0,133.0,0.0009785424260349027,99.73932365516605
7adbd3210a7b3cc2235e225eef33574d,131.9,72.96,3,3,2,43.96666666666667,55.314632297194834,43.96666666666667,43.96666666666667,0.0009704492180000275,99.74029410438405
fedf2c1386e137f296b3bbf3b635e69d,131.74,79.16,2,5,2,26.348000000000003,60.08805222407773,65.87,26.348000000000003,0.0009692720241040457,99.74126337640816
a218df5c097b0ca409cfaac1488cc7f6,130.69,110.00999999999999,4,4,4,32.6725,84.17629504935343,32.6725,32.6725,0.0009615466891616647,99.74222492309731
939f6e231201f26803cb5c3a3d2940b3,130.6,95.02000000000001,3,4,3,32.65,72.75650842266464,43.53333333333333,32.65,0.0009608845175951749,99.7431858076149
dc120d932ddf9d4dfb6fd68beefda622,130.0,14.44,1,1,1,130.0,11.107692307692307,130.0,130.0,0.0009564700404852432,99.7441422776554
60ad151920c4f6f3ebbe8cfdf6166779,130.0,20.67,2,2,1,65.0,15.9,65.0,65.0,0.0009564700404852432,99.74509874769589
2f3d8b4c9e2ee165075331fea3f3095a,130.0,17.35,1,1,1,130.0,13.346153846153847,130.0,130.0,0.0009564700404852432,99.74605521773638
9fe7c6641c79970ab48185498f547c09,130.0,34.71,1,1,1,130.0,26.700000000000003,130.0,130.0,0.0009564700404852432,99.74701168777688
88af55b4a7ca402b27df16f7c7c9b5d2,130.0,11.52,1,1,1,130.0,8.86153846153846,130.0,130.0,0.0009564700404852432,99.74796815781737
b6f52e346160519c24a23af05410ad32,129.9,13.35,1,1,1,129.9,10.277136258660507,129.9,129.9,0.0009557342943002545,99.74892389211166
0f80a40c312b2472dca482cf50f5186f,129.9,20.1,1,1,1,129.9,15.473441108545035,129.9,129.9,0.0009557342943002545,99.74987962640596
e5def42655b7490edac5a56fe8e9e603,129.9,11.52,1,1,1,129.9,8.868360277136258,129.9,129.9,0.0009557342943002545,99.75083536070025
44ed138eca6214d572ce1d813fb0049b,129.79,56.01,2,3,2,43.26333333333333,43.154326219277294,64.895,43.26333333333333,0.0009549249734967668,99.75179028567375
45c20d94d9171b0bcfab3c955e47d67b,129.45999999999998,81.11,4,4,4,32.364999999999995,62.652556774293224,32.364999999999995,32.364999999999995,0.0009524970110863042,99.75274278268483
ef728fa1f17436c91ed1ccd03dcf9631,128.7,58.12,3,4,4,32.175,45.15928515928516,42.9,32.175,0.0009469053400803906,99.75368968802492
391bbd13b6452244774beff1824006ed,127.8,35.4,2,2,1,63.9,27.699530516431924,63.9,63.9,0.0009402836244154927,99.75462997164934
47f55702f598c7c6cc8458b0fbc1c49a,127.5,35.9,2,2,2,63.75,28.15686274509804,63.75,63.75,0.0009380763858605269,99.7555680480352
5bc237df65098fe211bb4818f4d26d78,126.80000000000001,57.09,2,2,2,63.400000000000006,45.02365930599369,63.400000000000006,63.400000000000006,0.0009329261625656064,99.75650097419776
7c9130f5f3729edd32aa059141d92484,126.0,67.15,3,4,1,31.5,53.29365079365079,42.0,31.5,0.000927040193085697,99.75742801439085
c26ba52cf8d2f34915f2f6b7ffa0a3f3,125.96,46.69,4,4,2,31.49,37.06732295966974,31.49,31.49,0.0009267458946117015,99.75835476028547
f9a02f1922d1de564392e656d82b3fda,125.9,11.49,1,1,1,125.9,9.126290706910247,125.9,125.9,0.0009263044469007086,99.75928106473238
934ed5cd1b9c1c7382d0a94a94b9e639,125.85,26.62,1,1,1,125.85,21.15216527612237,125.85,125.85,0.0009259365738082141,99.76020700130618
788f22bafdd7ab0e1e79f19db72f16a4,125.80000000000001,26.240000000000002,2,2,2,62.900000000000006,20.858505564387915,62.900000000000006,62.900000000000006,0.0009255687007157199,99.76113257000691
9558aa23f77a9e0a0eca83540999f43b,125.7,29.88,2,2,2,62.85,23.7708830548926,62.85,62.85,0.0009248329545307313,99.76205740296143
570d4583587a5fe2d47c7be89b91ad27,125.25,23.67,2,2,2,62.625,18.898203592814372,62.625,62.625,0.0009215220966982822,99.76297892505814
ec2e006556300a79a5a91e4876ab3a56,125.2,66.04,4,8,2,15.65,52.74760383386582,31.3,15.65,0.0009211542236057881,99.76390007928174
57df9869a600bd6b7c405f2a862eccfb,125.0,72.21000000000001,5,5,1,25.0,57.76800000000001,25.0,25.0,0.0009196827312358106,99.76481976201298
c092292535a57dacd95a8765f5518f87,125.0,18.98,1,1,1,125.0,15.184000000000001,125.0,125.0,0.0009196827312358106,99.76573944474421
ff82e8873fba613f2261a9acc896fd84,124.6,58.93,4,4,3,31.15,47.29534510433387,31.15,31.15,0.000916739746495856,99.76665618449071
693660429f9dc4ff704eb3d88dad54d7,124.0,24.119999999999997,2,2,1,62.0,19.451612903225804,62.0,62.0,0.0009123252693859241,99.7675685097601
08061dc0fc165ed41288cc7acde738ee,123.80000000000001,58.42,4,4,3,30.950000000000003,47.189014539579965,30.950000000000003,30.950000000000003,0.000910853777015947,99.76847936353711
8d92f3ea807b89465643c219455e7369,121.2,131.57,3,8,3,15.15,108.55610561056103,40.4,15.15,0.0008917243762062419,99.76937108791331
89757206b887aed36f3e18d858460fea,120.5,55.64,2,2,2,60.25,46.17427385892116,60.25,60.25,0.0008865741529113214,99.77025766206623
876182d1918783bbe15233febfbd4926,120.27,34.730000000000004,3,3,3,40.089999999999996,28.87669410493058,40.089999999999996,40.089999999999996,0.0008848819366858475,99.77114254400291
698f5fa55a5f73d0740e9d9a773e8093,120.0,83.99,4,6,2,20.0,69.99166666666666,30.0,20.0,0.0008828954219863782,99.7720254394249
bdf0d02d36a1d839d0c39c4a887cdd49,120.0,95.95,5,7,2,17.142857142857142,79.95833333333333,24.0,17.142857142857142,0.0008828954219863782,99.77290833484687
a353b1083c9863d756d9404695016d64,120.0,17.09,1,1,1,120.0,14.241666666666667,120.0,120.0,0.0008828954219863782,99.77379123026886
bba8d0c234a52b87b3957037a215d1a4,120.0,19.53,1,1,1,120.0,16.275000000000002,120.0,120.0,0.0008828954219863782,99.77467412569084
1927cdb9fa74f5270097f6250e8e8f34,120.0,58.92,1,1,1,120.0,49.1,120.0,120.0,0.0008828954219863782,99.77555702111282
003554e2dce176b5555353e4f3555ac8,120.0,19.38,1,1,1,120.0,16.150000000000002,120.0,120.0,0.0008828954219863782,99.7764399165348
35281d148dcf7134bae913c57db4e6da,119.99,17.03,1,1,1,119.99,14.19284940411701,119.99,119.99,0.0008828218473678793,99.77732273838217
3903c788ded8dc03b5ebab37a2f3e9a1,119.97999999999999,51.269999999999996,5,5,4,23.996,42.732122020336725,23.996,23.996,0.0008827482727493804,99.77820548665491
e09887ca8c7bf8a4621ce481820414ef,119.96000000000001,58.699999999999996,3,4,4,29.990000000000002,48.93297765921973,39.98666666666667,29.990000000000002,0.0008826011235123828,99.77908808777842
07a9bc7f61396b658ddf3ac534efe44c,119.9,15.59,1,1,1,119.9,13.00250208507089,119.9,119.9,0.0008821596758013895,99.77997024745422
d1aa1ec0839dcab73a6161130eb1f94a,119.9,16.14,1,1,1,119.9,13.461217681401166,119.9,119.9,0.0008821596758013895,99.78085240713001
e9b6c33b71b67737693b4cfa68341c8d,119.9,21.49,1,1,1,119.9,17.923269391159298,119.9,119.9,0.0008821596758013895,99.78173456680581
a150c540f572d0fb53992264bc5c10b5,119.9,15.59,1,1,1,119.9,13.00250208507089,119.9,119.9,0.0008821596758013895,99.7826167264816
674207551483fec113276b67b0d871ff,119.9,13.94,1,1,1,119.9,11.626355296080066,119.9,119.9,0.0008821596758013895,99.7834988861574
7c4402417d51474d4d0cda9557340e40,119.9,27.69,1,1,1,119.9,23.094245204336946,119.9,119.9,0.0008821596758013895,99.7843810458332
be1e9e378700cecaa4ebf71433d7915c,119.89000000000001,37.62,2,2,1,59.94500000000001,31.378763866877968,59.94500000000001,59.94500000000001,0.0008820861011828909,99.78526313193439
8eb88b0acb3f90a717ad659221471fa7,119.8,40.87,2,2,2,59.9,34.115191986644405,59.9,59.9,0.0008814239296164009,99.786144555864
910a922b426b7ff95eaee129ad6c0e1f,119.8,31.16,2,2,1,59.9,26.01001669449082,59.9,59.9,0.0008814239296164009,99.78702597979361
bf0045791395e66460eb04749c68672a,119.8,35.45,2,2,1,59.9,29.590984974958268,59.9,59.9,0.0008814239296164009,99.78790740372322
e5bd51692380fd8cabb19b756b95e714,119.69999999999999,33.34,3,3,2,39.9,27.852965747702598,39.9,39.9,0.0008806881834314122,99.78878809190665
26e13b6ff5b641b329e5524241ee2c93,119.69999999999999,69.97999999999999,4,4,4,29.924999999999997,58.462823725981615,29.924999999999997,29.924999999999997,0.0008806881834314122,99.78966878009008
a9b533a26e898b12e8b8d4c07279bf4d,119.6,71.46,4,4,1,29.9,59.749163879598655,29.9,29.9,0.0008799524372464236,99.79054873252733
22c32ec35d0116ef02c281798a25bf8b,119.58,90.43,4,6,2,19.93,75.62301388192006,29.895,19.93,0.000879805288009426,99.79142853781534
36f98ad67cc981f50ce8aed093d5783c,119.4,39.22,2,2,2,59.7,32.847571189279726,59.7,59.7,0.0008784809448764464,99.79230701876021
fc38b5dceee1a730fad8853453437fbd,119.2,58.81,5,5,5,23.84,49.33724832214765,23.84,23.84,0.000877009452506469,99.79318402821272
fc908879b9ca1bd65419e54e50432d38,119.19999999999999,52.68,4,4,2,29.799999999999997,44.19463087248322,29.799999999999997,29.799999999999997,0.000877009452506469,99.79406103766523
e82de6494d91d3c4c54450f59b227a94,118.9,38.8,3,3,2,39.63333333333333,32.632464255677036,39.63333333333333,39.63333333333333,0.000874802213951503,99.79493583987919
fd312b6bf05efac6c3772d5b52205d8a,118.69999999999999,45.62,2,4,2,29.674999999999997,38.43302443133951,59.349999999999994,29.674999999999997,0.0008733307215815257,99.79580917060076
e9c2dc0dd4ac38448289be644ac94f42,118.39,56.22,3,3,3,39.46333333333333,47.487118844497,39.46333333333333,39.46333333333333,0.000871049908408061,99.79668022050917
4c60877808f4318ef1107fbeb8f89afa,118.0,32.63,2,2,2,59.0,27.652542372881356,59.0,59.0,0.0008681804982866052,99.79754840100746
aa1eb17b9fdf6dfd546e25c45c7b9235,117.99,36.269999999999996,3,4,2,29.4975,30.739893211289086,39.33,29.4975,0.0008681069236681064,99.79841650793112
b416191c9813d821a295cfabafff4161,117.8,32.34,2,2,1,58.9,27.45331069609508,58.9,58.9,0.000866709005916628,99.79928321693704
40ec8ab6cdafbcc4f544da38c67da39a,117.8,39.2,2,2,1,58.9,33.276740237691,58.9,58.9,0.000866709005916628,99.80014992594296
13dd308f81fea30cc670c656b2b46cc3,117.69999999999999,33.440000000000005,3,3,2,39.23333333333333,28.411214953271035,39.23333333333333,39.23333333333333,0.0008659732597316393,99.8010158992027
9bade61a92bed55a25d2b67b9f4ed739,117.68,57.12,2,3,1,39.22666666666667,48.53840924541128,58.84,39.22666666666667,0.0008658261104946416,99.8018817253132
bca9230d3bbb4efa51872bf605a2f1ad,117.57,50.63,5,5,3,23.514,43.063706727906784,23.514,23.514,0.000865016789691154,99.80274674210288
781a66c0d89e30814d49fe8b5e14cd07,115.0,21.3,1,1,1,115.0,18.521739130434785,115.0,115.0,0.0008461081127369458,99.80359285021562
9bf11dfc0bec77e5a23028043c3c5a8f,115.0,17.06,1,1,1,115.0,14.834782608695651,115.0,115.0,0.0008461081127369458,99.80443895832836
93bef6edaa84956e8e575016449b6351,115.0,14.56,1,1,1,115.0,12.660869565217393,115.0,115.0,0.0008461081127369458,99.8052850664411
039b29ff3b3473435d0cd59040575de9,114.9,100.65,9,9,7,12.766666666666667,87.59791122715404,12.766666666666667,12.766666666666667,0.0008453723665519571,99.80613043880766
8c351ed7c326c62123318f4f3246e906,114.9,35.76,2,2,1,57.45,31.122715404699736,57.45,57.45,0.0008453723665519571,99.80697581117421
296729ffb9b684050dd24836dac4494a,114.0,35.61,2,2,2,57.0,31.236842105263158,57.0,57.0,0.0008387506508870593,99.8078145618251
4c4d546adf3c3868fe19c9ec6e9ffda9,111.69999999999999,45.39,2,3,2,37.23333333333333,40.63563115487914,55.849999999999994,37.23333333333333,0.0008218284886323203,99.80863639031372
ac1ed5fc15901fbc92920361eb4ab350,110.25,13.79,1,1,1,110.25,12.507936507936506,110.25,110.25,0.0008111601689499851,99.80944755048267
28d162ab86bb49d719c32f0ee6186eaa,109.99,17.21,1,1,1,109.99,15.646876988817166,109.99,109.99,0.0008092472288690144,99.81025679771155
4be9ae93c4fc0f41713d71a4194ee1b3,109.9,27.07,1,1,1,109.9,24.63148316651501,109.9,109.9,0.0008085850573025247,99.81106538276885
e732329483fd5f27367dd997b47f598a,109.9,34.57,1,1,1,109.9,31.45586897179254,109.9,109.9,0.0008085850573025247,99.81187396782614
2c9005d8043aff18b8557ffb7b13cda4,109.9,19.74,1,1,1,109.9,17.961783439490446,109.9,109.9,0.0008085850573025247,99.81268255288344
7bb8fac2913a6064ec412e583c6d8b4d,109.0,16.52,1,1,1,109.0,15.155963302752292,109.0,109.0,0.000801963341637627,99.81348451622509
db7ed69a53aa9fb1c01930ba54a88bbe,109.0,11.78,1,1,1,109.0,10.807339449541283,109.0,109.0,0.000801963341637627,99.81428647956673
92992bec39dde5766f590d3b1f46d465,109.0,12.67,1,1,1,109.0,11.623853211009175,109.0,109.0,0.000801963341637627,99.81508844290838
4cc43a222a0f94910728b62b97a8c5f8,108.5,12.26,1,1,1,108.5,11.299539170506913,108.5,108.5,0.0007982846107126837,99.81588672751909
e88165a185134e13fdfc85d4fa654db8,108.0,41.22,2,2,2,54.0,38.166666666666664,54.0,54.0,0.0007946058797877405,99.81668133339888
bb3dca718920a4d7ec3cc9ffb025108b,108.0,93.7,2,3,2,36.0,86.75925925925925,54.0,36.0,0.0007946058797877405,99.81747593927867
941554c5757b73ba0e50aa7732310afc,107.69,58.66,3,4,2,26.9225,54.471167239297976,35.89666666666667,26.9225,0.0007923250666142755,99.81826826434528
44717f64ec2a457979cf83c429077666,107.0,63.91,2,3,2,35.666666666666664,59.72897196261682,53.5,35.666666666666664,0.000787248417937854,99.81905551276321
077c5fae4bea9500e3737b16f71b9d3a,106.80000000000001,70.44,4,6,3,17.8,65.95505617977527,26.700000000000003,17.8,0.0007857769255678766,99.81984128968878
a69aa24cec11168e7e39a3fbc727e925,105.97,34.32,3,3,2,35.32333333333333,32.38652448806266,35.32333333333333,35.32333333333333,0.0007796702322324709,99.82062095992102
271b8923c6a549e02d3c9fd1f8c0422b,105.19,13.4,1,1,1,105.19,12.738853503184714,105.19,105.19,0.0007739314119895593,99.821394891333
630008e0f062605a415d694489f6f82e,105.15,30.35,2,3,2,35.050000000000004,28.863528292914882,52.575,35.050000000000004,0.000773637113515564,99.82216852844651
3d2400ac620cffa23ac81bd192f7f555,105.0,8.9,1,1,1,105.0,8.476190476190476,105.0,105.0,0.0007725334942380811,99.82294106194075
3bb32fedaa74e4ad20f4ce067733bd31,103.69999999999999,58.86,2,3,2,34.56666666666666,56.759884281581485,51.849999999999994,34.56666666666666,0.0007629687938332285,99.82370403073459
62de60d81c55c29d76a6bce418b31cef,103.0,23.87,1,1,1,103.0,23.174757281553397,103.0,103.0,0.000757818570538308,99.82446184930512
461ff5303b6c9c1a4a07f40c5aece516,102.69999999999999,58.73,3,3,2,34.23333333333333,57.18597857838365,34.23333333333333,34.23333333333333,0.000755611331983342,99.8252174606371
ab91571efab27993ff2f6b36e38055c3,102.24,56.69,3,4,1,25.56,55.447965571205,34.08,25.56,0.0007522268995323943,99.82596968753664
160851d3ece7aa1a510f8d1a4bb8a8af,102.05,39.099999999999994,2,2,2,51.025,38.31455169034786,51.025,51.025,0.0007508289817809158,99.82672051651842
be67f78487e2cecb0d55bc769709e4f5,102.0,23.64,1,1,1,102.0,23.176470588235297,102.0,102.0,0.0007504611086884216,99.82747097762712
96e5dc09087bad639b4ee193104ec2e5,101.9,52.54,2,2,2,50.95,51.5603532875368,50.95,50.95,0.0007497253625034329,99.82822070298963
4fae87d32467e18eb46e4a76a0a0b9ce,100.9,19.9,1,1,1,100.9,19.722497522299303,100.9,100.9,0.0007423679006535464,99.82896307089028
a4fc6eadaff1576af888509a53420f6a,100.86,20.76,1,1,1,100.86,20.582986317668055,100.86,100.86,0.0007420736021795509,99.82970514449246
011b0eaba87386a2ae96a7d32bb531d1,99.98,29.18,1,2,1,49.99,29.185837167433487,99.98,49.99,0.0007355990357516507,99.83044074352821
79b93a308a97792cf53ac75f46da00b5,99.9,16.14,1,1,1,99.9,16.156156156156158,99.9,99.9,0.0007350104388036599,99.83117575396702
80cfd480be3eb6d6267139f5cb793555,99.9,26.44,1,1,1,99.9,26.466466466466464,99.9,99.9,0.0007350104388036599,99.83191076440582
2d20f1cd18725c91147da0791d498022,99.8,19.89,1,1,1,99.8,19.929859719438877,99.8,99.8,0.0007342746926186712,99.83264503909844
aa8af66c623d7d544dfe4bb85b5ebe3b,99.0,15.57,1,1,1,99.0,15.727272727272728,99.0,99.0,0.000728388723138762,99.83337342782157
247587846358bb1d2e4c6522020b36fe,99.0,22.51,1,1,1,99.0,22.73737373737374,99.0,99.0,0.000728388723138762,99.8341018165447
a7c53f6b3b61adbdaa99dda97e8cbd56,99.0,11.3,1,1,1,99.0,11.414141414141415,99.0,99.0,0.000728388723138762,99.83483020526783
26562f211dd1364af2a8596dc945e8ae,99.0,16.11,2,2,2,49.5,16.272727272727273,49.5,49.5,0.000728388723138762,99.83555859399097
1fbe10c70e30765ed1de86d9f7e98409,98.75,59.36,2,6,2,16.458333333333332,60.11139240506329,49.375,16.458333333333332,0.0007265493576762904,99.83628514334865
9e17b9d64683aebcbb9ee362d06463b4,98.69999999999999,37.97,2,3,2,32.9,38.47011144883486,49.349999999999994,32.9,0.0007261814845837961,99.83701132483323
5f57db27027655e6c6a391601daa0258,98.0,53.04,1,1,1,98.0,54.12244897959183,98.0,98.0,0.0007210312612888755,99.83773235609452
00ab3eff1b5192e5f1a63bcecfee11c8,98.0,12.08,1,1,1,98.0,12.326530612244898,98.0,98.0,0.0007210312612888755,99.83845338735581
eaaa46e98c9e61f6764dd1d7a2ab8b3e,98.0,27.64,1,1,1,98.0,28.20408163265306,98.0,98.0,0.0007210312612888755,99.8391744186171
1c742ac33582852aaf3bcfbf5893abcf,97.9,15.79,1,1,1,97.9,16.128702757916237,97.9,97.9,0.000720295515103887,99.83989471413221
c7bb64409aa480bb7d0335faaaf3d242,97.6,67.56,4,4,2,24.4,69.22131147540983,24.4,24.4,0.0007180882765489209,99.84061280240876
70126eecc6aa1274392a1743866e9678,97.39999999999999,47.34,3,3,2,32.46666666666666,48.60369609856264,32.46666666666666,32.46666666666666,0.0007166167841789436,99.84132941919293
e3e15e2c0b9700561efac21c6be48066,97.24,42.5,3,4,3,24.31,43.70629370629371,32.413333333333334,24.31,0.0007154395902829618,99.84204485878321
270572bb714b00531be85e16e1550f26,96.99,14.77,1,1,1,96.99,15.228374059181359,96.99,96.99,0.0007136002248204902,99.84275845900804
bcf5566870987da7bc811fbc8c5b9fd9,96.0,31.12,1,4,1,24.0,32.416666666666664,96.0,24.0,0.0007063163375891025,99.84346477534562
034b9387752bfa309f350a70cd45ffa3,96.0,144.26,8,8,2,12.0,150.27083333333334,12.0,12.0,0.0007063163375891025,99.84417109168321
f43827dd686be3a4a80e00aa299990fb,95.54,30.2,1,2,1,47.77,31.609796943688508,95.54,47.77,0.0007029319051381548,99.84487402358835
22a23e5ac7061fc538cc2a019afaaf16,95.0,14.42,1,1,1,95.0,15.178947368421053,95.0,95.0,0.0006989588757392161,99.84557298246409
74a9b9bddf14ece02beb81f52c41a88d,95.0,22.06,2,2,2,47.5,23.221052631578946,47.5,47.5,0.0006989588757392161,99.84627194133984
7a073a40a9d3f1fee8bc45670ea1e909,95.0,17.78,1,1,1,95.0,18.71578947368421,95.0,95.0,0.0006989588757392161,99.84697090021558
623ad9d0c1e14bb5464a8c72bff7b4af,95.0,38.96,1,1,1,95.0,41.01052631578948,95.0,95.0,0.0006989588757392161,99.84766985909133
8cf21434553b02cbd37c0bbd07e041b0,94.98,67.15,2,2,2,47.49,70.69909454622027,47.49,47.49,0.0006988117265022184,99.84836867081783
253c025bab43881055aeecde5e2d8b77,94.82,29.509999999999998,2,2,1,47.41,31.12212613372706,47.41,47.41,0.0006976345326062364,99.84906630535043
443d880f15cbd3572885e1d44bf2c478,94.8,30.2,1,2,1,47.4,31.856540084388186,94.8,47.4,0.0006974873833692388,99.8497637927338
43b2c864251aa0ce4030c746984e088a,94.8,34.52,2,2,2,47.4,36.41350210970465,47.4,47.4,0.0006974873833692388,99.85046128011716
7a704e63bb29c446869efde5d57524c8,94.49,15.41,1,1,1,94.49,16.308604085088373,94.49,94.49,0.0006952065701957739,99.85115648668736
6235903333ba7de1928c869e268e5964,94.06,41.42,1,1,1,94.06,44.035721879651284,94.06,94.06,0.0006920428616003228,99.85184852954896
2aafae69bf4c41fbd94053d9413e87ee,94.0,29.869999999999997,2,2,2,47.0,31.776595744680847,47.0,47.0,0.0006916014138893296,99.85254013096285
376d67b61dce0c990155286e7ae486a4,94.0,17.91,1,1,1,94.0,19.0531914893617,94.0,94.0,0.0006916014138893296,99.85323173237674
5305693ffae2d3463377b1f6fe67b15a,93.56,12.99,1,1,1,93.56,13.884138520735355,93.56,93.56,0.0006883641306753796,99.85392009650742
6b2612338467c08c9b25f0cc55b1578d,92.9,20.97,1,1,1,92.9,22.572658772874053,92.9,92.9,0.0006835082058544546,99.85460360471328
1fddcb7b326905d3ad5efe82187db347,92.0,13.22,1,1,1,92.0,14.369565217391306,92.0,92.0,0.0006768864901895566,99.85528049120346
c4b911d06343b21dd906651f8101cb49,90.98,50.349999999999994,2,2,2,45.49,55.34183336997142,45.49,45.49,0.0006693818791026724,99.85594987308257
01266d4c46afa519678d16a8b683d325,90.25,47.230000000000004,3,3,3,30.083333333333332,52.332409972299175,30.083333333333332,30.083333333333332,0.0006640109319522553,99.85661388401452
f8f35af4634605e6693c17cc3ffff5a8,90.0,16.39,1,1,1,90.0,18.211111111111112,90.0,90.0,0.0006621715664897837,99.85727605558101
52b53f7061969fe471d119b6195da864,90.0,8.37,1,1,1,90.0,9.299999999999999,90.0,90.0,0.0006621715664897837,99.8579382271475
1cbcd2ee0afb3fc09963b87eb65e7e4f,90.0,40.650000000000006,1,3,1,30.0,45.16666666666667,90.0,30.0,0.0006621715664897837,99.85860039871399
d7d517afce974cd491b8d52bb5b5b1fc,89.99,18.73,1,1,1,89.99,20.813423713745973,89.99,89.99,0.0006620979918712848,99.85926249670587
6d04126aba80df143fd038e711b8fd96,89.99,18.87,1,1,1,89.99,20.9689965551728,89.99,89.99,0.0006620979918712848,99.85992459469774
8dd386be0767c330276ea6a3f96532d3,89.98,44.5,1,2,1,44.99,49.45543454100911,89.98,44.99,0.0006620244172527859,99.860586619115
741f8c587cb4248ebc5b779a0e8e0e51,89.95,67.69,5,5,5,17.990000000000002,75.25291828793775,17.990000000000002,17.990000000000002,0.0006618036933972893,99.8612484228084
154bdf805377afea75a3bd158e9eab10,89.9,19.82,1,1,1,89.9,22.046718576195772,89.9,89.9,0.000661435820304795,99.8619098586287
83d458c0d6d4f94295d63f091460bd60,89.9,15.84,1,1,1,89.9,17.61957730812013,89.9,89.9,0.000661435820304795,99.86257129444901
a72f15980dc3e9bfd1a49ac9b2f3af65,89.9,18.73,1,1,1,89.9,20.83426028921023,89.9,89.9,0.000661435820304795,99.86323273026932
889009a0ed0bb52c87819941192931b8,89.9,33.08,1,1,1,89.9,36.7964404894327,89.9,89.9,0.000661435820304795,99.86389416608962
fc99f99385ae90f66f01733856fb88c9,89.9,21.12,1,1,1,89.9,23.492769744160178,89.9,89.9,0.000661435820304795,99.86455560190993
2bdb95a56a36ebbc6640337ac5eac174,89.9,18.0,1,1,1,89.9,20.022246941045605,89.9,89.9,0.000661435820304795,99.86521703773023
97e50a621f8e801f4baf69e08687c192,89.9,7.88,1,1,1,89.9,8.765294771968854,89.9,89.9,0.000661435820304795,99.86587847355054
4aba6a02a788d3ec81c03137144d9a80,89.9,15.38,1,1,1,89.9,17.10789766407119,89.9,89.9,0.000661435820304795,99.86653990937084
5741dc2bf5044c34d0698681c5081bed,89.69999999999999,34.05,3,3,2,29.899999999999995,37.95986622073579,29.899999999999995,29.899999999999995,0.0006599643279348176,99.86719987369878
b8d890108a7a80e4f5d59eea9f362438,89.69999999999999,34.59,2,3,2,29.899999999999995,38.561872909699005,44.849999999999994,29.899999999999995,0.0006599643279348176,99.86785983802672
6624bc09786f0e41ae48dfc5eeb1a9e2,89.54,17.47,1,1,1,89.54,19.51083314719678,89.54,89.54,0.0006587871340388359,99.86851862516076
b3809b8d4394588a47c8470ea331e135,89.0,7.88,1,1,1,89.0,8.853932584269662,89.0,89.0,0.0006548141046398972,99.8691734392654
499185655c29ecfdbfe776ef7cf875b5,89.0,17.33,1,1,1,89.0,19.47191011235955,89.0,89.0,0.0006548141046398972,99.86982825337003
da2782c804606d2a5d8e1760dbb3e7ec,89.0,14.37,1,1,1,89.0,16.146067415730336,89.0,89.0,0.0006548141046398972,99.87048306747467
65c255b299faf2d12050937cc219c46c,88.2,21.88,2,2,1,44.1,24.807256235827662,44.1,44.1,0.000648928135159988,99.87113199560983
fa7ad8ae9bcb2c4493fdf38e96b1d74f,88.0,23.7,1,2,1,44.0,26.93181818181818,88.0,44.0,0.0006474566427900107,99.87177945225262
466222e777149751370e7e98fb623b0c,87.9,17.55,1,1,1,87.9,19.965870307167236,87.9,87.9,0.000646720896605022,99.87242617314924
dd264199fc8b687ad029de7de6d760e6,87.9,20.7,1,1,1,87.9,23.549488054607508,87.9,87.9,0.000646720896605022,99.87307289404585
9cea4682e16655f7da87f406902e989e,87.75999999999999,131.47,4,9,2,9.75111111111111,149.806289881495,21.939999999999998,9.75111111111111,0.0006456908519460379,99.87371858489779
2fa13c8bd5705d279f7ed5cc9ec61c68,87.4,61.3,2,4,2,21.85,70.13729977116704,43.7,21.85,0.0006430421656800788,99.87436162706346
4fe2f67634d00c021aa01f96b6f2d68e,86.8,32.04,2,2,2,43.4,36.91244239631337,43.4,43.4,0.0006386276885701469,99.87500025475204
60da8bfa7eebe230b7d66ac4082d79b3,86.6,38.67,3,3,2,28.866666666666664,44.65357967667437,28.866666666666664,28.866666666666664,0.0006371561962001696,99.87563741094824
b86a47b3366e3b5424a7b225781f4908,86.5,19.85,1,1,1,86.5,22.94797687861272,86.5,86.5,0.0006364204500151809,99.87627383139827
00d8b143d12632bad99c0ad66ad52825,86.0,51.1,1,1,1,86.0,59.41860465116279,86.0,86.0,0.0006327417190902377,99.87690657311735
20fd2d2080ed85fa67fad3fcbb2c1813,85.9,19.57,1,1,1,85.9,22.78230500582072,85.9,85.9,0.0006320059729052491,99.87753857909026
a2b911e9ad40dc7d61c142a4683e2d85,85.9,34.4,1,1,1,85.9,40.04656577415599,85.9,85.9,0.0006320059729052491,99.87817058506316
5566627eab3fe93fd6ee08798226101a,85.5,102.31,5,5,4,17.1,119.66081871345028,17.1,17.1,0.0006290629881652945,99.87879964805133
2b5ed0c9139dae8883a200dfcb272ece,85.41,59.34,4,4,1,21.3525,69.47664207938182,21.3525,21.3525,0.0006284008165988046,99.87942804886792
9b1050e85becf3ae99c1cf4934c9bc5d,85.14,30.2,2,2,1,42.57,35.47098895936105,42.57,42.57,0.0006264143018993353,99.88005446316983
b5dd7151a92ccaaa282cbe9681a05f44,85.0,18.7,1,1,1,85.0,22.0,85.0,85.0,0.0006253842572403512,99.88067984742706
dadc51ef321949ec9a3ab25cd902e23d,85.0,14.34,1,1,1,85.0,16.870588235294118,85.0,85.0,0.0006253842572403512,99.8813052316843
cb5ff1b9715e99589f3e0c7a6afab9e3,85.0,54.03,4,4,2,21.25,63.564705882352946,21.25,21.25,0.0006253842572403512,99.88193061594153
0dfbed20065e425d2eaefb101f9816c0,84.35,49.25,3,3,2,28.116666666666664,58.38767042086545,28.116666666666664,28.116666666666664,0.000620601907037925,99.88255121784857
7f02656561b680def9986c0795a8a080,84.0,27.83,2,2,1,42.0,33.13095238095238,42.0,42.0,0.0006180267953904647,99.88316924464397
dedcab67899479e4ea5dcc4eba47f587,84.0,21.64,2,2,1,42.0,25.761904761904763,42.0,42.0,0.0006180267953904647,99.88378727143936
324583d68897f5ddbaf38f6248322176,84.0,43.989999999999995,2,3,1,28.0,52.36904761904761,42.0,28.0,0.0006180267953904647,99.88440529823475
3febca52652e7209509ccfe61cbde40e,84.0,16.9,2,2,1,42.0,20.119047619047617,42.0,42.0,0.0006180267953904647,99.88502332503015
f5b84683a9bf9e1df748cf40f601b39c,83.9,9.07,1,1,1,83.9,10.810488676996425,83.9,83.9,0.0006172910492054761,99.88564061607936
11d4c477d09821164bca4f70a2eae031,83.04,57.81999999999999,3,4,2,20.76,69.6290944123314,27.680000000000003,20.76,0.0006109636320145738,99.88625157971137
a56a8043ebf66e42119618fb8cf232c6,83.0,23.73,1,1,1,83.0,28.590361445783135,83.0,83.0,0.0006106693335405783,99.88686224904491
c542f5a8c64d973f30e9df8d06f70b4a,81.0,17.31,1,1,1,81.0,21.37037037037037,81.0,81.0,0.0005959544098408053,99.88745820345476
ba8e85df286308fe68a2ce83a8f8b2d6,80.9,16.76,1,1,1,80.9,20.716934487021014,80.9,80.9,0.0005952186636558166,99.88805342211842
52454f90d4c30c016768db02f88c1a74,80.5,67.17,3,5,4,16.1,83.44099378881987,26.833333333333332,16.1,0.0005922756789158621,99.88864569779733
1a8e2d9c38b84a9702ac7922924b0573,80.0,17.0,1,1,1,80.0,21.25,80.0,80.0,0.0005885969479909188,99.88923429474532
a45765f8afb1e594b22bf9e974b46765,79.99,8.93,1,1,1,79.99,11.163895486935866,79.99,79.99,0.0005885233733724199,99.88982281811869
c0f3eea2e14555b6faeea3dd58c1b1c3,79.99,15.66,1,1,1,79.99,19.577447180897614,79.99,79.99,0.0005885233733724199,99.89041134149205
8b11118053756a9a2932f447e11fc1b5,79.99,11.17,1,1,1,79.99,13.964245530691338,79.99,79.99,0.0005885233733724199,99.89099986486542
f09e26011d833ddab11593c1a097a92a,79.9,22.19,1,1,1,79.9,27.77221526908636,79.9,79.9,0.0005878612018059302,99.89158772606723
0f519b0d2e5eb2227c93dd25038bfc01,79.9,23.0,1,1,1,79.9,28.785982478097623,79.9,79.9,0.0005878612018059302,99.89217558726904
9fbd5666d8618fa571c4230fafa09bd6,79.9,16.81,1,1,1,79.9,21.03879849812265,79.9,79.9,0.0005878612018059302,99.89276344847084
dcb7367a92f5ffb89f1e2152ed260285,79.9,18.44,1,1,1,79.9,23.078848560700877,79.9,79.9,0.0005878612018059302,99.89335130967265
ca5832c6960267b71041f74bb39e8b12,79.9,17.81,1,1,1,79.9,22.29036295369211,79.9,79.9,0.0005878612018059302,99.89393917087446
9591fc341b1bfb7ef561e2968ec6e011,79.9,14.31,1,1,1,79.9,17.909887359198997,79.9,79.9,0.0005878612018059302,99.89452703207627
b5b800c4065bebf4d3442311c9857344,79.9,8.91,1,1,1,79.9,11.151439299123904,79.9,79.9,0.0005878612018059302,99.89511489327808
cd233f8bfa30ebfd651f47ee7d054951,79.9,18.66,1,1,1,79.9,23.354192740926155,79.9,79.9,0.0005878612018059302,99.89570275447988
5a32c398a06c345440bf2a683b017ad3,79.8,23.17,2,2,2,39.9,29.035087719298247,39.9,39.9,0.0005871254556209416,99.89628987993551
aa17b35ce4de7b565be3249ba838944f,79.8,34.2,2,2,1,39.9,42.85714285714286,39.9,39.9,0.0005871254556209416,99.89687700539113
c2bda99904207edd1834f03e0022b007,79.8,21.88,2,2,1,39.9,27.418546365914786,39.9,39.9,0.0005871254556209416,99.89746413084676
a7b7354cc588f7566a848bcbb1ce3d96,79.8,25.07,2,2,1,39.9,31.41604010025063,39.9,39.9,0.0005871254556209416,99.89805125630238
918f6fbcf3ab724d805867303e593a1b,79.69999999999999,32.88,2,3,2,26.566666666666663,41.2547051442911,39.849999999999994,26.566666666666663,0.0005863897094359528,99.89863764601182
519a7aa428f18d125a283cf8c014fdd6,79.69999999999999,73.1,3,3,1,26.566666666666663,91.71894604767881,26.566666666666663,26.566666666666663,0.0005863897094359528,99.89922403572126
c8665a4dd081a2c436b1cd921079d0d9,79.39,14.14,1,1,1,79.39,17.810807406474368,79.39,79.39,0.0005841088962624881,99.89980814461752
babcc0ab201e4c60188427cae51a5b8b,79.0,14.13,1,1,1,79.0,17.88607594936709,79.0,79.0,0.0005812394861410324,99.90038938410366
166e8f1381e09651983c38b1f6f91c11,78.8,30.2,2,2,1,39.4,38.3248730964467,39.4,39.4,0.000579767993771055,99.90096915209743
15b3b1b81484422eb41df68ac87f1f50,78.35,24.54,2,2,2,39.175,31.320995532865346,39.175,39.175,0.000576457135938606,99.90154560923337
739c7d7be81f63812dea0d1b1451c651,77.5,71.8,2,2,2,38.75,92.64516129032258,38.75,38.75,0.0005702032933662027,99.90211581252673
5de1c80811ce7007f62f00d971236c09,76.8,30.950000000000003,2,2,2,38.4,40.29947916666667,38.4,38.4,0.000565053070071282,99.9026808655968
3e51f9cbe317bc3a88f2c76583811ee4,76.09,8.69,1,1,1,76.09,11.420686029701669,76.09,76.09,0.0005598292721578626,99.90324069486897
497709c2976a8fa308730a2dec5b0726,76.0,18.04,1,2,1,38.0,23.736842105263158,76.0,38.0,0.0005591671005913729,99.90379986196956
43a5d4a57af536fddc96d08be3afdfcb,75.0,24.83,1,1,1,75.0,33.10666666666666,75.0,75.0,0.0005518096387414864,99.9043516716083
6dd7dce75cd55c1ce255dc38d9f0cd46,75.0,21.33,1,1,1,75.0,28.439999999999998,75.0,75.0,0.0005518096387414864,99.90490348124703
c85d7b477a709c85a1e8b8f25aa1b270,75.0,32.22,1,2,1,37.5,42.96,75.0,37.5,0.0005518096387414864,99.90545529088577
a1bea9970d8f65b240555f99c2214f7f,75.0,27.48,1,1,1,75.0,36.64,75.0,75.0,0.0005518096387414864,99.9060071005245
d52cbce9845184537284a23c3bc3da0e,75.0,63.78,2,4,3,18.75,85.04,37.5,18.75,0.0005518096387414864,99.90655891016324
05aebce0b5c8f0d41b29b686f2d05fd3,74.99000000000001,45.89,2,2,2,37.495000000000005,61.1948259767969,37.495000000000005,37.495000000000005,0.0005517360641229876,99.90711064622737
61b893c57e33626afb104d4112b1be76,74.99,13.1,1,1,1,74.99,17.468995866115485,74.99,74.99,0.0005517360641229876,99.90766238229149
217f005bb37ff3aeef5b2ae1788e75ba,74.97,45.25,3,3,1,24.99,60.35747632386288,24.99,24.99,0.0005515889148859898,99.90821397120638
9c3a1c416c765687bc79a04113269929,74.9,58.9,1,1,1,74.9,78.63818424566087,74.9,74.9,0.0005510738925564978,99.90876504509893
6187a137b2af59dfdbad8d9f8c373c14,74.8,30.22,2,2,1,37.4,40.401069518716575,37.4,37.4,0.000550338146371509,99.9093153832453
a90a5da8b09e44264a177c0374a5ac87,74.69999999999999,72.6,3,3,2,24.899999999999995,97.18875502008034,24.899999999999995,24.899999999999995,0.0005496024001865204,99.90986498564548
d8d9567d0bfb0bc7eb845a205ba42657,74.6,59.71,4,4,3,18.65,80.0402144772118,18.65,18.65,0.0005488666540015317,99.91041385229948
164a5a8794e6d42e14f55e447b12a3bc,73.99,62.77,1,1,1,73.99,84.8357886200838,73.99,73.99,0.0005443786022731011,99.91095823090176
a7d0f8dd44f57ef6de7f7f02e3d82630,73.78999999999999,25.88,2,2,2,36.894999999999996,35.07250304919366,36.894999999999996,36.894999999999996,0.0005429071099031236,99.91150113801166
204b4e07bddef3c9b317f70189135b22,73.4,14.73,1,1,1,73.4,20.068119891008173,73.4,73.4,0.0005400376997816681,99.91204117571144
d4d99b60c4c94cd35acd502cec65dc8d,72.9,14.39,1,1,1,72.9,19.739368998628258,72.9,72.9,0.0005363589688567248,99.9125775346803
e5c84227854980f1db19a58958c551d9,72.81,68.83,4,4,4,18.2025,94.53371789589342,18.2025,18.2025,0.000535696797290235,99.91311323147758
f0ec6a2adb05c62655a26dd347b8dede,72.0,14.78,1,2,1,36.0,20.52777777777778,72.0,36.0,0.000529737253191827,99.91364296873077
8f0fbe2cd4d472157dc1cdef6edecaa9,71.88,22.88,2,2,2,35.94,31.83082915971063,35.94,35.94,0.0005288543577698405,99.91417182308854
028872bfa080090a9d0abd4f1af168f8,70.5,47.37,1,3,1,23.5,67.19148936170212,70.5,23.5,0.0005187010604169972,99.91469052414895
4003520d80d0bad1d5623f7aa3c63cda,70.0,16.74,1,1,1,70.0,23.914285714285715,70.0,70.0,0.0005150223294920539,99.91520554647845
bbf4a892cac7b82422baa711dffb8997,70.0,35.34,1,1,1,70.0,50.48571428571429,70.0,70.0,0.0005150223294920539,99.91572056880794
e4f121bf6ef8b9a1d4d3e65dd0473fab,70.0,36.46,2,2,2,35.0,52.08571428571429,35.0,35.0,0.0005150223294920539,99.91623559113744
f90f77ef2799a27f80d90c425ca944f7,70.0,19.46,1,1,1,70.0,27.800000000000004,70.0,70.0,0.0005150223294920539,99.91675061346693
0a198e95d32b1be2da9424c962a6ebfa,69.99,16.68,1,1,1,69.99,23.83197599657094,69.99,69.99,0.000514948754873555,99.9172655622218
f3511c85f59f8dec53d140501ee8e7a8,69.9,8.11,1,1,1,69.9,11.602288984263232,69.9,69.9,0.0005142865833070654,99.91777984880511
b6c6854d4d92a5f6f46be8869da3fa1a,69.9,17.92,1,1,1,69.9,25.63662374821173,69.9,69.9,0.0005142865833070654,99.91829413538842
d9b00a97818674c7f8d8b1ef0e689679,69.9,9.18,1,1,1,69.9,13.133047210300427,69.9,69.9,0.0005142865833070654,99.91880842197173
4e92348462c75b6c842b994ce84a0ed4,69.9,15.59,1,1,1,69.9,22.303290414878397,69.9,69.9,0.0005142865833070654,99.91932270855504
ffcfefa19b08742c5d315f2791395ee5,69.9,9.62,1,1,1,69.9,13.762517882689554,69.9,69.9,0.0005142865833070654,99.91983699513835
b5d034ac251546e25afe9067f05c1539,69.9,15.37,1,1,1,69.9,21.98855507868383,69.9,69.9,0.0005142865833070654,99.92035128172166
d598f929fc44e1e38678e7f47250ec04,69.9,37.4,1,1,1,69.9,53.50500715307581,69.9,69.9,0.0005142865833070654,99.92086556830498
fe9d9cf8631285d5982c6e2cf27fb114,69.9,23.64,1,1,1,69.9,33.81974248927038,69.9,69.9,0.0005142865833070654,99.92137985488829
17998cf586426bf0f2c3726cb0a4b211,69.8,45.72,2,2,2,34.9,65.50143266475644,34.9,34.9,0.0005135508371220766,99.92189340572541
5587130f9850696ed7fafbc91c2cee44,69.8,33.69,2,2,2,34.9,48.26647564469914,34.9,34.9,0.0005135508371220766,99.92240695656254
edb65fe661681b1c0de8bd47c8655855,69.0,15.24,1,1,1,69.0,22.086956521739133,69.0,69.0,0.0005076648676421674,99.92291462143018
bbd3acfe6de99892e73940d3fdceaf68,69.0,24.55,2,2,2,34.5,35.57971014492754,34.5,34.5,0.0005076648676421674,99.92342228629782
e4253cef933647000a82ff39c67b7bde,68.0,40.73,2,2,2,34.0,59.897058823529406,34.0,34.0,0.000500307405792281,99.92392259370361
f3055483058c84d75ca2a3314fb4deef,67.5,35.79,1,1,1,67.5,53.022222222222226,67.5,67.5,0.0004966286748673377,99.92441922237848
723a46b89fd5c3ed78ccdf039e33ac63,66.64,23.4,1,1,1,66.64,35.114045618247296,66.64,66.64,0.0004903012576764354,99.92490952363615
a5ff20ff766e7f50bd5066f33da14413,66.59,43.58,2,4,3,16.6475,65.44526205135905,33.295,16.6475,0.0004899333845839411,99.92539945702073
c6381b1321d7d97717a5bb4ed5b77882,66.0,34.01,2,3,3,22.0,51.530303030303024,33.0,22.0,0.000485592482092508,99.92588504950282
d58d521f3789def2e7a22715e0badd93,65.98,18.22,2,2,1,32.99,27.614428614731736,32.99,32.99,0.0004854453328555103,99.92637049483568
76623fde66e6b63b59440fd34160512d,65.4,23.34,3,3,3,21.8,35.68807339449541,21.8,21.8,0.00048117800498257617,99.92685167284067
d4a5e99e0dd915df64ba55a7fbd583fd,65.15,84.6,2,6,2,10.858333333333334,129.85418265541057,32.575,10.858333333333334,0.00047933863952010457,99.92733101148019
52831e5990d0771cb4951d6f12928167,65.0,13.12,1,1,1,65.0,20.184615384615384,65.0,65.0,0.0004782350202426216,99.92780924650043
ad738d3fcf42655ed15c4960b7b6c601,65.0,15.89,1,1,1,65.0,24.446153846153848,65.0,65.0,0.0004782350202426216,99.92828748152067
447d377bdb757058acb569025ee18a93,64.99,18.02,1,1,1,64.99,27.72734266810279,64.99,64.99,0.0004781614456241227,99.9287656429663
c8771b1a10bb99bb34d3c459c5cffb53,64.9,31.2,1,1,1,64.9,48.07395993836671,64.9,64.9,0.0004774992740576329,99.92924314224035
cf281cf8b7affbdfe751b29cc85580e1,64.9,25.33,1,1,1,64.9,39.029275808936816,64.9,64.9,0.0004774992740576329,99.92972064151441
eb4a59a06b3948e851a7d7a830bcbc42,64.0,44.0,2,2,1,32.0,68.75,32.0,32.0,0.00047087755839273507,99.9301915190728
b452cb0ae35044c4a53179c39f49fb06,63.699999999999996,38.29,2,2,2,31.849999999999998,60.10989010989011,31.849999999999998,31.849999999999998,0.0004686703198377691,99.93066018939264
9e94fa26a70ede4d26226e918e8706a2,62.8,9.94,1,1,1,62.8,15.828025477707005,62.8,62.8,0.00046204860417287124,99.93112223799682
42fb44130ac3134cde8e35cf8ec7df25,62.699999999999996,36.44,3,3,2,20.9,58.11802232854865,20.9,20.9,0.0004613128579878826,99.93158355085481
f0ec78809fe0bc3edb11c9fe5b97b059,62.599999999999994,23.659999999999997,2,2,2,31.299999999999997,37.79552715654952,31.299999999999997,31.299999999999997,0.0004605771118028939,99.93204412796662
2cb98e27ce1c18abdb42209b34c382a7,62.49,57.21,1,1,1,62.49,91.55064810369659,62.49,62.49,0.00045976779099940647,99.93250389575762
56a8b450e802502ba53a9885ee38e29f,62.45,15.2,1,1,1,62.45,24.339471577261808,62.45,62.45,0.00045947349252541104,99.93296336925015
6a3139c7bf09ece22a4713d956acbe5e,61.9,14.74,1,1,1,61.9,23.81260096930533,61.9,61.9,0.0004554268885079734,99.93341879613865
f7c31656c19db6275a8acadca289f426,61.56,16.19,1,1,1,61.56,26.29954515919428,61.56,61.56,0.00045292535147901204,99.93387172149014
b3e2faf2c1004d674f16a3aa3197f0e1,61.47,33.77,3,3,3,20.49,54.93736782170164,20.49,20.49,0.0004522631799125222,99.93432398467004
1d0646a72178a6fb37ee8082140e06ec,61.0,36.62,2,2,2,30.5,60.03278688524589,30.5,30.5,0.00044880517284307556,99.93477278984288
7963e546f34e098b578f9ad102494601,60.99,21.23,1,1,1,60.99,34.80898507952123,60.99,60.99,0.00044873159822457677,99.93522152144111
be7a093e5b4d147b36b72bb1f9e415e5,60.9,22.36,1,1,1,60.9,36.71592775041051,60.9,60.9,0.00044806942665808695,99.93566959086776
83f2b4881141ce3fcd4e985125d3279e,60.7,40.68,3,3,3,20.233333333333334,67.01812191103788,20.233333333333334,20.233333333333334,0.0004465979342881096,99.93611618880205
9ac75591b69c3402684b6ce0310f22ee,60.5,9.17,1,1,1,60.5,15.15702479338843,60.5,60.5,0.00044512644191813236,99.93656131524396
e9e446d01bd10a97a8ffcfc4a3a20cb2,60.05,29.56,4,4,4,15.0125,49.225645295587015,15.0125,15.0125,0.00044181558408568344,99.93700313082805
24a6daf925d9d591870a66660416de31,60.0,30.08,2,2,2,30.0,50.13333333333333,30.0,30.0,0.0004414477109931891,99.93744457853904
7c462184585ae80bd6e5774c62ce50f2,60.0,17.64,1,2,1,30.0,29.4,60.0,30.0,0.0004414477109931891,99.93788602625004
85e7c62c1d6ea078c3897424f867a7c8,60.0,27.7,2,2,2,30.0,46.166666666666664,30.0,30.0,0.0004414477109931891,99.93832747396104
86649b1632b1c0e6c0bcb2c90a8b75d8,59.99,17.67,1,1,1,59.99,29.454909151525253,59.99,59.99,0.00044137413637469026,99.93876884809741
75fdd0a732287f9497b179f6bd445d32,59.9,16.18,1,1,1,59.9,27.01168614357262,59.9,59.9,0.00044071196480820044,99.93920956006222
6ebf4eceee4dd9847201c82e77ef8123,59.9,22.13,1,1,1,59.9,36.9449081803005,59.9,59.9,0.00044071196480820044,99.93965027202704
3e46a38ee171c503c3b4a3f23fe3bf0c,59.9,9.11,1,1,1,59.9,15.208681135225374,59.9,59.9,0.00044071196480820044,99.94009098399185
c240c4061717ac1806ae6ee72be3533b,59.9,13.99,1,1,1,59.9,23.35559265442404,59.9,59.9,0.00044071196480820044,99.94053169595666
9ef932e837d8b7f392c0bfee9d359dc2,59.9,19.66,1,1,1,59.9,32.821368948247084,59.9,59.9,0.00044071196480820044,99.94097240792148
0ee4fb99ac55ffbbc98795aa01b7f8fa,59.9,11.03,1,1,1,59.9,18.414023372287144,59.9,59.9,0.00044071196480820044,99.94141311988629
8fb67a334bacec338885b4e9e1708073,59.9,38.52,1,1,1,59.9,64.30717863105177,59.9,59.9,0.00044071196480820044,99.9418538318511
455f46ef09a9e45667e2981df84b5cc2,59.8,31.18,2,2,1,29.9,52.140468227424755,29.9,29.9,0.0004399762186232118,99.94229380806973
528ce32f560edd11add4169f6a5b65be,59.8,15.3,2,2,2,29.9,25.58528428093646,29.9,29.9,0.0004399762186232118,99.94273378428836
3da38366e7bd9baf6369071f782ecdf0,59.47,26.96,1,1,1,59.47,45.33378173869178,59.47,59.47,0.00043754825621274926,99.94317133254458
63704069d9bd3a75c1cf59babe56004a,59.3,7.39,1,1,1,59.3,12.462057335581788,59.3,59.3,0.0004362974876982686,99.94360763003228
db1f0f7c7e5e87f40b62226f020bb297,59.01,64.72,3,3,3,19.669999999999998,109.6763260464328,19.669999999999998,19.669999999999998,0.00043416382376180144,99.94404179385603
dd5450b022b2d00a2145a66331e1aef6,59.0,22.34,1,1,1,59.0,37.86440677966102,59.0,59.0,0.0004340902491433026,99.94447588410517
1d953075c2f0dd990bacf27b83b330f1,59.0,19.32,1,1,1,59.0,32.74576271186441,59.0,59.0,0.0004340902491433026,99.94490997435432
0af2ab31141893d26aca5a404a537dab,59.0,15.51,1,1,1,59.0,26.28813559322034,59.0,59.0,0.0004340902491433026,99.94534406460346
2f1e7b90e01d9f086cbcb301c0c3d406,59.0,12.66,1,1,1,59.0,21.45762711864407,59.0,59.0,0.0004340902491433026,99.9457781548526
fa18c782a4866d313cadab567097f8f1,58.99,19.65,1,1,1,58.99,33.31073063231056,58.99,58.99,0.0004340166745248038,99.94621217152712
d180e07dc1e58c31c3f0cd599dc4d945,58.8,14.16,1,1,1,58.8,24.081632653061224,58.8,58.8,0.00043261875677332533,99.9466447902839
cecd97bc34ed8330bd4cd15713eda670,57.99,18.51,1,1,1,57.99,31.919296430419042,57.99,57.99,0.0004266592126749173,99.94707144949658
cac4e0bc1a3269fa2b6ea5e763f6115b,57.88,50.14,2,3,2,19.293333333333333,86.62750518313752,28.94,19.293333333333333,0.00042584989187142974,99.94749729938844
48e5ee06fb2dc74df1c711a9b6dfac2a,57.0,45.3,1,3,1,19.0,79.4736842105263,57.0,19.0,0.00041937532544352964,99.9479166747139
ac9b01377919cdbd2a1bbb8d5837c70b,55.9,23.54,1,1,1,55.9,42.11091234347048,55.9,55.9,0.00041128211740865453,99.9483279568313
3e35a8bb43569389d3cebef0ce820f69,55.8,28.88,1,2,1,27.9,51.75627240143369,55.8,27.9,0.00041054637122366587,99.94873850320253
0b1ca3ef18a63d7eb0c8897fa0849c08,55.0,7.87,1,1,1,55.0,14.30909090909091,55.0,55.0,0.0004046604017437567,99.94914316360428
ebe3dabc4955c9b0d695e7bda38bf5c3,55.0,11.89,1,1,1,55.0,21.61818181818182,55.0,55.0,0.0004046604017437567,99.94954782400602
d85efbc8eff2b7adf524e2820569adc8,55.0,8.29,1,1,1,55.0,15.07272727272727,55.0,55.0,0.0004046604017437567,99.94995248440776
02a2272692e13558373c66db98f05e2e,54.98,38.870000000000005,2,2,2,27.49,70.6984357948345,27.49,27.49,0.00040451325250675895,99.95035699766026
c7246702dc991a06d788120dc7544391,54.86,17.66,1,1,1,54.86,32.19103171709807,54.86,54.86,0.00040363035708477254,99.95076062801735
c13fb473e7cb8b83ccd543c094df0608,54.8,28.72,2,2,2,27.4,52.40875912408759,27.4,27.4,0.0004031889093737793,99.95116381692672
26f6b7ab07be3e9e69ce82a6552efc19,54.8,25.95,2,2,2,27.4,47.35401459854015,27.4,27.4,0.0004031889093737793,99.9515670058361
d297f1055de2956aedfd3b04113dce3e,54.3,7.64,1,1,1,54.3,14.069981583793739,54.3,54.3,0.00039951017844883606,99.95196651601455
720e6cf846ea7572cbb66b743fb91e6c,54.0,14.55,1,1,1,54.0,26.944444444444443,54.0,54.0,0.00039730293989387024,99.95236381895444
c1552b1dab6e6f760950368ae61fb600,53.8,14.89,2,2,2,26.9,27.676579925650564,26.9,26.9,0.00039583144752389286,99.95275965040196
c161d1327ebc3a156c09582ab2f59f6c,52.99,23.34,3,3,2,17.663333333333334,44.04604642385356,17.663333333333334,17.663333333333334,0.00038987190342548483,99.95314952230538
a2a41aedb70551d4a85aa04dc2fced48,52.79,26.94,2,2,1,26.395,51.032392498579284,26.395,26.395,0.00038840041105550757,99.95353792271644
392f7f2c797e4dc077e4311bde2ab8ce,52.0,36.56,2,2,1,26.0,70.30769230769232,26.0,26.0,0.0003825880161940972,99.95392051073263
84c945f15571830c1a91a33978e94009,51.98,26.060000000000002,2,2,1,25.99,50.1346671796845,25.99,25.99,0.00038244086695709943,99.95430295159959
20d53aad4fe5ee93a64f8839609d3586,51.9,34.54,2,2,2,25.95,66.55105973025049,25.95,25.95,0.0003818522700091085,99.9546848038696
258447aad3f7b01e2643c89f64dc5647,51.9,19.55,1,1,1,51.9,37.66859344894027,51.9,51.9,0.0003818522700091085,99.9550666561396
07e8e8fc5222bb358e6f259da3197074,51.8,23.06,2,2,2,25.9,44.51737451737452,25.9,25.9,0.0003811165238241199,99.95544777266343
eaf6d55068dea77334e8477d3878d89e,51.0,33.01,3,3,2,17.0,64.72549019607843,17.0,17.0,0.0003752305543442108,99.95582300321777
535bf14f36346c7f59d87cece104d70c,50.0,7.77,1,1,1,50.0,15.54,50.0,50.0,0.00036787309249432427,99.95619087631027
5cf1ec37aea089f45110c70653a166ab,50.0,43.1,3,3,1,16.666666666666668,86.2,16.666666666666668,16.666666666666668,0.00036787309249432427,99.95655874940277
deaadd805612bf94faaa9fa702516e11,50.0,15.11,1,1,1,50.0,30.219999999999995,50.0,50.0,0.00036787309249432427,99.95692662249527
4d8809767a5bafe22909c77951fb6b41,50.0,8.72,1,1,1,50.0,17.44,50.0,50.0,0.00036787309249432427,99.95729449558777
d4f91e8be86b38da2ee35bc489645a9d,49.99,11.17,1,1,1,49.99,22.344468893778753,49.99,49.99,0.0003677995178758254,99.95766229510565
fe19dce63ae80346207c6c55713d1023,49.9,21.82,1,1,1,49.9,43.72745490981964,49.9,49.9,0.0003671373463093356,99.95802943245197
3ded4e2d5f135cb103e5949d7263d2dd,49.9,12.48,1,1,1,49.9,25.01002004008016,49.9,49.9,0.0003671373463093356,99.95839656979828
9140ef75cc8211c4035935e80e567204,49.9,22.28,1,1,1,49.9,44.649298597194395,49.9,49.9,0.0003671373463093356,99.9587637071446
7b3447b497e55af8c15fc7bd89d7b81a,49.9,20.75,1,1,1,49.9,41.583166332665336,49.9,49.9,0.0003671373463093356,99.95913084449091
e1a210d482714ce337763a19aef94ba4,49.9,26.61,1,1,1,49.9,53.326653306613224,49.9,49.9,0.0003671373463093356,99.95949798183723
2c2c9832d1bb38c5b0034a3b47d313ee,49.9,18.45,1,1,1,49.9,36.97394789579158,49.9,49.9,0.0003671373463093356,99.95986511918355
7315baebc0572ff220d226283dc66728,49.849999999999994,26.369999999999997,2,2,2,24.924999999999997,52.8986960882648,24.924999999999997,24.924999999999997,0.0003667694732168413,99.96023188865676
2c00c85d30361cd2ced2969cffbbffa3,49.8,7.71,1,1,1,49.8,15.481927710843374,49.8,49.8,0.00036640160012434695,99.96059829025688
d1a1b40ec554c593a1a99366746289dd,49.7,14.52,1,1,1,49.7,29.215291750503013,49.7,49.7,0.00036566585393935834,99.96096395611082
1b61fb1f0f2185d89e9a126c498e9cc7,49.7,16.11,1,1,1,49.7,32.414486921529175,49.7,49.7,0.00036566585393935834,99.96132962196475
42d4b7e70819438f5ada61c965e92d7e,49.6,51.18,1,3,2,16.533333333333335,103.18548387096773,49.6,16.533333333333335,0.0003649301077543697,99.9616945520725
ac137bac82ffa8548e62bd9d01d2a14f,49.6,9.34,1,1,1,49.6,18.83064516129032,49.6,49.6,0.0003649301077543697,99.96205948218025
e0487761face83d64fcada2408959a36,49.25,14.870000000000001,2,2,2,24.625,30.19289340101523,24.625,24.625,0.0003623549961069094,99.96242183717636
2ef086a599b597572aca4433b7ed6b3d,49.0,15.1,1,1,1,49.0,30.816326530612244,49.0,49.0,0.00036051563064443777,99.96278235280701
c963a25b8671419c6ce9eebe8fd03218,49.0,19.32,1,1,1,49.0,39.42857142857143,49.0,49.0,0.00036051563064443777,99.96314286843766
1f7dfad2cb384ea4d2d7e1ffbd78c407,49.0,8.29,1,1,1,49.0,16.918367346938773,49.0,49.0,0.00036051563064443777,99.9635033840683
ce33c6211beaa8fef4cae8b52db39862,49.0,14.52,1,1,1,49.0,29.632653061224488,49.0,49.0,0.00036051563064443777,99.96386389969895
d63f306de130e0391d38a792541723b8,49.0,7.6,1,1,1,49.0,15.510204081632653,49.0,49.0,0.00036051563064443777,99.9642244153296
29c322e3f09f886f8bacbe91dfbd979e,48.98,56.59,1,2,2,24.49,115.53695385871785,48.98,24.49,0.00036036848140744,99.964584783811
417a1e6c7321084d2a0ae0d023cfad93,48.9,12.48,1,1,1,48.9,25.52147239263804,48.9,48.9,0.0003597798844594491,99.96494456369547
5aaa890629f83706d8d9bfecd8377c1c,48.9,17.92,1,1,1,48.9,36.64621676891616,48.9,48.9,0.0003597798844594491,99.96530434357993
2e2f44824ab87a0cb961f68bf4073e7f,48.0,17.93,1,1,1,48.0,37.354166666666664,48.0,48.0,0.00035315816879455126,99.96565750174872
513a54369b6a8a6602fcb0e129c6d78d,47.8,14.86,2,2,1,23.9,31.08786610878661,23.9,23.9,0.000351686676424574,99.96600918842515
a3fa18b3f688ec0fca3eb8bfcbd2d5b3,47.8,36.46,1,2,1,23.9,76.27615062761507,47.8,23.9,0.000351686676424574,99.96636087510157
9d213f303afae4983637247556438ede,47.7,73.11,2,3,2,15.9,153.27044025157232,23.85,15.9,0.0003509509302395854,99.96671182603181
cad10cc982ab6a391570c211b995c17c,47.4,12.79,1,1,1,47.4,26.9831223628692,47.4,47.4,0.0003487436916846194,99.9670605697235
ae9690c6e8fee182c28c9ff8e11ca52c,47.4,12.41,1,1,1,47.4,26.181434599156116,47.4,47.4,0.0003487436916846194,99.96740931341519
baf15155e37ef5492731459bdc05be8a,47.0,8.72,1,1,1,47.0,18.553191489361705,47.0,47.0,0.0003458007069446648,99.96775511412213
7494d0dcba8551df6cf37f1b905dc2f7,45.9,17.07,1,1,1,45.9,37.189542483660134,45.9,45.9,0.0003377074989097897,99.96809282162104
51e0557bc7b86de13e946c60ee91ce39,45.8,17.6,1,1,1,45.8,38.42794759825328,45.8,45.8,0.000336971752724801,99.96842979337377
8629a7efec1aab257e58cda559f03ba7,45.22,18.89,1,1,1,45.22,41.77355152587351,45.22,45.22,0.00033270442485186687,99.96876249779862
9c351405b754cc5ce3e2ecf277bb034a,45.0,14.11,1,1,1,45.0,31.355555555555554,45.0,45.0,0.00033108578324489186,99.96909358358187
70ee69419916dc13e3aed619061f996c,45.0,8.72,1,1,1,45.0,19.37777777777778,45.0,45.0,0.00033108578324489186,99.96942466936511
2d8cfba3fcd3170555941605edaa196a,45.0,10.96,1,1,1,45.0,24.355555555555558,45.0,45.0,0.00033108578324489186,99.96975575514836
3338e7a0710a195872be80e0d2423867,45.0,20.43,1,1,1,45.0,45.4,45.0,45.0,0.00033108578324489186,99.9700868409316
1f2eebc0e970fd3c463e4f5d9652687a,44.99,8.48,1,1,1,44.99,18.848633029562126,44.99,44.99,0.00033101220862639296,99.97041785314023
5a4236931428800e9d9cc04af0987118,44.97,45.69,1,3,1,14.99,101.60106737825217,44.97,14.99,0.0003308650593893952,99.97074871819962
da3fede3469bf49b7293ce3fc45b294d,44.9,12.79,1,1,1,44.9,28.485523385300667,44.9,44.9,0.0003303500370599032,99.97107906823668
5415337f1863452476d42d9f14a16a61,44.9,23.45,1,1,1,44.9,52.2271714922049,44.9,44.9,0.0003303500370599032,99.97140941827374
e5545d4d4473876ea78c5bcebca365c3,44.5,12.97,1,1,1,44.5,29.146067415730336,44.5,44.5,0.0003274070523199486,99.97173682532606
cad9969167c09b48ae6f1d123f7fa68d,43.2,26.98,2,2,2,21.6,62.4537037037037,21.6,21.6,0.00031784235191509617,99.97205466767798
ed49da7cadefc454d6a67de249eab240,43.0,22.83,2,2,1,21.5,53.093023255813954,21.5,21.5,0.00031637085954511885,99.97237103853753
4125d9385a25e82d2f72d3a0fd55bc3f,42.9,18.4,1,1,1,42.9,42.890442890442884,42.9,42.9,0.0003156351133601302,99.9726866736509
05a48cc8859962767935ab9087417fbb,42.9,16.49,1,1,1,42.9,38.438228438228435,42.9,42.9,0.0003156351133601302,99.97300230876426
3a3c180dd702a725bd0ba4117689239e,41.9,35.48,1,1,1,41.9,84.67780429594272,41.9,41.9,0.00030827765151024373,99.97331058641578
749e7cdabbaf72f16677859e27874ba5,41.9,19.84,1,1,1,41.9,47.35083532219571,41.9,41.9,0.00030827765151024373,99.97361886406729
6561d6bf844e464b4019442692b40e02,41.9,7.55,1,1,1,41.9,18.01909307875895,41.9,41.9,0.00030827765151024373,99.9739271417188
b77a27b1864483e721dc831d5ba4afa0,41.8,28.619999999999997,2,2,2,20.9,68.4688995215311,20.9,20.9,0.00030754190532525507,99.97423468362413
a1ed30492b3b798bc121845bc4aa7366,41.8,23.7,1,2,1,20.9,56.698564593301434,41.8,20.9,0.00030754190532525507,99.97454222552946
16bdc8cefd0e32a6f0824d296c5ad14a,41.76,19.32,1,1,1,41.76,46.264367816091955,41.76,41.76,0.00030724760685125964,99.97484947313632
a213f1bd6458f4a158f3746cb2514559,41.52,14.43,1,1,1,41.52,34.7543352601156,41.52,41.52,0.0003054818160072869,99.97515495495233
9b1f656ca3060f8af17a50d8a024b533,41.0,47.68,2,2,2,20.5,116.29268292682926,20.5,20.5,0.0003016559358453459,99.97545661088817
c200c73f9d7e5a08ca439d6a0803da7c,40.0,28.2,1,2,1,20.0,70.5,40.0,20.0,0.0002942984739954594,99.97575090936216
edb58a1390adf273840030a3d6253829,39.9,18.38,1,1,1,39.9,46.06516290726817,39.9,39.9,0.0002935627278104708,99.97604447208997
d4828feed4cda2cd9d6b37899a95a71e,39.9,22.21,1,1,1,39.9,55.664160401002505,39.9,39.9,0.0002935627278104708,99.97633803481777
df683dfda87bf71ac3fc63063fba369d,39.9,16.05,1,1,1,39.9,40.225563909774436,39.9,39.9,0.0002935627278104708,99.97663159754558
fedaedd3ca31d56ab33e92035e4b361c,39.9,10.96,1,1,1,39.9,27.468671679197996,39.9,39.9,0.0002935627278104708,99.97692516027338
7caa63f175b1cecbfaadd8b5ab9998c7,39.8,20.53,2,2,2,19.9,51.582914572864325,19.9,19.9,0.00029282698162548206,99.977217987255
389e45560e33d2d0747f949dcddbc08e,39.0,8.43,1,1,1,39.0,21.615384615384613,39.0,39.0,0.00028694101214557293,99.97750492826715
e595809a6c31ec4314fd06ef198c244d,39.0,18.23,1,1,1,39.0,46.743589743589745,39.0,39.0,0.00028694101214557293,99.9777918692793
c74f14c1e26cf1bd5bd34b6a1e274426,39.0,16.79,1,1,1,39.0,43.051282051282044,39.0,39.0,0.00028694101214557293,99.97807881029145
0936e1837d0c79253456bbb2ffaaef10,38.9,31.12,1,2,1,19.45,80.0,38.9,19.45,0.0002862052659605842,99.97836501555742
2eeb6531ee027a48d401e72bebdd87d3,38.7,40.0,3,3,3,12.9,103.35917312661498,12.9,12.9,0.000284733773590607,99.97864974933101
d7ab82074b5f1dfba46db123df101bff,38.67,45.3,2,3,2,12.89,117.14507370054304,19.335,12.89,0.0002845130497351104,99.97893426238075
e72b4feb7abe210c52aa667abc25a3a2,38.2,17.44,1,2,1,19.1,45.654450261780106,38.2,19.1,0.00028105504266566375,99.97921531742341
ab75b89cc49c9ab3160d0c91565a442a,37.98,15.85,2,2,2,18.99,41.73249078462349,18.99,18.99,0.0002794364010586887,99.97949475382447
9200e6ce317b67196b6b0bad4d4bd567,36.9,14.52,1,1,1,36.9,39.34959349593496,36.9,36.9,0.00027149034226081126,99.97976624416673
e116c7455dd26a4d8c3e92532583905f,36.76,14.78,1,2,1,18.38,40.20674646354733,36.76,18.38,0.00027046029760182717,99.98003670446433
1d139e3a3b14025640d8df1b230aace0,36.49,34.69,2,2,2,18.245,95.06714168265276,18.245,18.245,0.0002684737829023579,99.98030517824722
67e43d802fde8cfd3f9580124f8167d1,36.0,42.36,2,3,1,12.0,117.66666666666667,18.0,12.0,0.0002648686265959135,99.98057004687382
baeda7047354773262ba2405f97038ba,35.0,15.1,1,1,1,35.0,43.142857142857146,35.0,35.0,0.00025751116474602697,99.98082755803857
3a52d63a8f9daf5a28f3626d7eb9bd28,35.0,17.78,1,1,1,35.0,50.8,35.0,35.0,0.00025751116474602697,99.98108506920332
c716e0b86ed568878475b60fbb6323ad,35.0,15.23,1,1,1,35.0,43.51428571428572,35.0,35.0,0.00025751116474602697,99.98134258036806
5206cc4bc2297c833e6061c49bf9c43f,35.0,10.96,1,1,1,35.0,31.314285714285717,35.0,35.0,0.00025751116474602697,99.98160009153281
50c361bcf670d16f6df4d52de3dff924,35.0,16.6,1,1,1,35.0,47.42857142857143,35.0,35.0,0.00025751116474602697,99.98185760269756
cb162c8eef257253782d245c08d9097c,34.99,14.13,1,1,1,34.99,40.382966561874824,34.99,34.99,0.0002574375901275281,99.98211504028768
e6ffc9ac6a7adc9d16a1cfc2286dd546,34.99,8.29,1,1,1,34.99,23.69248356673335,34.99,34.99,0.0002574375901275281,99.9823724778778
84deb808079d1be601c209c1e771b1cc,34.93,23.21,2,2,2,17.465,66.44718007443458,17.465,17.465,0.0002569961424165349,99.98262947402021
c1d1ebb4745cc43cb6f05e9c8a705c9a,34.5,42.67,3,3,3,11.5,123.68115942028986,11.5,11.5,0.0002538324338210837,99.98288330645404
66d5ae34537110d3affc56174dad2b2f,33.81,38.37,1,3,1,11.270000000000001,113.48713398402839,33.81,11.270000000000001,0.0002487557851446621,99.98313206223919
bee36b4f9a2b9fdcaff6ec05df202ed0,33.8,19.68,2,2,1,16.9,58.22485207100592,16.9,16.9,0.00024868221052616314,99.98338074444972
41958cbd3335433c8740300e8cd600d5,32.99,7.39,1,1,1,32.99,22.400727493179748,32.99,32.99,0.00024272266642775514,99.98362346711615
539ed9e19811677513447759be5eccfc,32.83,31.09,2,2,2,16.415,94.69996954005482,16.415,16.415,0.0002415454725317733,99.98386501258868
7d81e74a4755b552267cd5e081563028,32.5,7.49,1,1,1,32.5,23.046153846153846,32.5,32.5,0.0002391175101213108,99.9841041300988
6bcb2352a2a0c38b845f598298ab9d26,31.8,27.58,2,2,1,15.9,86.72955974842766,15.9,15.9,0.00023396728682639024,99.98433809738563
1a6245add4353f18ed55138808906979,30.0,9.34,1,1,1,30.0,31.133333333333336,30.0,30.0,0.00022072385549659455,99.98455882124112
d7f1cfc638473be93baedbfd02208016,30.0,17.14,1,1,1,30.0,57.13333333333333,30.0,30.0,0.00022072385549659455,99.98477954509661
fdf736c18c589ed030e058312203e1b2,30.0,14.51,1,1,1,30.0,48.36666666666666,30.0,30.0,0.00022072385549659455,99.9850002689521
9315e491484b1b0081ca166fc164108d,29.99,30.41,1,1,1,29.99,101.4004668222741,29.99,29.99,0.00022065028087809568,99.98522091923299
87b4428a334b8f676fd9a7f3bf544fb5,29.99,18.99,1,1,1,29.99,63.32110703567856,29.99,29.99,0.00022065028087809568,99.98544156951387
32f83ffe11cd40f7adcf4eef171f52d9,29.99,15.1,1,1,1,29.99,50.350116705568524,29.99,29.99,0.00022065028087809568,99.98566221979475
436bf27f2f18474fc6047702e9f8a866,29.9,14.52,1,1,1,29.9,48.561872909699,29.9,29.9,0.0002199881093116059,99.98588220790406
c43d924a0f1688ee9fae0efcd6f539d4,29.9,15.11,1,1,1,29.9,50.53511705685618,29.9,29.9,0.0002199881093116059,99.98610219601336
a09a13f18ed27932d08438aa6f12756e,29.9,16.11,1,1,1,29.9,53.879598662207364,29.9,29.9,0.0002199881093116059,99.98632218412267
2078fe5066350e7d220c0ad3a3bbc6c1,29.9,38.14,1,1,1,29.9,127.55852842809365,29.9,29.9,0.0002199881093116059,99.98654217223198
139157dd4daa45c25b0807ffff348363,29.9,7.78,1,1,1,29.9,26.02006688963211,29.9,29.9,0.0002199881093116059,99.98676216034129
28a26ebce31d5918b181ede016fd693b,29.9,17.14,1,1,1,29.9,57.324414715719065,29.9,29.9,0.0002199881093116059,99.9869821484506
3aa3c89ae3cd482385568be76120f63c,29.9,19.04,1,1,1,29.9,63.67892976588628,29.9,29.9,0.0002199881093116059,99.9872021365599
c97aa4ee7420f937da13b7f9e2228b99,29.9,6.66,1,1,1,29.9,22.274247491638796,29.9,29.9,0.0002199881093116059,99.98742212466921
c0e0b73d039eb9a99b6ce4cb7a429cd3,29.88,7.68,1,1,1,29.88,25.702811244979916,29.88,29.88,0.00021984096007460815,99.98764196562928
7b3f6ce5c6c22e9b96e7581ebf0df6e1,29.8,12.69,1,1,1,29.8,42.583892617449656,29.8,29.8,0.00021925236312661726,99.9878612179924
0336182e1b3e92f029d5354832045fdf,29.8,17.57,1,2,2,14.9,58.95973154362416,29.8,14.9,0.00021925236312661726,99.98808047035553
9996ae921c50e8dff411ac69c0b4bb8b,29.700000000000003,43.67,2,3,3,9.9,147.03703703703704,14.850000000000001,9.9,0.00021851661694162865,99.98829898697247
72c73be2b085b9d57650dd53eb2004c9,29.4,17.92,1,1,1,29.4,60.952380952380956,29.4,29.4,0.00021630937838666267,99.98851529635085
15aec03fe4cf30dfa574cf550f5ff5ff,28.9,10.96,1,1,1,28.9,37.92387543252595,28.9,28.9,0.0002126306474617194,99.98872792699832
1992f8fb6b19fcccd97ca819811e7267,28.8,11.22,1,1,1,28.8,38.958333333333336,28.8,28.8,0.00021189490127673078,99.98893982189959
c9d2ba8dde44a275ae06475ed1d2fafc,28.79,14.52,1,1,1,28.79,50.43417853421327,28.79,28.79,0.0002118213266582319,99.98915164322625
999f6d9a1c7c81f43be44c6b7d076210,28.0,22.83,2,2,1,14.0,81.53571428571428,14.0,14.0,0.0002060089317968216,99.98935765215805
9f56a7a649097b166d8ed286ad86a15c,27.98,23.04,2,2,2,13.99,82.3445318084346,13.99,13.99,0.00020586178255982385,99.98956351394061
b026643914f651e8371425e5b8a1e780,27.9,15.1,1,1,1,27.9,54.121863799283155,27.9,27.9,0.00020527318561183294,99.98976878712622
bf0d50a6410d487dc97d2baac0a8c0be,27.9,9.26,1,1,1,27.9,33.18996415770609,27.9,27.9,0.00020527318561183294,99.98997406031184
8b181ee5518df84f18f4e1a43fe07923,27.9,27.08,1,1,1,27.9,97.06093189964157,27.9,27.9,0.00020527318561183294,99.99017933349745
80146bc52c4f6af5239b23de2a20262b,27.1,49.68,1,2,1,13.55,183.32103321033208,27.1,13.55,0.00019938721613192375,99.99037872071358
f1fdf2d13186575751aa25876536d85c,26.3,8.29,1,1,1,26.3,31.52091254752851,26.3,26.3,0.00019350124665201457,99.99057222196024
70c0fda4c313d87115644d39e62eec60,25.99,37.09,1,1,1,25.99,142.708734128511,25.99,25.99,0.00019122043347854972,99.99076344239371
c12d7463a579237ffb9248bd7cff378b,25.9,8.72,1,1,1,25.9,33.66795366795367,25.9,25.9,0.00019055826191205995,99.99095400065562
6c9875b2f94ba781186f0c1aed8d1687,25.0,38.05,2,4,2,6.25,152.2,12.5,6.25,0.00018393654624716214,99.99113793720187
3820c6537b3853be1a0687d5a60807ec,25.0,10.96,1,1,1,25.0,43.84,25.0,25.0,0.00018393654624716214,99.99132187374812
7cb946b1ad19faebe28c3e86c2794ec3,25.0,15.1,1,1,1,25.0,60.4,25.0,25.0,0.00018393654624716214,99.99150581029437
3986c0b54f6b748b75e7bd4e092aa3e5,24.99,15.28,1,1,1,24.99,61.144457783113246,24.99,24.99,0.00018386297162866324,99.991689673266
38f276ca6e7cc95a6d1bb55ac9e5550f,24.99,11.85,1,1,1,24.99,47.418967587034814,24.99,24.99,0.00018386297162866324,99.99187353623762
33fd411ed63a7c2f9005e3f065d9f85d,24.9,18.23,1,1,1,24.9,73.21285140562249,24.9,24.9,0.00018320080006217347,99.99205673703769
1c83418358f249c9d6affa52d579db0e,24.9,14.52,1,1,1,24.9,58.31325301204819,24.9,24.9,0.00018320080006217347,99.99223993783775
bd43e172d599bed47a85da877172ca8c,23.92,18.27,1,1,1,23.92,76.37959866220734,23.92,23.92,0.00017599048744928474,99.9924159283252
bcd2d7510d58e293f20fad6438c1b314,23.9,15.56,1,1,1,23.9,65.10460251046025,23.9,23.9,0.000175843338212287,99.99259177166341
43753b27d77860f1654aa72e251a7878,23.9,42.38,1,1,1,23.9,177.3221757322176,23.9,23.9,0.000175843338212287,99.99276761500163
544863df86ed3b78a04e0820d41430ee,23.9,15.27,1,1,1,23.9,63.89121338912134,23.9,23.9,0.000175843338212287,99.99294345833984
2c54051840f19eca309a5423cf22df36,23.7,28.57,2,2,2,11.85,120.54852320675107,11.85,11.85,0.0001743718458423097,99.99311783018568
58b98ccb79873e04eac4357cacc590d9,23.0,8.91,1,1,1,23.0,38.73913043478261,23.0,23.0,0.00016922162254738915,99.99328705180822
5e063e85d44b0f5c3e6ec3131103a57e,22.9,7.42,1,1,1,22.9,32.40174672489083,22.9,22.9,0.0001684858763624005,99.99345553768458
bc8c8d665ec4664d286be0d521722b19,22.5,8.32,1,1,1,22.5,36.97777777777778,22.5,22.5,0.00016554289162244593,99.9936210805762
f9f68daa2af419d38f745478bcb3da1a,22.4,28.96,2,2,1,11.2,129.2857142857143,11.2,11.2,0.00016480714543745724,99.99378588772164
eb1bf309f4f6af9a97e9ddac3fdbeabe,22.3,8.88,1,1,1,22.3,39.82062780269058,22.3,22.3,0.00016407139925246863,99.9939499591209
0bb27263628258b8111a0262769fa9db,22.2,10.96,1,1,1,22.2,49.36936936936937,22.2,22.2,0.00016333565306747994,99.99411329477397
34675b28b826facfde119785bf287dc1,21.99,15.1,1,1,1,21.99,68.6675761709868,21.99,21.99,0.00016179058607900378,99.99427508536004
f09b760d23495ac9a7e00d29b769007c,21.9,17.19,1,1,1,21.9,78.49315068493152,21.9,21.9,0.00016112841451251401,99.99443621377456
98f52e1020fe788c10c0418de4393fec,21.6,15.1,1,1,1,21.6,69.90740740740739,21.6,21.6,0.00015892117595754808,99.99459513495052
afac9f6b0c4e5f0a7ee87e922cd0f873,20.99,11.85,1,1,1,20.99,56.45545497856123,20.99,20.99,0.0001544331242291173,99.99474956807474
e64ddbe1cbcf4f2fc3092b7c481f3f9d,20.9,7.39,1,1,1,20.9,35.35885167464115,20.9,20.9,0.00015377095266262754,99.9949033390274
e76ecc7e9a1a1e3c6df9d2a8261c423d,20.0,14.1,1,1,1,20.0,70.5,20.0,20.0,0.0001471492369977297,99.9950504882644
e0b162a693bc7f9eab00f783a31d60ea,20.0,29.69,1,1,1,20.0,148.45000000000002,20.0,20.0,0.0001471492369977297,99.99519763750139
455befea1bb853c75ccbca94cff26e5c,19.99,22.06,1,1,1,19.99,110.3551775887944,19.99,19.99,0.00014707566237923082,99.99534471316377
bb7ad8a45c027be8ab075b8e465f8ca0,19.98,32.64,2,2,1,9.99,163.36336336336336,9.99,9.99,0.00014700208776073198,99.99549171525153
d93b8458c6fe139d85cfa5eadbf55bd2,19.9,14.1,1,1,1,19.9,70.85427135678393,19.9,19.9,0.00014641349081274103,99.99563812874234
bac44fa8e13424950488659b5f765c41,19.9,14.52,1,1,1,19.9,72.96482412060303,19.9,19.9,0.00014641349081274103,99.99578454223315
668bf321538e5072858eaef6087ce027,19.9,8.11,1,1,1,19.9,40.753768844221106,19.9,19.9,0.00014641349081274103,99.99593095572396
0b46f784306be7200ca1700aa55d819f,19.9,10.96,1,1,1,19.9,55.07537688442212,19.9,19.9,0.00014641349081274103,99.99607736921477
63bc58679c44e8a998792119fd7ad23e,19.9,14.11,1,1,1,19.9,70.90452261306532,19.9,19.9,0.00014641349081274103,99.99622378270558
698624c6632eeba1774924dbea24c700,19.9,15.23,1,1,1,19.9,76.53266331658293,19.9,19.9,0.00014641349081274103,99.9963701961964
e174dc2de86d60fee178170a154c05e7,19.8,14.1,1,1,1,19.8,71.2121212121212,19.8,19.8,0.0001456777446277524,99.99651587394102
bd65d163ded559eb90a10cd09fec178f,19.8,18.68,1,2,2,9.9,94.34343434343434,19.8,9.9,0.0001456777446277524,99.99666155168565
8501d82f68d23148b6d78bb7c4a42037,19.7,10.96,1,1,1,19.7,55.634517766497474,19.7,19.7,0.00014494199844276376,99.99680649368409
9d69ba0a7a626a64dc5db08e529559cf,19.3,18.24,1,1,1,19.3,94.50777202072538,19.3,19.3,0.00014199901370280917,99.9969484926978
ce4755084bc097113867e6454f8f5e52,18.9,12.79,1,1,1,18.9,67.67195767195767,18.9,18.9,0.00013905602896285455,99.99708754872675
6c77cd583b36a13aacccf2b3ee23e233,18.9,12.79,1,1,1,18.9,67.67195767195767,18.9,18.9,0.00013905602896285455,99.99722660475571
82921991ff5b557b045605b8bbf08d49,18.9,18.23,1,1,1,18.9,96.45502645502646,18.9,18.9,0.00013905602896285455,99.99736566078467
804287717b9156fb7a787acd9af4fac1,18.8,15.1,1,1,1,18.8,80.31914893617021,18.8,18.8,0.00013832028277786592,99.99750398106744
13e85aac53340018b40c2af68001b7e0,17.8,14.12,1,1,1,17.8,79.3258426966292,17.8,17.8,0.00013096282092797944,99.99763494388837
eae9af4811c294c56795d70e715b7337,15.9,11.11,1,1,1,15.9,69.87421383647798,15.9,15.9,0.00011698364341319512,99.99775192753178
f3862c2188522d89860c38a3ea8b550d,15.5,12.79,1,1,1,15.5,82.51612903225805,15.5,15.5,0.00011404065867324052,99.99786596819045
c3e2398fcc7e581cda2e546557bf6968,14.9,15.23,1,1,1,14.9,102.21476510067113,14.9,14.9,0.00010962618156330863,99.99797559437202
20f0aeea30bc3b8c4420be8ced4226c0,14.9,14.52,1,1,1,14.9,97.44966442953019,14.9,14.9,0.00010962618156330863,99.99808522055359
b2f4d63c7203f539a78252565ca32257,14.9,20.84,1,1,1,14.9,139.86577181208054,14.9,14.9,0.00010962618156330863,99.99819484673516
a61cc04793308395a840807104365121,14.63,23.74,1,1,1,14.63,162.2693096377307,14.63,14.63,0.00010763966686383929,99.99830248640203
6576fd3e23c88f0e5d4d23f39bba0542,14.5,10.96,1,1,1,14.5,75.58620689655173,14.5,14.5,0.00010668319682335404,99.99840916959884
5b92bfa4120daa27c574daa2e386c693,14.0,10.96,1,1,1,14.0,78.28571428571429,14.0,14.0,0.0001030044658984108,99.99851217406474
fb503a924a0b9db19d83dd0ac6dbef8c,13.9,17.92,1,1,1,13.9,128.92086330935254,13.9,13.9,0.00010226871971342215,99.99861444278446
6614814a00d344b846ae209f95ee7e3f,13.0,12.69,1,1,1,13.0,97.61538461538461,13.0,13.0,9.56470040485243e-05,99.9987100897885
b5f0712d22a873b6797ab6cc65c3fcba,12.99,8.29,1,1,1,12.99,63.81832178598922,12.99,12.99,9.557342943002545e-05,99.99880566321794
c1dde11f12d05c478f5de2d7319ad3b2,12.5,7.39,1,1,1,12.5,59.12,12.5,12.5,9.196827312358107e-05,99.99889763149106
9e25199f6ef7e7c347120ff175652c3b,12.5,14.52,1,1,1,12.5,116.16,12.5,12.5,9.196827312358107e-05,99.99898959976419
7ab0dd5487bab2dc835337b244f689fb,12.5,10.96,1,1,1,12.5,87.68,12.5,12.5,9.196827312358107e-05,99.99908156803731
3d62f86afa7c73be2628a3be1423f5a0,12.0,42.42,2,2,1,6.0,353.5,6.0,6.0,8.828954219863782e-05,99.99916985757952
3ac588cd562971392504a9e17130c40b,11.9,7.39,1,1,1,11.9,62.100840336134446,11.9,11.9,8.755379601364917e-05,99.99925741137552
cc1f04647be106ba74e62b21f358af25,11.9,8.29,1,1,1,11.9,69.66386554621847,11.9,11.9,8.755379601364917e-05,99.99934496517153
344223b2a90784f64136a8a5da012e7f,10.9,16.79,1,1,1,10.9,154.0366972477064,10.9,10.9,8.019633416376269e-05,99.9994251615057
95cca791657aabeff15a07eb152d7841,9.99,18.23,1,1,1,9.99,182.48248248248248,9.99,9.99,7.350104388036599e-05,99.99949866254958
c18309219e789960add0b2255ca4b091,9.9,14.1,1,1,1,9.9,142.4242424242424,9.9,9.9,7.28388723138762e-05,99.9995715014219
0f94588695d71662beec8d883ffacf09,9.0,18.59,1,1,1,9.0,206.55555555555557,9.0,9.0,6.621715664897837e-05,99.99963771857854
4965a7002cca77301c82d3f91b82e1a9,8.49,7.87,1,1,1,8.49,92.69729093050648,8.49,8.49,6.246485110553626e-05,99.99970018342965
ad14615bdd492b01b0d97922e87cb87f,8.25,10.96,1,1,1,8.25,132.84848484848487,8.25,8.25,6.06990602615635e-05,99.99976088248991
34aefe746cd81b7f3b23253ea28bef39,8.0,14.52,1,1,1,8.0,181.5,8.0,8.0,5.8859694799091884e-05,99.99981974218471
702835e4b785b67a084280efca355756,7.6,10.96,1,1,1,7.6,144.2105263157895,7.6,7.6,5.5916710059137286e-05,99.99987565889477
1fa2d3def6adfa70e58c276bb64fe5bb,6.9,9.0,1,1,1,6.9,130.43478260869566,6.9,6.9,5.076648676421675e-05,99.99992642538153
77128dec4bec4878c37ab7d6169d6f26,6.5,8.72,1,1,1,6.5,134.15384615384616,6.5,6.5,4.782350202426215e-05,99.99997424888356
cf6f6bc4df3999b9c6440f124fb2f687,3.5,8.72,1,1,1,3.5,249.14285714285717,3.5,3.5,2.57511164746027e-05,100.00000000000003
